start	end	text
0	2000	Konec.
30000	32000	Konec.
60000	62000	Konec.
90000	92000	Konec.
120000	122000	Konec.
150000	152000	Konec.
180000	182000	Konec.
210000	212000	Konec.
240000	242000	Konec.
270000	272000	Konec.
300000	302000	Konec.
330000	332000	Konec.
360000	362000	Konec.
390000	392000	Konec.
420000	421000	Konec.
422000	423000	Konec.
424000	425000	Konec.
426000	427000	Konec.
427000	428000	Konec.
429000	429300	Konec.
430000	431000	Konec.
431000	433000	Konec.
433000	434000	Konec.
434000	435000	Konec.
435000	436000	Konec.
436000	438000	Konec.
438000	439000	Konec.
439500	440000	Konec.
440000	442000	Konec.
442000	444000	Konec.
444000	445000	Konec.
445000	447000	Konec.
447000	448000	Konec.
448000	453380	Vhle prezence je přítomen dostatečný počet členů, aby se zastupitelstvo mohlo usnášet.
454000	458660	Omluvení s dnešním zastupitelstva jsou pan Ivo Mitáček, paní Jana Bazilová,
458780	460800	pan Pavel Sekula, pan Česmír Vančura.
461480	463520	Dřívější odchod nahlásil pan Tomáš Dudák.
464300	467340	V distanční účastí se nepřihlásil žádný členu zastupitelstva.
468340	472200	K ověření zápisu z dnešního zasedání určují titočně zastupitelstva
472200	474980	to pana Romana Kaňovského a pana Stanislava Skálu.
474980	480440	Zápis z 25. zasedání zastupitelstva z dnešního zase 26. března
480440	482700	byl bez připomínek ověřen a podepsán.
484540	488660	Vážení členy zastupitelstva, nyní prosím provedeme volbu návrové komise.
489200	492480	Do návrové komise navrhuji titočení zastupitelstva,
492640	497680	a to jako předsedkyní paní Michalu Blahovou a jako členy paní Zuzanu Fischerovou
497680	501480	a pana Vřetislava Prchala. Máte někdo k tomuto návrhu připomínky?
504980	509520	Nikdo se do diskuze nehlásí, takže prosím pojďme hlasovat o návrové komisi tak,
509600	510600	jak jsem ji přednesl.
510600	525880	Pro 34. návrhová komise byla zkválena.
527080	530220	Vzhledem k tomu, že zjednání zastupitelstva města z dnešního zase 26. března
530220	532800	na audiovizuální záznam, který je online přenášen.
533060	535920	Žádám všechny diskutující s ohledem na příslušná zákona
535920	541260	a ustanovení o ochraně osobních údajů, aby ve svých projevech neuváděli,
541340	545080	po případě minimalizovali používání osobních údajů
545080	548880	a pouze případně uvedli odkaz na tento údaj v materiálech.
549640	553300	Jako další bod dnešního zastupitelstva je vystoupení občanů
553300	555220	a tímto předávám slovo panu Pémníkovi.
556180	557340	Děkuji, pane primátore.
558820	562880	Vážené dámy, vážení pánové, dle jednacího řadu zastupitelstva města Zlína
562880	567460	odstavce 7 článku 7 odstavce 2 vystoupení občanů sdělují,
567500	573500	že máme celkem 3 přihlášky z veřejnosti k vystoupení občanů k tomuto bodu.
574260	578720	Prvním vystupujícím je pan Pavel Šimeček, jenom upozorňuji,
578720	582840	že maximální délka vystoupení jsou 4 minuty. Prosím, máte slovo.
583300	589220	Dobrý den, pane primátore. Dobrý den, vážené zastupitelstvo.
590560	595120	Přicházím k vám kvůli události, která se mě stala zhruba před měsícem,
596260	601140	která mě překvapila, trochu zaskočila a přišla mě líto.
602820	606260	Chtěl jsem svým elektrokolem jet snědajím pindula a nahoru.
606260	615240	Pokoušel jsem se nastoupit na obecinách, kde mi bylo řidičem vzděleno,
615580	620660	že elektrokola se, že zákaz přepraví, že se nepřepravují.
620660	625700	Tento zákaz mě poněkud překvapil, jak už jsem řekl,
626580	630840	a vytanula mi na mysli událost zhruba před setmi lety,
630900	637920	kdy jsem si své elektrokolo pořizoval a to mi bylo 62 let.
637920	644020	Řekl jsem si, že se poradím o této koupi se svým synovcem,
646920	651320	který je mnohonásobný mistr republiky v silnější cyklistice,
651320	652980	tak proč nejít za odborníkem.
654320	658320	A můj synovec říkal elektrokola, nemám je rád.
658920	660200	Říkám, proč se ti provedla?
661180	663540	No tak si představ tu situaci, kdy já,
664180	666780	profesionální cyklista v tréninku si vědu,
666780	672040	jedu dlouhý kopec a předjede mě nějaký nýmand na elektrokole.
673000	673760	To naštve, že?
674620	677460	Tak jsme se souhlasili, že to musí naštvat,
677680	679240	společně jsme se tomu zasmáli.
679600	684480	No a já jsem si tuto situaci aplikoval na zlínské poměry,
685560	692720	kdy někdo mladý, krásný a možná i s dostatečnými rozhodovacími pravomocemi
692720	696640	si taky vyjel na elektrokole a předjel ho,
696780	701180	dědek jako já, nebo postarší paní.
702000	703880	No tak to samozřejmě naštve.
704840	706980	Já vám taky šlápnu na kuří oko.
707720	708460	Ale jak to udělat?
708520	710620	Nemůžu to svéc na to, že mě to ponížilo.
711800	715800	Dobrá, bezpečnost se dneska sklonuje ve všech pádech.
716220	718040	Má to baterii, je to nebezpečné.
718460	720240	Vyřadíme vás z MHD.
720240	722720	Je to pěkné.
723020	726320	Já sice souhlasím s tím, že určité nebezpečí to představuje.
727040	731400	Ovšem já vám navrhuji teda v tom případě další věci,
731560	734240	které jsou stejně nebezpečné, ba přímo nebezpečnější
734240	737020	a musíte je také aplikovat.
737520	741300	První věc je mobilní telefony, tablety.
742420	745480	Taky občas tyto baterie vybuchnou a zkusují požár.
746120	747820	Vyloučit z MHD, je to jasné.
748720	751240	Další věc je podstatně závažnější.
752840	756820	Představte si, že elektromobil vjede do parkovacího domu
756820	760480	na dlouhé ulici, několika patrového,
760480	764920	anebo vjede do krytého parkoviště pod kongresovým centrem.
766120	768360	Jeho baterie najednou začne hořet.
768520	772040	Představte si tuto eventuální situaci a stává se to.
773180	776260	Tak nám zhoří celé kongresové centrum,
777500	779520	proč se tato baterie nedá uhasit,
780160	783460	anebo nám zhoří parkoviště na dlouhé ulici
783460	784740	i s přilehlými obchody.
786240	788220	Nepředstavitelné zakázat.
788220	791700	Třetí věc, kterou bych rád připomněl,
792500	793860	vím, že před pár lety
793860	796960	dopravní společnost pořídila
796960	800180	trolejbusy, autobusy
800180	801780	bateriovým pohonem.
803260	805940	Náklad samozřejmě desítky milionů.
806720	807540	Nicméně,
808900	810600	tato baterie je
810600	813900	stokrát těžší, než baterie v elektrokole.
813900	816080	A v případě, že začne hořet,
817240	821860	tak samozřejmě, že ta teplota je v řádech stovek stupňů vyšší,
822000	822900	než u elektropola.
823900	825340	To nebezpečí obrovské.
826500	830860	Čili nezbývá, než tady tyto autobusy a trolejbusy vyřadit.
830860	833180	Já si moc mluvám čas.
834280	834660	Už?
834900	835740	Čtyři minuty.
836300	837820	Tak já jenom velice stupňu.
837820	838560	Dokončte věc.
838580	842200	Takže pokládám to za velice špatné.
842660	845800	Tyto návrhy jsou teda určitým způsobem
845800	847820	samozřejmě nesmyslné, jsou to ptákoviny.
848420	851000	Ale o co větší ptákovina je,
851320	852960	když tady zakazujete elektrokola.
853080	855300	A jenom velice krátká poznámka na závěr.
856800	859160	Zkuste si u prodejců elektrokol zjistit,
859160	862940	jaká je věkové složení těch, co si je pořizují.
862940	865340	Jsou to ženy vyššího středního věku,
865920	868640	45, 50 plus a 60 plus.
869000	870420	Jenom ještě dokončím,
870800	874440	žádná společnost na světě neostraktizuje
874440	877780	a nešikanuje starší muže a starší ženy.
877900	878860	A já budu doufat,
879440	884080	že Zlín zůstane demokratickým a solidním městem,
884620	886020	který si tyto věci nedovolí.
886120	887260	Děkuji vám za pozornost.
887480	888340	Taky vám děkuji.
888340	890860	Tak, jak jste si zaškrkl v přihlášce,
891820	893560	písemně vám odpovíme do 30 dnů.
893720	894260	Děkuji vám.
894740	896180	Druhým vystupujícím pan Hrůza.
896180	907480	Dobrý den, dámy a pánové.
908000	909640	Dobrý den, pane primátore.
910580	913160	Tak jak jsem v minulosti slípil,
913340	915600	tak dodržuji tento slíp
915600	920800	a vyjádřím se ke zvýšení domovních daní.
920800	926820	Je to nemožné, jak okolí to zvedli.
927180	932560	Minulý týden jsem obdržel k zaplacení složenku,
933280	935020	tak jsem se domníval,
935180	937800	že to bude to snížení dělat víc.
937800	941540	Ale je to pořád šestkrát víc,
941640	943960	než před těmi třemi lety.
944420	946920	Což se mně nelíbí
946920	950900	a rozhodně také spoustě druhých lidí.
952160	955080	No, dále bych chtěl upozornit,
955080	960300	že ty náklady, co máte
960300	965560	s tou akcí toho více účelového domu
965560	968840	a jiných, na kterou si berete
968840	972540	značnou půjčku u komerční banky.
972980	975440	Nevím, proč zrovna komerční,
975580	977240	to je francouzská banka.
977900	980220	To, když máte družbu s Francií,
980340	983460	tak neznamená, že musíte mít francouzskou banku.
983460	987420	No, jsou tady spousta bank i českých,
987760	989700	tak ty bychom mohli podporovat.
989780	990800	Nerozumím tému,
991820	993400	třeba mi to někdo vysvětlí.
994120	996760	Není o všem, nejde jenom o peníze,
996880	997720	jde taky o to,
998140	1000360	že byste měli být solidární,
1000480	1003240	protože třeba takové ty české banky
1003240	1005140	docela dost podporují tady
1005140	1008020	místní sportovce, hokejisty a podobně.
1008740	1010880	No, dále bych chtěl upozornit,
1010880	1014300	že je tady velice dobře vedený
1014300	1016400	ten magazin z lín.
1016900	1022460	Opravdu je tam vytýšené hlavně pochvaly
1022460	1026120	a jsou tam uvedení,
1026420	1027880	včetně fotografiích.
1028340	1029440	Tady hlavně lidé,
1029560	1031080	kteří tady sedí vepředu
1031080	1035500	a ti drobní, co jsou zastupitelé,
1035860	1037000	na ty se nedostane.
1038000	1042260	Ti prostě nemají tu samou propagandu.
1042900	1047440	No, tak je to 930 tisíc výtisků
1047500	1049300	a když to má každý v rukou,
1049380	1051160	tak to má nějakou sílu.
1051160	1054040	No, tak buďme přímeji v to.
1054860	1058060	No, dále bych chtěl také upozornit
1058060	1060000	na to zadlužování.
1060520	1064060	Tomáš Baťa, jeho kredo a heslo bylo,
1065120	1069980	buďte věřitele nikoli v dlužnici.
1070480	1072880	No, ale tady je to vedené obráceně.
1073440	1076060	Čím víc, ale je to i na jiných místech,
1076380	1077580	čím víc se zadlužit,
1077580	1079900	mi je to lepší. No, takový je trend.
1080100	1081900	Dále pan Baťa skutečně,
1082380	1084100	to bylo teďka pořád o něm,
1084200	1085160	tak to vzpomínali
1085160	1087720	a toto prohlásil.
1088800	1091400	No, dále bych chtěl upozornit,
1091400	1093400	že opět začne
1093400	1096760	po dokončení té přeložky,
1096900	1099700	té silnice, co vede na Velikovou,
1100100	1102920	se rozkopávat ulice Zámecká,
1103380	1105000	protože se tam bude dělat
1105000	1107780	nová připojka v plínu.
1108480	1110680	No a tak je to trochu divné.
1110780	1112040	Já jsem tam zažil už,
1112520	1113860	co se dělala ta cesta,
1114260	1116600	se znovu rozkopávala ohledně káblů,
1116660	1118060	ale to byl krátký úsek.
1118560	1120160	No, tak teďka to bude holší.
1120160	1124100	No a tak to je tak dané.
1124320	1127180	No ale jinak budu už končen,
1127220	1130300	nebudu tady trčet dál,
1131040	1132420	nic kam to nevede,
1132540	1134860	bez tak na nic to nezměním,
1135020	1138780	takže bych to doklepal do těch voleb nějak
1138780	1141360	a pak už bych to mám chuť zabalit.
1141480	1144220	To určitě budou mít spoustu lidí radost,
1144220	1146440	ale opravdu to nikdo nevede,
1146760	1149120	protože ty odpovědi jsou takové,
1149560	1151900	že škoda mluvit.
1152360	1154820	Jo a děkuji za slyšení.
1155040	1157000	Děkuji za dodržení časového limitu,
1157060	1157580	pane Hruza.
1158500	1159580	Před tím vystupujícím,
1159780	1160520	pan Šaur,
1160680	1162140	poprosím z mikrofonu.
1163800	1165000	Děkuji, máte slovo.
1165840	1166240	Děkuji.
1166240	1169160	Vážený pane primátore,
1169280	1170480	vážené zastupitelky
1170480	1172380	a vážení zastupitelé.
1173100	1174720	Navazují na naši petici
1174720	1177600	a na problematiku rozšíření
1177600	1179820	parkovacích míst u věžových domů.
1180900	1184000	Děkuji magistrátu za obsálou odpověď
1184000	1187360	týkající se bývalé čerpací stanice
1187360	1190320	u domu čisopopisné 861.
1190920	1193280	Z odpovědi však vyplývá
1193280	1196400	několik poměrně závažných skutečností.
1197280	1199140	Město historicky potvrdilo
1199140	1201460	existenci čerpací stanice
1201460	1202460	v daném prostoru.
1204040	1205400	Zároveň ale uvedlo,
1206160	1209100	že nemá dokumentaci
1209100	1211860	o odstranění podzemních nádrží.
1212980	1213500	Neví,
1213500	1215980	zdají jsou nádrže stále v zemi.
1217020	1220880	Nemá statické ani geotechnické posouzení.
1220880	1225020	Neeviduje ekologickou zátěž
1225020	1229780	a zároveň nemá plán dalšího řešení.
1230600	1231440	Jinými slovy,
1232220	1234080	město dnes vlastně neví,
1234720	1236840	co se pod tímto územím nachází.
1237860	1239420	Přesto se celá věc
1239420	1242620	uzavírá pouze konstatováním,
1242620	1246760	že lze předpokládat,
1247760	1250480	že likvidace proběhla správně.
1252040	1253980	Já se proto chci zeptat
1253980	1255720	velmi jednoduše a prakticky.
1256500	1259620	V místě stále existují poklopy
1259620	1262100	po bývalých podzemních nádržích.
1262760	1264800	Proč je město neotevře
1264800	1268020	a neověří skutečný stav?
1268020	1272720	Nemluvím o žádné drahé investici
1272720	1273960	ani rozsáhlé sanaci.
1274660	1276480	Mluvím o základním technickém
1276480	1278200	ověření reality v terénu.
1278920	1281740	Protože pokud město nemá dokumentaci,
1282400	1283420	nemá posudky
1283420	1284740	a neví,
1285300	1287520	zda tam nádrže jsou nebo nejsou,
1287520	1289520	pak přece to není normální,
1290760	1292620	aby po 40 letech
1292620	1295960	vycházelo jen z domněnek.
1295960	1299040	A současně připomínám,
1299740	1301780	že obyvatele věžových domů
1301780	1305000	dlouhodobě řeší kritický nedostatek
1305000	1306160	parkovacích míst.
1306980	1309400	Byla by škoda předem odmítat
1309400	1311620	možné řešení parkování
1311620	1312460	jen proto,
1313120	1314540	že město nikdy
1314540	1317280	pořádně neprověřilo
1317280	1318540	stav území
1318540	1320940	po bývalé čerpací stanici.
1321440	1322360	Děkuji za pozornost.
1325960	1334500	Já dovolím si jednou krátkou reakci.
1334920	1336560	My jsme samozřejmě začali
1336560	1338300	prověřovat dokumentaci,
1338400	1341320	protože je to více jak 40 let,
1341460	1342840	kdy ta čerpací stanice
1342840	1344840	byla uzavřena.
1345440	1346320	Takže jsme začali tím,
1346420	1347500	že jsme jak na katastru,
1347600	1349160	tak ve státním archivu naklečůvce
1349160	1350920	chtěli dohledat dokumentaci k tomu,
1351260	1353140	jestli ta čerpací stanice byla
1353140	1355160	odstraněna tak, jak bývalo
1355160	1356040	v té době zvykem,
1356140	1357460	to znamená na základě
1357460	1358620	projektových dokumentací,
1358700	1359680	případně rozhodnutím
1359680	1361060	stavebního úřadu v té době.
1361520	1362900	To se nám prokázat nepodařilo,
1363020	1364280	to znamená předpokládáme,
1364400	1366360	že v té zemi ty nádrže jsou.
1366820	1367920	Dalším krokem samozřejmě
1367920	1369480	bude odevření těch nádrží.
1369600	1370160	Předpokládáme,
1370260	1371060	že jsou zasypány
1371060	1372480	nějakým inertním materiálem,
1372620	1375040	protože na těch nádržích
1375040	1376200	vyrostla zeleň,
1376300	1377260	v současné době tam
1377260	1378660	zeleň neustále je
1378660	1379540	a nikdy jsme tam
1379540	1380600	žádné problémy,
1380640	1382340	co se týká ekologické zátěže,
1382680	1383440	nezaznamenali.
1383880	1385360	Takže myslím si,
1385740	1386780	nevím, jestli je přítoven
1386780	1387800	šef v městské zeleně,
1387900	1389640	ale je to majetkově spadající
1389640	1390360	pod městskou zeleň
1390360	1392020	a plánujeme tam samozřejmě
1392020	1393020	ty nádrže otevřít
1393020	1394020	a podívat se, co tam je.
1394180	1395540	Takže na příštím zastupitelstvu,
1395620	1396980	případně písemně vám odpovíme,
1397100	1398340	tak jak žádáte,
1398800	1400400	jak ten průzkum dopadl.
1400940	1402440	Jenom průběžná informace.
1402440	1404160	A děkuji za zdržení
1404160	1406540	časového rámce
1406540	1408880	a to byl poslední vystupující.
1409340	1410240	Víc přihlášek nemám,
1410340	1411720	pane primátore, předávám slovo.
1417720	1419200	Děkuji všem vystupujícím
1419200	1420060	i panu tajemníkovi
1420060	1421640	za vedení tohoto bodu
1421640	1424020	a budeme pokračovat dál,
1424140	1426520	co znamená dalším bodem programu
1426520	1428260	je schválení dnešního programu
1428260	1430320	zasedání zastupitelstva města Zlína.
1430320	1433500	Dne 12. května 2026
1433500	1435200	byl uvolněn doplněný návrh
1435200	1436900	programu, do které byl zařazen bod,
1437820	1438840	kterým je nesouvlast
1438840	1440700	s vymezením akcelerační oblasti
1440700	1443320	AOS 5 Malenovice,
1444660	1446140	který jste spolu s ostatní materiály
1446140	1447560	obdrželi v elektronické podobě
1447560	1449120	a v programu je otíslován tak,
1449580	1451520	jak byl dodatečně zařazen.
1452340	1453380	Tam se znamená někdo
1453380	1454960	navržený programu připomínky
1454960	1455700	či doplňky.
1458000	1459340	Poprosím pana Skálu.
1460320	1462060	Vážení zastupitelé,
1462220	1463260	vážené vedení,
1463540	1464100	radnice,
1464300	1465360	řeknu to zkráceně,
1466160	1468940	nebo v polovině roku 24
1468940	1470960	jsme schválili bezpatnou dopravu
1470960	1472620	seniorů od 80 let.
1473620	1475160	Já jsem si dál tu práci
1475160	1476500	a prověřil jsem,
1476660	1477680	jak je to v republice.
1478880	1480320	Byl jsem z toho velmi zklamený,
1481100	1482300	tak jsem zajel jenom
1482300	1483480	na moravské kraje
1483480	1485780	a na moravské statutární města.
1486780	1487840	A realita je taková,
1487840	1489940	vzal jsem za Čech jenom Prahu.
1489940	1492020	Tam je to od 65 let,
1492540	1494020	Brno od 70 let,
1494560	1496460	Ostrava od 65 let,
1496920	1498720	Olomouc od 65 let.
1500020	1501620	Průměrný věk dožití
1501620	1503200	v České republice
1503200	1504900	u mužů 77 let,
1505060	1507320	už jen 83 let.
1507680	1509720	Ta naše hranice je prosrandu.
1509720	1512060	Většina mužů se prostě
1512060	1513780	nesveze zadarmo bez líně.
1515340	1516480	Takže já by navrhoval,
1516540	1517800	abychom tu hranici snížili
1517800	1518400	na 72.
1525400	1526720	Můžu teda se zeptat,
1526720	1527760	když si navrhujete,
1528200	1529600	aby se do dnešního,
1529600	1532620	do dnešního zastupitelstva
1532620	1535280	přidal bod týkající se
1535280	1537520	jako z...
1537520	1539060	A máte takový návrh,
1539140	1539580	prosím,
1540420	1541220	jako písemně.
1543060	1544000	Tak můžeme to udělat tak,
1544060	1544900	že to nachystáte,
1545020	1545980	proč taky teda ten bod
1545980	1547180	a abychom vůbec měli
1547180	1547920	o čem hlasovat
1547920	1548620	teda do příštího zastupitelstva.
1549440	1549740	Protože to,
1549840	1551320	že tady řeknete ten návrh,
1551440	1552960	jako tomu rozumíme asi všichni,
1552960	1554420	víme, co se tím chce říct.
1555080	1557000	A já bych to otevřel v diskuzi,
1557300	1559300	že tam víceméně není problém,
1559360	1560700	abychom to tam prozečili tam.
1560700	1563180	Ale my v současné chvíli
1563180	1565180	jako nejsme podle mě schopni
1565180	1566500	řešit usnesení,
1566600	1567900	pokud ho nemáme navržené,
1567980	1569500	nemáme vlastně vůbec podklady
1569500	1570340	k tomu jednání,
1570420	1571900	protože co se týká,
1571980	1572760	abychom o tomto měli
1572760	1573760	relevantně rozhodnout,
1573900	1574380	tak si myslím,
1574440	1575540	že bychom měli mít podklady
1575540	1576760	o tom, kolik by to město
1576760	1578320	z ní stálo navíc
1578320	1579660	a další vlastně,
1579660	1580920	další aspekty
1580920	1583520	a vedle toho také předjednanou
1583520	1584160	tuto,
1584920	1585940	nebo aspekty otevří
1585940	1586860	tuto jednání také
1586860	1587880	s městním Otrkovice,
1590700	1592300	a neschválí město Otrkovice,
1592420	1593660	tak to je vlastně k ničemu.
1594440	1594720	To znamená,
1594780	1596200	protože na změně tarifu
1596200	1596960	musí být souhlas
1596960	1598040	obou zastupitelstv
1598040	1599420	jako v měst Zlína,
1599520	1600140	tak Otrokovic,
1600220	1601180	takže tam je potřeba
1601180	1602820	opravdu ty věci jednak
1602820	1604960	předjednávat s Otrokovicemi
1604960	1605700	a druhá věc je,
1605760	1606780	že opravdu pokud o to máme
1606780	1608040	řešit a hlasovat,
1608600	1609280	tak bychom měli mít
1609280	1610600	u sebe relevantní informace
1610600	1612080	o tom, kolik by to reálně stálo,
1612160	1612780	kdyby to mělo dopad
1612780	1613840	na rozpočet města Zlína.
1613840	1619940	A tam se s nás dělali srandu,
1620060	1621360	že koupujeme na jedné straně
1621360	1624160	za desítky a stovky milionů
1624160	1626000	elektrické trolejbusy
1626000	1626840	a na druhé straně
1626840	1628000	máme nejvyšší hranici
1628000	1631100	pro seniory v České republice.
1631220	1632360	Myslím si, že je to sluda,
1632520	1633880	že bychom se na tým měli zamyslet.
1634240	1636120	Jestli to budeme projednávat
1636120	1636840	na příštím zastupitelstvu,
1637760	1639840	já jsem to chtěl navrhnout
1639840	1641080	proto, aby neřekl,
1641160	1642960	že je to předvolební akce.
1643840	1646220	No, můžeme si o tom říkat,
1646300	1647360	jak chceme, každopádně
1647360	1649380	já za sebe jenom řeknu jednu věc.
1650580	1651740	Seniori ve Zlíně
1651740	1654320	nejezdí za tisíce korun ročně.
1655240	1656660	Ve Zlíně je senior pás,
1656760	1658840	který stojí, pokud si pamatuju,
1658940	1660460	správně 600 korun na rok.
1661220	1662480	To znamená, když to vezmete,
1662600	1663340	je to 600 korun,
1663400	1664740	kdybyste to viděl do teda 12,
1665080	1665760	tak se bavíte,
1665840	1668080	že to je 50 korun měsíčně.
1668620	1670240	Já nevím, jestli 50 korun měsíčně
1670240	1671360	je tak vysoký výdaj,
1671480	1673080	který by ten senior nemohl dát,
1673080	1675180	jako já chápu, že je trend
1675180	1678040	a populistickým způsobem
1678040	1679160	tady všechno říkat,
1679260	1680240	že je všechno zadarmo,
1680780	1682360	ale my na městskou hromadnou dopravu
1682360	1685660	doplácíme přes 220 milionů korun ročně
1685660	1687580	a jako začít tvrdit,
1687660	1688480	že to je zadarmo,
1688600	1689740	to prostě tak není.
1690280	1690960	Takže za mě,
1691640	1693460	jako to, že někdo má zaplatit
1693460	1695440	50 korun měsíčně za to,
1695520	1696540	že může jezdit jak chce,
1696800	1698940	podle mě není jako nějaký vysoký výdaj
1698940	1700080	a nemyslím si za sebe,
1700080	1704040	že bychom jako tohle měli nějakým způsobem rušit.
1704180	1706000	Jako srovnávat město Zín s Prahou,
1706000	1708120	tak když už se bavíte v Praze,
1708220	1709720	tak prosím tam zkuste teda dojednat,
1709820	1710780	stejně jak tam jednám já,
1710880	1712600	že dostaneme v rámci rozpočtu
1712600	1715240	učení daní místo 22 067
1715240	1717220	a pak to doje městskou hromadnou dopravu,
1717300	1718360	dejme když je pro všechny zdarma.
1718360	1721440	Ale my srovnáváme jabka s ruškami
1721440	1724280	a ten důvod, proč ve Zlíně
1724280	1726800	je vlastně ta hranice od ta,
1726940	1727940	řekněme takto výšší,
1728060	1730340	pro ty obročany, kteří mají jezdit zdarma,
1730900	1732620	je ten důvod, že jsme nechtěli,
1733080	1734720	aby měli problémy s vyřizováním
1734720	1735940	právě toho senior pasu,
1736060	1737620	protože samozřejmě už v tomto věku
1737620	1739240	jezdit na dopravní podnik
1739240	1740740	a domlouvat se a vlastně řešit tady
1740740	1742280	vyřízení toho senior pasu
1742280	1743900	prostě je pro ně náročné.
1743900	1746500	Ale ta myšlenka nebyla o tom,
1746600	1748900	že se nemají žádným způsobem podílet
1748900	1750900	na, řekněme, na provozu
1751480	1753020	městské hromadné dopravy,
1753140	1754500	ale opravdu, abychom odlehčili
1754500	1755340	ty administrativy.
1755740	1757640	A prostě ty věci opravdu v něco stojí.
1760400	1762400	Koro penězí, tam jde o to.
1762880	1765000	Já jsem si teď dal tu práci,
1765100	1766800	několikrát jsem tou dopravou jel
1766800	1769880	v době od 9 do 12 hodin
1769880	1772900	a ta doprava není úplně vytížená,
1772900	1774240	takže myslím si, že kdyby tam
1774240	1776460	těch pár seniorů se svezlo zadarmo,
1776880	1777780	souvisí to i s tím,
1777880	1779920	že ti seniori tam držíjou starší auta
1779920	1781260	na sídlišti, kterýma jedou
1781260	1783280	třikrát, čtyrikrát za měsíc.
1783860	1785120	To by mohli udělat klidně
1785120	1787040	za jedci nakoupit nebo k doktorovi
1787040	1789080	tím trolejbusem, pokud jelom je zadarmo.
1789500	1791300	Vy potřebujete prázdný parkovič,
1791300	1793100	či to souvisí, to není jenom o penězi.
1793100	1797500	Jak říkám, pokud o tom máme hlasovat,
1797580	1798860	tak tomu za mě musí být připraveny
1798860	1800900	relevantní podklady, které k dnešním hodin
1800900	1802540	nejsou tady na stole.
1802720	1804600	Takže pokud já nemám problém
1804600	1806160	se o tom tady bavit, ale prosím,
1806240	1807880	dejme si na stůle jako relevantní data,
1808420	1810300	ať vůbec víme, jaký to má případně dopad,
1810300	1813700	to, že některé spoje nejsou tak vytížené,
1813840	1816160	tak v tom případě se taky může říct
1816160	1818260	jako návrh, že teda pojďme zrušit,
1818260	1820660	jestli teda chceme se bavit o nějaké ekonomice,
1821260	1823080	což si taky nemyslím, že je úplně správně.
1823680	1827160	A jako argumentace, že seniori mají
1827160	1830220	někde zaparkovaná auta, která využívají,
1830280	1832140	a když budou mít tu městskou hromadu dopravu
1832140	1834920	o 50 Kč měsíčně levnější,
1834920	1836720	tak ji začnou využívat i na nákupy,
1836800	1838120	tak to si myslím, že oba dva víme,
1838220	1838960	že asi nesmysl.
1839500	1843580	Takže jakoby prakticky můžeme se o tom bavit,
1843680	1844940	já s tím nemám vůbec problém,
1844940	1848700	ale pokud to má být na programu zastupitelstva,
1849320	1851620	tak prosím dodržujme jednací řád
1851620	1853200	zastupitelstva města Zdíná
1853200	1856380	a zároveň pokud je tedy nějaký bod,
1856460	1857280	který se má přidat,
1857400	1858760	tak k němu musí být podklady,
1858920	1860840	aby bylo o něm jak hlasovat.
1860840	1862960	To znamená, to není v současné chvíli
1862960	1864800	návrh na změnu usnesení,
1864920	1868760	to znamená u bodů, který máme v programu
1868760	1870720	a máme k němu informace,
1871260	1874160	ale vlastně aktuálně nemáme ty podklady,
1874160	1875660	co se týká například té ekonomiky
1875660	1876560	a důpadu na rozpočet.
1876660	1879280	Takže prosím, já to vůbec neodmítám,
1879340	1880440	tu debatu, ale prosím,
1880500	1881900	nejme k tomu relevantní data napřed.
1883440	1884560	Prosím, že pana Skálu.
1885940	1886680	Můžu ještě?
1886680	1890240	Já bydlím na silišti v Malenovicích,
1890360	1892720	to je siliště, které je postavené zhruba 60 let,
1892840	1894700	tam těch starších lidí je poměrně hodně
1894700	1899320	a myslím si, že toto opatření by nemuselo stát tolik peněz,
1899360	1902360	a že by dopravní podnik třeba na příští zastupitelstvu
1902360	1904460	mohl udělat nějaký návrh,
1904600	1906340	kolik podle jeho představ by to stálo.
1906340	1911760	Určitě jsme schopni zajistit ty informace,
1911920	1913800	abych se vám to rozesla, to není problém,
1913940	1915520	ale prakticky proto já vám říkám,
1915620	1918340	že dneska ty informace nemáme k dnešnímu dní,
1918480	1920500	tak jenom prosím, pokud se o to máme bavit,
1920980	1923200	tak mějme i všechny informace, to je za mě celé.
1923620	1925440	Poprosím, že náměstka Miroslava Chalánka.
1927140	1928840	Já děkuji za slovo, pane primátore.
1930160	1931860	Hezké dopoledne, dámy a pánové.
1931860	1934800	Já jenom krátkou reakci přes ty peníze.
1936340	1943240	Pan primátor říkal 65 až 80 600 korun celý odpás,
1943340	1945000	to znamená korunou 80 na den.
1947200	1950380	V případě, že půjdeme s tou hranicí níž,
1950460	1954180	tak samozřejmě z tržeb dopravního podniku něco vypadne.
1954260	1959160	Dá se říct, že zhruba 10 let je nějakých 7 až 8 milionů korun.
1959160	1963160	Ta otázka je, někdo to bude muset zaplatit.
1963160	1967560	To znamená, že máte dvě možnosti.
1967740	1971620	Buď toto vezmete ze salda, to znamená z té investiční rezervy,
1971700	1974440	o které se tady bavíme, že ji budeme používat,
1975260	1979080	anebo zvýšíte určité, pokud to chcete vyrovnat vevnitř,
1979160	1986920	tak v rámci stanovení ceníků to přenesete na určitou skupinu lidí.
1986920	1990940	Můžete to převést, na děti to nepřeneseme,
1991420	1994900	takže na tu nejpočetnější skupinu těch pracujících právě,
1995080	1998060	to jsou ty rodiny s dětmi, které dneska tu hromadnou dopravu
1998060	1999240	využívají nejvíc.
1999660	2002320	Samozřejmě jsou tam nejvíc zastoupení jak tržbami,
2002320	2005520	tak vlastně tou samotným využíváním.
2005840	2008140	To znamená, že jestli něco navrhujeme,
2008540	2010740	tak já jsem pro, ať se o tom pobavíme,
2011220	2014800	je potřeba si říct ty čísla a navrub, čeho to půjde.
2014800	2020800	Protože to někdo bude muset tomu dopravnímu podniku zaplatit.
2021360	2024420	A nebo potom musíme říct, že snížíme,
2025860	2027480	když by tady bylo 8 milionů korun,
2027480	2032820	tak musíme snížit kilometry o nějaký kilometry,
2032900	2035780	to znamená, že tu obslužnost toho území začneme omezovat,
2036220	2038920	což samozřejmě zase pro tu nejpočetnější skupinu
2038920	2041760	není dobrá zpráva, protože oni ju nejvíc využívají.
2041760	2045600	Takže dostáváte se prostě do toho systému,
2045700	2047840	který my považujeme za spravedlý v tom,
2048320	2054480	že pokud ho někdo využívá v nějaké výši a v nějakém rozsahu,
2054880	2060120	tak prostě se na něm bude nějakou úrovní podílet.
2060120	2067440	A úroveň této skupiny obyvatel je koruna 80 za senior pas denně.
2067440	2072380	Já to ještě doplním o jednu informaci.
2073380	2078540	V současné době probíhá jednání mezi městem Zlínem a Zlínským krajem
2078540	2081920	o opravdu plné integraci městského hromadné dopravy
2081920	2085000	do integrované dopravy Zlínského kraje.
2085000	2087640	V současné době tato integrace funguje,
2087840	2089520	prostřednictvím aplikace Fertig.
2090060	2094020	A na druhou stranu vnímáme samozřejmě ty potřeby
2094020	2097000	o nějakým způstobem té integraci plnohodnotné.
2098240	2101040	A v případě, že k ní dojde, že se domluvíme na podmínkách,
2101180	2105000	tak vlastně přejdeme v rámci tarifu na podmínky
2105880	2108780	to, co má Zlínský kraj, to znamená 75 let.
2109220	2111000	Od 75 let je to více mi jako zadarmo.
2111000	2114100	To znamená, toto je v rámci toho jednání samozřejmě,
2114220	2116480	že musíme pak sjednotit tady ty ceníky,
2116880	2118840	včetně té věkové hranice.
2119020	2120820	Takže tam jenom, ať si to tady řekneme,
2120980	2124820	že ta jednání probíhají, ale mají spoustu návazností
2124820	2126920	právě finančních, které prostě řešíme.
2127580	2131160	A pokud k tomu dojde, podaří se to dojednat,
2131700	2134240	tak tu danou chvíli je samozřejmě,
2135440	2139220	stane se samozřejmě také i ta snížení té hranice
2139220	2140680	věkové procesování zdarma.
2141820	2142960	Poprosím ještě pana Skálu.
2146040	2150720	Je to finančně třeba náročné někdo dát čísla na stůl,
2151140	2154300	ale nemůžete mi vykládat, že v Ostravě jsou jiné podmínky,
2154380	2157040	v Olomouci jsou jiné podmínky, v Brně jsou jiné podmínky
2157040	2158400	a z lín je nejhorší.
2160220	2161480	To je trochu moc.
2162760	2164140	Já vás poprosím.
2164140	2167960	Tak znova, říkám to tady už jako dlouhodobě
2167960	2170240	a myslím si, že nechci se úplně opakovat.
2170240	2172440	Jediné, co je relevantní na srovnání,
2172500	2173500	je více méně Olomouc,
2173540	2175380	ale musíme si říct, kolik má Olomouc obyvatel,
2175440	2176540	jaké služby nabízí,
2177260	2180160	nebo když řeknete, že v Olomouci jsou,
2181300	2183040	můžeme říct si srovnatelné služby,
2183140	2184020	jako jsou ve Zlíně,
2184020	2187920	ale výsledku se na ně skládá zhruba 100 tisíc obyvatel,
2188000	2191180	zatímco ve Zlíně se na ně skládá 75 tisíc obyvatel.
2191280	2194220	Takže my vlastně jsme o, když to odečtete CEC,
2194220	2197420	nějaký 20 tisíc obyvatel krát,
2197500	2200360	i kdyby to bylo krát, 20 tisíc korun,
2200820	2202960	tak se dostáváte na 400 milionů korun.
2203620	2205860	A od 400 milionů korun my máme menší rozpočet
2205860	2207600	a oni mohou mají naopak vyšší
2207600	2210640	a můžou z tohoto platit různé tyto služby.
2211360	2214160	Co se týká, prosím, Prahy, Plzeň, Brna, Ostravy,
2214540	2215860	nesrovnávěme se s nimi,
2216420	2219660	protože tam ta hra je úplně jiná,
2220140	2223020	protože Plzeň, Brna, Ostrava dostává na občana
2223020	2226600	z rozpočtučení daní 37 tisíc korun.
2227220	2229680	Takže to je, jestli my dostáváme 22 tisíc,
2229780	2231680	tak oni dostávají na každého občana
2231680	2233280	zhruba o 15 tisíc navíc.
2233280	2236620	Takže to srovnání je, prosím, nás úplně mimo mísu
2236620	2238500	a přestaňme tohle, prosím, dělat.
2239100	2241700	A naopak napněme všichni své síly, kontakty
2241700	2243200	a všechny možnosti, které máme,
2243280	2245240	aby se konečně rozpočtučení daní změnilo,
2245400	2247800	protože jinak si tady budeme přesně tyto debaty
2247800	2249800	neustále vést a dívat se,
2249940	2253560	proč to v těch čtyřech zvýhodněných městech jde
2253560	2254700	a v ostatních to nejde.
2255280	2257120	To je prostě pořádat, co můžeme bavit,
2257160	2258460	jak chceme, vždycky je to o penězích.
2258460	2259820	Vždycky na těch penězích skončíme.
2260960	2262140	Poprosím ještě pana Chalánka.
2264140	2265980	Pak se doplním pana primátora.
2266880	2268500	Pane Skálo, je to takhle.
2269240	2271060	Řeknu to na placato.
2271700	2275540	Kdyby z lín měl 90 tisíc obyvatel,
2276160	2279100	tak co se týče vozového parku a nákladů,
2279420	2281460	spojené vlastně s provozem té dopravní společnosti,
2281460	2283620	by se nemuselo stát vůbec nic.
2284880	2287560	Možná by nám ty náklady zrostly o 2 %.
2287560	2292000	Ale prostě my chceme ve městě,
2292080	2293920	které má 70 tisíc obyvatel
2293920	2296640	a kde máte jakýsi limity z lískaté přepravy,
2297160	2300460	vybudovat síť městské dopravy,
2300960	2303820	která obslouží to území a ten počet obyvatel.
2304340	2306360	A samozřejmě já taky jezdím trolejbusem.
2306660	2310260	A taky jezdíme, nejede ten trolejbus úplně plnej,
2310260	2312700	tam by se vešlo daleko víc lidí.
2312960	2317260	Ale prostě ten poměr toho přepravovaných lidí
2317260	2323480	a té dopravy, nebo nákladu té dopravy,
2323620	2327360	prostě máme ten poměr těch 70 tisíc lidí
2327360	2329040	vůči tomu dopravnímu podniku,
2329380	2331260	není úplně ideální.
2331400	2334580	A tudíž kulhá to srovnání, o kterém vy říkáte,
2334980	2337860	kolik je to, co si může dovolit Olomou,
2337920	2339120	za co si můžeme dovolit my.
2339120	2343200	Pan Kocháň víc lidí než 70 tisíc z hlediska té přepravy
2343200	2343800	mít nebude.
2344420	2347620	A vozový park máme postavený možná na 80,
2347800	2349880	že bychom byli teď schopni přepravovat,
2350280	2352500	aniž bychom museli cokoliv z hlediska
2352500	2355020	vlastně nákladu té společnosti udělat.
2355020	2359360	To je ta výkonová spotřeba, prostě tam nějakým způsobem pro nás
2359360	2362820	není výhodná, ale prostě s tím nic neuděláme.
2362980	2365520	Tudíž to, co říkáte, a má to jakousi logiku,
2365580	2367700	já tomu rozumím, jako srovnání,
2368040	2372440	tak jako srovnáváme něco, co úplně srovnávat nelze.
2372440	2375460	A vyvozovat z toho záběry, proč oni a proč ne my,
2375460	2378520	bohužel ty podmínky jsou jiné.
2380280	2382320	Dobrá, já jenom poprosím, vzhledem tomu,
2382360	2385660	že jsme v bodu návrh programu dnešního jednání,
2385840	2388540	já teda poprosím, vrátíme se zpátky do toho,
2388600	2391840	jakým způsobem hovoří jednací řád zastupitelstva města Zlína
2391840	2395740	a já v tuto chvíli beru, že tu je návrh pana Skály
2395740	2403560	na zařazení bodu snížení limitu pro snížení věkové hranice
2403560	2407940	pro městskou hromadnou dopravu ve Zlíně
2407940	2411220	pro občany, kteří by jezdili zdarma
2411220	2414800	a dám prosím hlasovat o tom,
2414940	2419480	jestli tento bod chceme zařadit na program dnešního jednání.
2420400	2422960	Takže prosím pojďme hlasovat o tom,
2422960	2425120	jestli tento bod, který návrh pan Skála,
2425620	2428140	bude zařazen na program dnešního jednání zastupitelstva.
2433560	2445940	Pro deset, takže tento bod na jednání zastupitelstva dneska nebude
2445940	2449280	a prosím, když tak dořežeme si ten zbytek ještě v diskuzi klidně,
2449420	2450480	ať to můžeme otevřít.
2451020	2453940	Každopádně, myslím si, že ty informace k tomu dneska zazněly.
2454680	2455940	Poprosím ještě pana Skálu.
2455940	2458660	Děkuji těm, kteří to podpořili,
2458780	2460980	protože si uvědomili, že jednou budou taky staří
2460980	2464600	a že budou rádi, když budou mět možnost
2464600	2466380	kdykoliv nasednout na trolejvu,
2466500	2469420	zazající k doptorovi a nedržet kvůli tému auto.
2470500	2473840	Nicméně jsou rád, že se tím budeme aspoň zabývat,
2473840	2477320	takže třeba dozrajeme k tomu, aby jsme to udělali.
2479540	2481620	Já jenom doplním možná informací jednu
2481620	2483700	a už pojďme, prosím, půjdeme dál.
2483700	2488120	Senior v současné době existuje ve zimě senior taxi,
2488360	2490840	takže není pravdou, že si musí držet auto,
2491000	2493260	aby dojel na nákup anebo k panu doktorovi.
2494020	2496280	Potřeba si říct, že ta služba tady také existuje.
2496460	2499920	Takže jenom prosím, neříkejme tady věci,
2499920	2502100	které jsou určitými domněnkami
2502100	2506120	a není to prostě úplně asi relevantní k tomu vodu.
2506640	2509560	Poprosím ještě ráměstka Mirka Chalánka s technickou.
2510120	2512140	Je jenom krátkou technickou na pana Skálu.
2512140	2514260	Já teda počítám taky s tím,
2514380	2516160	že jednou budu starý, akorát,
2516560	2519180	a že budu využívat, že si ten senior pas koupím
2519180	2522800	a že na to finančně budu připravený.
2525020	2526540	Počítám taky s tím, že se stavnu.
2526880	2529140	Dobrá, děkuji. Poprosím ještě pana Kocháně.
2530520	2531800	Prosím vás, pane Skála,
2532060	2534140	zlejný k tomu, že čísla, o kterých vy mluvíte,
2534140	2536460	mě hodně zajímají, tak vím,
2536920	2540880	že z hlediska ročního růstu senior pasů
2540880	2545300	jsme ve srovnání meziročním nahoře.
2545940	2549200	To znamená, ti naši občané využívají to městskou dopravu
2549200	2553940	a pochopili, co je to senior pas v těch cenách,
2554260	2555140	které tam dáváme.
2555140	2561160	Dobrá, prosím vás, máme, máte někdo něco dalšího,
2561200	2562980	co se týká programu dnešního jednání,
2563060	2565380	kromě bodů, který byl navržen a nebyl schválen
2565380	2566740	na zařazení dnešního jednání,
2566820	2569120	který případně prosím probereme dále v diskuzi?
2570960	2572000	Pane Skála.
2573900	2576700	Já jenom chci říct, že to beru,
2577060	2580060	že to neprošlo ten návrh, je to demokratický,
2580800	2584860	ale myslím si stejně, že by o tom se mělo přemýšlet,
2584860	2588180	protože kdybyste žili na tém sydlišti,
2588300	2590060	tak vidíte, jak to tam běží
2590060	2592140	a ono, ten život je trochu jinak,
2592180	2593240	jak ho vidíme tady mý.
2593600	2594800	Děkuji za pozornost.
2596600	2601960	Dobrá, děkujem a já teda poprosím náměstek Michala Čížek.
2603580	2605900	Já vás zdravím, já si neodpustím to komentovat
2605900	2606960	a doufám, že to uzavřu.
2607800	2609880	Pane Skála, to nebylo, že se o tom nechceme bavit,
2610260	2613260	jenom jako to je mimořádný bod na zastupitelstvo.
2613420	2614360	Proč jako dneska?
2614360	2615820	Když to tady funguje x let,
2616340	2618380	tak se pojďte potkat, pojďme si o tom pohovořit
2618380	2620560	a dejme to jako normální bod třeba na zastupitelstvo.
2621280	2622560	A jestli si to nezavnímal,
2622640	2623600	tak pan privantová říkám,
2623720	2626740	že s krajem vyjednáváme integraci
2626740	2629080	a dojde k automatickému snížení té hranice,
2629140	2630100	nemusíme dělat vůbec nic.
2630500	2631700	Jestli to chcete ještě níž,
2632380	2633000	pojďme se o tom bavit,
2633080	2634840	ale ne na mimořádný bod zastupitelstva.
2635540	2636660	Nechme si předlužit nějaké data,
2636760	2637900	pojďme se o tom bavit jako betekla.
2637900	2640200	Čili dneska jsme zamítli,
2640260	2642080	aby to bylo mimořádný bod zastupitelstva,
2642160	2643120	ne, že se o tom nebudeme bavit.
2643420	2643680	Děkuji.
2645620	2646380	Dobrá, děkuji.
2648300	2649860	Má nějaký další návrh
2649860	2651900	na úpravu dnešního programu zastupitelstva?
2653800	2655420	Nikdo se do diskuze nehlásí,
2655540	2656900	takže prosím, pojďme hlosovat
2656900	2660940	o návrhu programu 26. zaseň
2660940	2663000	zastupitelstva města Zdína,
2663120	2664220	tak jak jste ho dostali
2664220	2667360	v rámci aktualizace dne 12. května.
2678360	2682960	Pro 36. program 26. zaseň
2682960	2685580	zastupitelstva města Zdína byl schválen.
2685580	2687620	Násled je bod číslo 4,
2687840	2689420	kterým jsou rozpoštová opatření.
2690240	2692060	Poprosím náměstka Mirka Chalánka
2692060	2693800	o komentování tohoto bodu.
2694960	2696720	Já děkuji za slovo, pane primátore.
2697420	2699700	Já, pokud budou dotazy,
2699820	2700640	samozřejmě odpovím,
2700800	2701900	ale já bych vás poprosil
2701900	2705080	o doplnění tabulce číslo 6,
2705540	2706380	řádek 3,
2706680	2709000	kde se jedná o transakci
2709000	2710660	týkající se stezi,
2711360	2713180	protože my tam vlastně
2713180	2715160	pro letošní rok snížujeme,
2715160	2717100	snižujeme tu dotaci
2717100	2719140	na úhradu pro kazatelné ztráty.
2719780	2720820	Jestli si vzpomínáte,
2721100	2724220	je to částka do 100 milionů korun,
2724300	2725680	takovou pro letošní rok.
2725840	2727040	V tuto chvíli snižujeme
2727040	2732580	o 3 miliony 684 tisíce korun.
2732580	2736020	A já bych vás tam poprosil
2736020	2737180	vlastně v této části
2737180	2737800	o doplnění,
2737800	2739140	že se jedná o smlouvu,
2739220	2740600	protože z toho textu
2740600	2742000	údajně z hlíska
2742000	2744820	našeho právního oddělení
2744820	2746760	nám chybí číslo té smlouvy,
2746820	2747800	aby jsme to měli úplně perfektní.
2748520	2749960	A ta smlouva je číslo
2749960	2753880	20.0026.004
2753880	2755840	ze dne 5.1.
2756800	2758720	Jinak ta transakce je taková,
2758780	2760660	že my to v letošním roce snižujeme
2760660	2762220	a vlastně
2762220	2764240	prostřednictví dohadných položek
2764240	2765560	navýšujeme ten rozpočet
2765560	2768460	smlouvy toho plnění
2768460	2769520	z loňského roku
2769520	2770500	pro rok 25.
2770920	2771940	Je to z důvodu toho,
2772080	2774120	že v rámci vlastně
2774120	2775640	účetní uzávěrky
2775640	2777600	posouzení vlastně
2777600	2778940	všech těch věcí,
2779060	2780660	které se během toho roku 25
2780660	2781520	se staly,
2781700	2782160	to znamená,
2782220	2783800	že tam během roku 25
2783800	2785600	jsme dávali další objekty
2785600	2787360	a ty měly samozřejmě
2787360	2788920	nějaké náležitosti
2788920	2790300	z hlíska náklady,
2790380	2791600	z hlíska toho provozu,
2791800	2792900	údržby a zprávy,
2793360	2794160	tak vlastně ten
2794160	2795160	loňský rok
2795160	2795820	navýšujeme
2795820	2796760	prostřednictvím
2796760	2797880	prostřednictvím
2797880	2798720	dohadných položek
2798720	2800040	od tu samou částku,
2800140	2801860	takže v rámci rozpočtu
2801860	2802680	je to neutrál,
2803140	2804160	v tom letošním roce
2805640	2807360	na úhradu vlastně
2807360	2808140	ještě toho,
2808460	2809860	nebo posílení toho rozpočtu
2809860	2811080	jako za rok 25.
2813460	2815020	Dobré, děkuji za to doplnění
2815020	2815980	a otvírám diskuzi
2815980	2817160	k tomuto bodu číslo 4.
2819660	2820880	Do diskuze se nikdo?
2821020	2822900	Poprosím Kateřinu Francovou.
2824380	2825600	Dobré, dopoledne všem.
2825840	2826660	Já tady mám jenom
2826660	2827680	takový jeden dotaz,
2827840	2828280	takový možná
2828280	2829300	trošku prakticky.
2830300	2831040	Máme tady zase,
2831140	2833180	schvalujeme příspěvek
2833180	2833920	Městskému divadlu
2833920	2836360	z dýny na úhradu
2836360	2838000	na pronájem zábran.
2838580	2839480	Mně ta částka připadá
2839480	2840180	docela velká.
2840300	2840740	Říkám si,
2840900	2842000	jak dlouho tam ty zábrany
2842000	2843140	ještě plánujeme.
2843300	2844180	Jestli by nebylo dobré
2844180	2844900	už si je koupit,
2845020	2846280	protože by mě zajímalo,
2846340	2847420	kolik jsme za to vynaložili,
2848020	2849180	kolik nás to ještě bude stát,
2849260	2849780	jestli bychom třeba
2849780	2851080	neušetřili trošku tím,
2851480	2852120	že bychom to třeba
2852120	2853680	nemovitostí by si to pořídili.
2855900	2856920	Já se přiznám,
2856980	2857800	že nevětšíme to řešili
2857800	2859160	na platforme zastupitelstva
2859160	2859900	nebo v rámci
2859900	2861240	jenom zastupitelských plubů.
2861720	2862760	Každopádně jsme to řešili
2862760	2863540	už v lonském roce
2863540	2864760	nebo jsme to prověřovali
2864760	2866380	a vlastně vycházelo nám z toho,
2866380	2867800	že kdybychom to koupili,
2867960	2869480	tak nás to stojí mnohem víc
2869480	2870540	než v současné době.
2871000	2872200	Každopádně je potřeba říci,
2872360	2873860	že podoběhla soutěž
2873860	2875620	na opravu fasády,
2875700	2876420	kdy v současné době
2876420	2877420	se kontrolují nabídky
2877420	2878340	a předpokladáme,
2878460	2880320	že v radě 25. května
2880320	2881380	bude materiál
2881960	2883580	o rozhodnutí výběru dodavatele
2883580	2887120	a nechci teďka predikovat,
2887280	2887900	že ještě nemá,
2887940	2889000	ještě neprobylá komise,
2889500	2890680	to znamená každopádně
2890680	2892360	posunuli jsme se k tomu,
2892360	2893780	že by se divadlo mělo
2893780	2894480	konečně dostat,
2894620	2895840	jako dočkat opravy
2895840	2896760	a tím pádem tady,
2896880	2898040	říkáme to lešení,
2898080	2899000	už nebudeme muset řešit.
2903840	2904440	Můžu?
2905140	2905760	Jo, pardon.
2905760	2911340	Do 36.
2911660	2912520	To znovu na uviníme,
2912700	2914220	jak říká pan primátor,
2914660	2915980	teďka máme vysoktěžené,
2916120	2917380	takže předáme staveniště
2917380	2918580	a potom už by ten náklad
2918580	2920060	jako za náma nešel.
2922420	2923600	Zbratiku, poprosím ještě
2923600	2924560	Kateřil Francovou.
2924640	2925900	Já jsem měla jenom ještě
2925900	2926580	jeden dotaz.
2926800	2928720	Tady je 6,5 milionů
2928720	2930060	na vybudování hřiště
2930060	2932160	na Přílukách.
2932840	2933860	Určitě ano, je to super.
2933980	2934500	A chci se zeptat,
2934560	2935340	kde to hřiště je?
2935340	2937140	Jenom to je stávající,
2937240	2937860	které se bude?
2938580	2940820	To je hřiště na Příluku,
2940960	2941900	které, když vlastně máte
2941900	2942860	to fotbalové hřiště,
2942920	2943620	tak naproti tomu,
2943680	2946260	když se stavil nový přivaděč
2946260	2948340	s odstavným parkovištěm,
2949120	2950580	tak původně v tom projektu
2950580	2952000	byla ještě i plochá
2952000	2953400	vlastně na tady toto hřiště.
2954300	2955180	K tomuto hřiště,
2955240	2956300	kterého výstavbě nedošlo,
2956440	2957500	protože jsme se nedohožili
2957500	2959060	trošku spory z právě
2959060	2960000	s fotbalovým klubem
2960000	2960940	zkaze pozemky.
2965340	2966760	toho prostě už se to nestihlo
2966760	2967720	dát vůbec do projektu,
2967800	2968440	protože jsme se taky
2968440	2969200	nebyli schopni dohodnout,
2969280	2970680	jaký tam má být povrch a podobně,
2970780	2971500	protože jsme se snažili
2971500	2972420	být jakoby stříc
2972420	2973260	s fotbalovému klubu
2973260	2974160	a zároveň jsme říkali,
2974260	2974960	že to má sloužit
2974960	2976240	celému Příluku,
2976360	2977840	nikoliv pouze fotbalovému klubu.
2978560	2980060	V současné době můžeme říct,
2980120	2981280	že jsme se s fotbalovým klubem
2981280	2981900	dohodli na tom,
2981980	2982860	jaký tam má být povrch,
2982860	2983940	a tím pádem doděláváme
2983940	2984740	tuto investici
2984740	2985540	a bude to vlastně
2985540	2986580	v těsném sousedství
2986580	2987920	toho stavného parkoviště
2987920	2989460	naproti já se jít
2989460	2990420	v fotbalovému klubu.
2992840	2993700	Další se hlásí
2993700	2994580	pan Tomáš Dudák.
2996840	2997980	Dobré dopoledne,
2998040	2998780	dámy a panové,
2998880	2999580	pane primátore,
2999660	3000500	děkuji za slovo.
3001300	3002700	Já vám prosím dvě otázky.
3002700	3004000	Jedna návazná
3004000	3005520	na paní kolegyní.
3006120	3007620	Jestli v tuto chvíli
3007620	3009700	je známá nějaká nová částka
3010260	3011880	celkové investice
3011880	3014660	nebo nákladu na opravu divadla,
3014740	3016140	a pak bych si dělal
3016140	3017320	ještě jednu otázku k bodu.
3018420	3019660	My jsme vypsali soutěž
3019660	3021280	na opravu fasády divadla
3021280	3022480	ve čtyřech variantách
3022480	3024720	s tím, že ty varianty byly
3024720	3027060	vždycky to bylo jedna AB
3027060	3028860	a varianta dvě AB
3028860	3030540	s tím, že ten Ačko, Bčko
3030540	3032000	bylo rozlišení o tom,
3032120	3034540	jestli dělají renovaci kamene
3034540	3035860	anebo do se dodává nový.
3036020	3036340	To znamená,
3036380	3037740	chtěli jsme to maximálně otevřít,
3037880	3038920	protože jsme měli informace,
3039040	3040320	že někteří dodavatelé tvrdí,
3040460	3041960	že levnější je ta renovace
3041960	3043220	a někteří, že levnější
3043220	3044600	bude dodávka nového kamene.
3045240	3046660	Tím, že varianta jedna
3046660	3048820	byla oprava pouze západní fasády,
3048920	3050140	posvětlo hlavního vstupu
3050140	3051220	se vstupem
3051220	3052880	a vlastně ale ty boční stěny
3052880	3053440	by zůstaly.
3054060	3055240	Druhá varianta byla,
3055340	3056380	že se opravuje kompletně
3056380	3057140	celá fasáda,
3057240	3057820	jako všech stěn,
3057900	3059420	toho divadla včetně výměny oken.
3059420	3062540	A cena byla zastropována
3062540	3065040	v té soutěži na 81 milionů
3065040	3065660	bez DPH,
3065920	3066720	což byla částka,
3066720	3067560	o které jsme se bavili
3067560	3069620	už i na předchozím zastupitelstvu.
3070520	3071300	A můžu říct si,
3071420	3072400	že jedna nabídka
3072400	3074660	na celkovou rekonstrukci,
3074720	3075880	na celkovou výměnu všetně
3075880	3076880	všetně výměných oken
3076880	3078320	se vešla do tohoto stropu.
3078860	3079220	To znamená,
3079320	3080800	pokud bude v pořádku,
3081000	3081760	tak předpokládám,
3081840	3082700	že rada města z dína
3082700	3083720	schválí tuto nabídku,
3083800	3084980	abychom to divadlo opravili
3084980	3087000	celé, včetně výměny oken.
3087740	3088200	To znamená,
3088240	3089780	my jsme schválně zastropovali,
3090520	3092980	abychom se nedostali
3092980	3094220	do té situace,
3094420	3097920	že budeme mít
3097920	3098600	třeba nabídku
3098600	3099480	na celkovou opravu,
3099560	3100400	která je vyšší
3100400	3101800	než ceny,
3101840	3102720	které jsme původně
3102720	3104620	tady již nějakým způzem
3104620	3105280	předschvádali.
3106280	3107080	A jsme rádi,
3107220	3108360	že alespoň nabídka
3108360	3109500	se do této ceny vešla
3109500	3110360	a teď jenom uvidíme,
3110480	3111920	jestli opravdu splní
3111920	3113100	v rámci kontroly
3113100	3114060	všechny náležitosti,
3114160	3114580	které má,
3114580	3115180	a pokud ano,
3115320	3115920	tak se pokládám,
3115980	3117120	že se půjde touto cestou.
3121220	3121700	Děkuji,
3121780	3123880	čili to je oprava pláště.
3125380	3126380	Bavíme se stále
3126380	3127280	o této investici
3127280	3128640	jako oprava pláště budovy?
3130940	3132440	Je to oprava vlastně,
3133260	3135020	dá se jít oprava pláště,
3135080	3135620	jak říkáte,
3135720	3136300	to znamená
3136300	3137760	vrátšanský vápenes,
3137840	3138640	to znamená to obložení
3138640	3139520	celého divadla
3139520	3140220	ze všech stran
3140220	3141400	vrátšanským vápencem,
3141480	3142600	tak tomu se bude měnit,
3142700	3143760	včetně všech oken
3143760	3145220	na všech stranách,
3145360	3147220	včetně kamení,
3147360	3148160	které je vlastně
3148160	3150160	v rámci vstupu
3150160	3150720	do divadla,
3150840	3151240	to znamená,
3151300	3152180	když se řeknu schody,
3152820	3153500	dá se nechci říct,
3153580	3154400	podláha divadla,
3154500	3155700	ale to, co je před tím divadlem,
3155920	3156740	před ten přístup,
3157100	3158280	bude také vlastně opraven,
3158380	3158740	to znamená,
3158740	3159100	dá se říct,
3159160	3159860	že bude kompletně
3159860	3160640	celé divadlo,
3160640	3163980	co se týká těch pohledových stěn,
3164340	3165960	pohledového přístupu
3165960	3166780	a oken,
3166940	3167980	které vlastně už mají
3167980	3168800	také své roky
3168800	3170800	a prostě jsme to případně udělat
3170800	3171520	celé dohromady,
3171640	3172420	aby se nestalo to,
3172520	3173980	že se udělá fasáda
3173980	3176200	a za pět let se budou muset
3176200	3176700	měnit okna,
3176820	3177620	a tím se ta fasáda
3177620	3178360	zase zpátky,
3178420	3179040	já si řekl by,
3179440	3180240	ne, že poškodí,
3180360	3181520	ale prostě nějakým způsobem
3181520	3182080	se naruší,
3182080	3183780	takže vzali jsme to
3183780	3185160	v rámce soutěže dohromady
3185160	3186900	a můžu říct si,
3187000	3187880	že prostě jedna nabídka
3187880	3188600	se vešla do toho
3188600	3189560	finančního stropu,
3190000	3191180	který tam byl záměrně dán,
3191320	3192560	protože vzhledem tomu,
3192620	3193840	co se děje
3193840	3195880	s městským rozpočtem,
3196000	3196460	vzhledem tomu,
3196500	3196940	co se děje
3196940	3198180	na stavebním trhu,
3198680	3200700	tak častěji
3200700	3202300	to otevřeně soutěží
3202300	3203620	vlastně aplikujeme
3203620	3204420	do těch soutěží
3204420	3205800	teďka stropové ceny,
3205860	3207060	to zná tu cenu maximální,
3207580	3209220	tak jak je u teďka
3209220	3210500	soutěží na velké kino,
3210660	3211220	tak je vlastně
3211220	3212620	byla u skateparku,
3213040	3213800	stejně tak teďka
3213800	3214720	byla aplikována
3214720	3215780	na tu fasádu
3215780	3216700	toho městského divadla.
3217300	3218000	Abychom se drželi
3218000	3218760	těch rozpočtů,
3218880	3219500	které vlastně
3219500	3220980	nějakým způsobem
3220980	3221640	se bavíme,
3221760	3223320	že vychází
3223320	3224560	z těch předpokládaných tlen.
3227680	3228240	A pan Duda,
3228340	3229880	chceš nějaký další dotaz?
3230360	3231920	Ano, mojí dotaz je prosím
3231920	3233660	k tabulka číslo pět
3233660	3235560	přidělení finančních prostředků,
3235840	3237180	rekonstrukce, kuchyně,
3237180	3239380	základní školy
3239380	3240300	Dřevnická.
3242100	3243440	My se nechceme nějak
3243440	3244240	jako vyjadřovat
3244240	3245420	k tomu, jestli je investice
3245420	3246460	správně nebo špatně,
3246500	3247540	nezpochybnujeme to.
3248980	3250920	Doufám, že je ta investice
3250920	3252400	třeba již také zastropována.
3252600	3253480	I tenhle mechanismus
3253480	3254960	se nám samozřejmě strašně líbí
3254960	3256620	po těch minulých zkušenostech,
3257380	3258620	kdy se nám to nepovedlo
3258620	3260040	na spouště jiných akcí.
3260180	3261480	Tak to velmi kvitují.
3261920	3263320	Nicméně, k této konkrétní
3263320	3264960	investiční akci má otázka je,
3264960	3267460	jestli se nepohybujeme
3267460	3269000	v nějakém automatickém režimu,
3269060	3269700	kdy se postupně
3269700	3271120	rekonstruují školní jídelny
3271120	3273080	za desítky milionů,
3273620	3275560	jestli existuje nějaká koncepce
3275560	3277560	nebo zpracovala se nějaká analýza,
3278080	3279180	jestli tento model
3279180	3281420	těch lokálních kuchyní
3281420	3282560	v rámci těch škol
3282560	3285060	je dlouhodobě finančně provozně
3285060	3285960	a personálně udržitelný.
3285960	3288320	Ta diskuze vím, že tady byla tak
3288320	3290060	dva roky zpátky, když jsme řešili
3290060	3291420	jinou jídelnu, jestli nějaká
3291420	3293180	centrální kuchyně není řešení,
3293980	3295300	pohnula se rada
3295300	3296740	nějak v tomto názoru
3296740	3297760	nebo zůstáváme
3297760	3300020	v automatickém režimu
3300020	3301180	a nemyslím to prerativně.
3302440	3303740	Já pak poprosím
3303740	3305520	paní náměstkyni,
3305620	3307480	a tak ažopádně ten stav je ten,
3308120	3310520	že my v současné době
3310520	3311460	vlastně, že to řekl,
3311460	3314280	na území města Zíne dá se říci,
3314380	3317180	že my určité centralizované kuchyně máme,
3317520	3318320	celé otevřeně,
3318500	3319840	což je právě například
3319840	3321280	jídla na Hradská
3321280	3322080	a je to například
3322080	3323820	právě tady tady jídla
3323820	3324660	té dřevnické.
3325220	3326000	A ty ostatní,
3326140	3328140	které jsou, když to řeknu lokální,
3328400	3330300	které zabezpečují opravdu
3330300	3331760	pouze tu základní školu,
3332280	3333600	tak by měly být
3333600	3335240	relativně v dobrém stavu
3335240	3336660	nebo dostat nějakou rekonsultu
3336660	3337560	relativně nedávno.
3337560	3339060	To znamená, my pak následně
3339060	3339980	budeme řešit opravdu,
3340060	3341360	tak jak říkáte,
3341460	3342040	tak jak jsme se,
3342240	3343280	už to bylo otevřené,
3343760	3344660	jestli jsme schopni to
3344660	3345740	centrálně zabezpečit
3345740	3348000	a nebo jestli je lepší
3348000	3350260	jít cestou splnit normy
3350260	3351460	pro převoz toho jídla,
3351600	3352980	které taky nejsou zrovna,
3353360	3354140	až to řeknu,
3355000	3355560	mírné.
3356400	3357800	A já poprosím teda
3357800	3358780	o upřesnění
3358780	3360400	paní náměstkyni.
3360820	3361500	Paní náměstkyni.
3363280	3364600	Děkuji, panu primátore,
3364600	3365960	za mě také dobré dopoledne,
3366020	3366780	dámy a pánové.
3366780	3369140	My v současné době
3369140	3371440	řešíme tady tuhletu jídelnu
3371440	3372480	pečlivě, to zvažujeme
3372480	3373540	u materských školek,
3373660	3374940	jdeme již jinou cestou,
3375020	3376100	tam budeme rekonstruovat
3376100	3378200	pouze jednu už jídelnu
3378200	3379780	a pokud si dostaneme
3379780	3380520	do situace,
3380780	3383440	že ty jídelny tam nebudou
3383440	3384500	už v komfortu
3384500	3385600	nebo lepřečeno ty kuchyně,
3386100	3387540	tak tam už se budeme snažit
3387540	3389040	to řešit nějakým dovozem,
3389160	3389800	nicméně samozřejmě
3389800	3390900	materská školka je
3390900	3392260	úplně o jiném počtu
3392260	3393260	než základní školy.
3393260	3396860	Pro porovnání v těch materských školkách
3396860	3399980	máme třeba od 40 do 150 dětí
3399980	3401980	a v těch základních školách
3401980	3403780	se pohybujeme dneska od 350
3403780	3406680	a třeba co se týče 4. a 5. základní školy,
3406740	3408200	tam máme počet tisíc dětí.
3408200	3411380	Takže zatím nám to ekonomicky ukazuje
3411380	3413060	pouze tento směr,
3413240	3414440	samozřejmě některé ty jídelny
3414440	3416360	nám plní i úlohu
3416360	3417960	v integrovaném záchranném systému,
3417960	3418940	pokud se něco stane,
3419100	3420680	tak de facto se tam vaří
3420680	3422160	i pro tyto složky,
3422320	3423760	takže zatím nám to ukazuje
3423760	3424960	tímto směrem.
3428580	3430140	Dobrá, děkuji za to doplnění.
3430800	3431720	Pan Dudák,
3431960	3433080	jenom, jestli to chcete,
3433200	3434440	jestli stačí, tak to super.
3434740	3435760	A poprosím, pane Uráše,
3435840	3437240	tady se další hlásí do diskuze.
3437240	3439940	Dobrý den, děkuji, pane primátore.
3440000	3441340	Dobrý den, dámy a pánové.
3441760	3442960	Já jenom se ještě vrátím
3442960	3443920	k tomu divadlu.
3444160	3446400	Poprosím, jestli jsem to správně pochopil,
3446400	3448440	že vy jste, pane primátore,
3448500	3451000	mluvil o variantách oprava výměna
3451000	3453860	a porozuměl jsem správně,
3454120	3455600	že to zastropování
3455600	3457680	celkových nákladů
3457680	3459840	se vztahuje na všechny ty varianty?
3462740	3465000	Ano, my jsme dali strop
3465000	3467180	81 milionů bez DPH.
3467240	3470160	s tím, že vlastně byly možnost
3470160	3471340	přihlásit se do jedné
3471340	3472560	nebo do všech variant,
3473160	3475640	záleží na tom zhotoviteli,
3475820	3476680	o co měl zájem.
3477420	3478520	Někteří využili toho,
3478600	3480480	že se přihlásili tuším do všech,
3480580	3481300	někteří do tří,
3481380	3482380	někteří jen do jednoho.
3482380	3487480	a my jsme měli předpokládanou cenu,
3487480	3491860	předpokládaná cena na varianty 1A,
3492040	3495240	což byla využití současného kamene
3495240	3497200	s tím, že se prostě vyčistí
3497200	3499480	a ty, které kusy byly špatné,
3499580	3500360	tak se vymění.
3500360	3502380	To znamená ta renovace
3502380	3503960	a jenom ten západ,
3504000	3505220	jako ta západní stěna,
3505740	3507660	tak naše předpokládaná cena
3507660	3510760	byla zhruba kolem 35 milionů,
3512040	3514580	čemuž se přiblížila jedna nabídka.
3515920	3517720	Další nabídka byla
3517720	3519080	jako zase mnohem dražší,
3519660	3521380	takže kam ještě neprobyla komise,
3521520	3522220	takže já se přiznám,
3522280	3522640	že ani nevím,
3522720	3524180	co všechno ještě můžu prezentovat,
3524240	3524880	tak to veřejně.
3524880	3528620	Ta druhá verze byla,
3528820	3530360	ta jedna B byla vlastně
3530360	3532980	s tím, že se ten kamene mění všude,
3533380	3533900	to znamená,
3533960	3535840	to bylo mnohem dražší
3535840	3537140	než ta varianta jedna A
3537140	3539180	a ve variantě dvě A,
3539300	3540640	to znamená ta kompletní výměna
3540640	3541380	jako by všeho,
3541540	3543460	tak se vlastně vešly do toho stropu 81.
3543960	3545440	Ve variantě dvě B,
3545820	3547020	která byla s výměnou,
3547180	3548200	tak tam se do toho stropu
3548200	3549400	nevešla žádná nabídka,
3549500	3551420	ale byly podány,
3551940	3554600	ačkoliv ten strop byl daný,
3554880	3556320	tím pádem ty nabídky
3556320	3557900	prostě v rámci toho procesu
3557900	3559180	samozřejmě na ně budeme
3559180	3560100	pak jako reagovat.
3562220	3563420	My jsme to schválně,
3563420	3564240	jenom abychom to upřesně,
3564280	3565740	my jsme to schválně udělali takto,
3565840	3566400	protože jsme,
3567220	3569040	naším cílem se otevřeně bylo
3569040	3570500	mít ideálně nabídku
3570500	3573040	na tu kompletní opravu
3573040	3574760	a potom samozřejmě,
3574900	3576380	tím, že jsme nějaké předpokladné ceny
3576380	3576940	na ty nižší,
3577040	3577740	tak tam jsme řešili,
3577880	3579320	jestli tam dáme i ty nižší stropy,
3579460	3581200	jestli tam to tak nějak musím limitovat.
3581200	3582720	Na druhou stranu jsme říkali,
3583080	3584460	že určitě chceme,
3584600	3587080	aby to divadlo se zbavilo toho lešení,
3587720	3589080	takže následně proto jsme řekli,
3589080	3590520	že dáme jenom ten horní limit,
3590860	3594400	u těch říkáme celkově jeden limit,
3594800	3596100	nikoliv u těch nižších,
3596360	3597080	protože samozřejmě,
3597940	3600200	kdyby nedošla nějaká nabídka,
3601080	3602040	která by splněla limit
3602040	3604240	a na celkovou rekonstrukci,
3604240	3606700	tak předpokládám,
3606780	3608180	že bychom určitě přistoupili
3608180	3609020	k té nabídce,
3609140	3610480	která to řeší,
3610580	3612940	alespoň tu západní stěnu,
3613520	3614520	i kdyby byla dražší
3614520	3615540	než předpokladaná cena.
3615860	3616820	Předpokládám za sebe.
3617040	3618240	Bylo by to pak na rozhodnutí
3618240	3619340	Sary Rady města Zdína,
3619980	3620640	ale myslím si,
3620760	3622040	že to divadlo je velké téma
3622040	3622960	pro nás, pro všechny
3622960	3625100	a určitě všichni bychom si přáli,
3625180	3626260	aby tam to rašení nebylo,
3626760	3628280	takže si moc nedokážu představit,
3628360	3631220	že bychom vlastně dali stropy všude
3631220	3633020	a pak třeba neměli vlastně žádnou nabídku
3633020	3634400	a museli to soutěžit celé znova.
3637320	3638940	No prosím, náměstka Mirka Chalánka.
3639440	3640860	Děkuji, pane primátore.
3640960	3642500	Jeno v rychlosti takového krátkoho reakce
3642500	3643360	na pana dodáka.
3645520	3647500	Určitě, co se týče školství,
3647580	3648940	pro nás je teďka v tuto chvíli
3648940	3649840	strašně důležitý,
3649960	3651160	aby jsme udrželi školství
3651160	3653000	na tom celkovém budžetu,
3653000	3657000	který my inkasujeme v rámci daní.
3657760	3660960	To znamená, my pro letošní rok
3660960	3664500	máme nějakých 320 milionů.
3664660	3666220	10 milionů nám tam přibylo
3666220	3667220	vlastně tarifama.
3667720	3668960	To znamená, že s paní náměstkyní
3669920	3672780	prostě ta věc, o které vy jste mluvil,
3672880	3674260	to znamená optimalizace
3674260	3675820	a vytvořit ty synergie,
3676060	3677560	jakou budeme muset do budoucna dělat,
3677640	3679100	pokud chceme udržet vlastně
3679100	3681160	ten rozpočet na tom budžetu
3681160	3682620	z jískatovou příjmu.
3682900	3684700	A ten je někde na úrovni
3684700	3687100	pro příští rok 330 milionů.
3687100	3691480	Čili to je každodenní práce
3691480	3693760	na tom, jak efektivně ty věci
3693760	3695140	posluzovat, vyhodnocovat
3695140	3696400	z hlíska nároku,
3696480	3698360	nebo z hlíska těch osobních nákladů,
3698780	3700920	tak, aby jsme prostě udrželi
3700920	3703080	ten budžet pro školství
3703080	3704820	v těch intenzích příjmu.
3704820	3711360	Dobrá, děkuji za to doplnění.
3712280	3713880	K diskuze si kdo další nehlásí,
3713880	3715200	takže prosím pojďme hlasovat
3715200	3716200	materiál číslo 4.
3728200	3731580	Pro 27, materiál číslo 4 byl přijat.
3732100	3733260	Materiál číslo 5 je změna
3733260	3734840	zakladatelské listiny společnosti
3734840	3736120	nemovitosti města Zlína.
3737320	3739040	Co se týká nemovitosti města Zlína
3739040	3740160	a té zakladatelské listiny,
3740340	3742440	tak my to řešíme už více než rok,
3742560	3744480	protože nemovitosti města Zlína
3744480	3747080	samozřejmě jsou městskou společností
3747080	3748940	a zřešili jsme tam vlastně
3748940	3751080	problematiku případné veřejné podpory
3751080	3753020	a dalších věcí.
3753020	3756640	Na základě všech toho těch vyhodnocení
3756640	3758680	vlastně musíme tu zakladatelskou listinu změnit
3758680	3761600	a proto ji máte dneska předloženou v té podobě,
3761680	3762300	kterou máte,
3763340	3766360	kdy, abychom se vypořádali se všemi těmi,
3767280	3768600	řeknu se s veškou legislativou
3768600	3770900	a ta společnost mohla dál
3770900	3772900	do budoucna fungovat a plnit to,
3773040	3774060	proč byla založena.
3774060	3777180	Jsou k tomu nějaké další dotazy?
3778920	3780620	Nikdo se do diskuse nehlásí,
3780940	3782860	tak tady jeden střed zájmu,
3783060	3785220	to znamená Tomáš Krajček má střed zájmu,
3785380	3787740	prosím, že je jednatovém této společnosti
3787740	3791240	a prosím, pojďme tady hlasovat.
3804060	3807560	Pro 32, materiál číslo 5 byl přijat.
3808160	3811120	Materiál číslo 6 se týká opět nemovitostí města Zína,
3811400	3814720	kdy řešíme schvální ručitelského závazku,
3815300	3817560	protože společnost nemovitostí města Zína
3817560	3818980	v současné době dokončuje
3818980	3822800	položkový rozpočet
3822800	3826180	na rekonstrukci objektu
3826180	3827620	kulturního centra v Malenovicích,
3827740	3828780	známe jako kino Květen,
3828900	3831580	s tím, že by tato společnost měla vyhlásit
3831580	3833580	s nejší pravěpodobností výběrové řízení
3833580	3834820	na tuto rekonstrukci
3834820	3836880	v červnu tohoto roku
3836880	3840300	a aby tomu tak mohla učinit,
3840460	3841960	tak vlastně potřebuje
3841960	3843320	srde to profinancovat
3843320	3844480	tuto rekonstrukci
3844480	3846200	a proto schválujeme
3846200	3848820	schvální ručitelského závazku
3848820	3851000	pro tuto městskou společnost.
3851560	3852500	Jsou k tomu nějaké dotazy?
3856100	3858080	Poprosím náměstka Mirka Chalánka.
3861080	3863120	Tak poprosím pana Dudáka.
3863580	3866060	Děkuji za slovo.
3866560	3868000	Dneska tady lítají miliony,
3868140	3869880	když sečteme dřevnickou divadlo
3870620	3871660	a tady tu investici,
3871780	3873580	tak máme vlastně roční rozpočet
3873580	3874880	na investice i zvyčerpaný,
3874960	3875480	ten volný.
3876800	3878720	Naše otázka k tomuto bodu
3878720	3880900	je z dvou pohledů.
3881080	3882300	Je to finanční konstrukci
3882300	3883560	a provozního modelu.
3884840	3886700	Moje otázka z pohledu těch
3886700	3888640	finančních věcí nebo konstrukce
3888640	3890560	jsou asi tři podotázky.
3890560	3893340	Prvé víte, že my jsme
3893340	3894880	mířní kritici
3894880	3897080	ručitelských závazků
3897080	3898180	nebo jakéhokoliv
3898180	3901000	braní si úvěru
3901000	3902400	na naše městské organizace,
3902540	3904880	protože jistým způsobem
3904880	3907000	se to stává pro nás
3907000	3908660	s méně přehledným.
3910660	3911880	Nicméně má otázka
3911880	3912900	v tomto smyslu je,
3912900	3914840	jestli to děláte z důvodu
3914840	3916880	obav o překročení
3916880	3917760	dluhové brzdy
3917760	3919400	nebo je tam nějaký jiný význam.
3920500	3922320	K té částce
3922320	3924400	my se zavazujeme
3924400	3924900	k ručení
3925520	3927560	na jistinu 100 milionů,
3927640	3928940	včetně příslušenství.
3929500	3930780	Možná je fér říct,
3930840	3931860	že to příslušenství
3931860	3933400	jsou úroky
3933400	3935780	při pětiprocentní úrokové míře.
3937000	3938940	To může být 50 milionů
3938940	3939980	do roku 48
3939980	3941100	na těch 20 let,
3941180	3942280	kdy to chceme splácat.
3942440	3943000	Takže my tady
3943000	3944640	v touto operaci
3944640	3946400	nebavíme o 100 milionách,
3946480	3946940	ale o 150.
3948880	3949440	Financování.
3949660	3952380	Vy v bodu uvádíte,
3952600	3954100	že město bude posílat
3954100	3955860	5 milionů ročně
3955860	3956780	do roku 35,
3957660	3958900	ale těch 5 milionů,
3959120	3960720	jestli jenom na úhradu jistiny,
3961320	3962060	tak tam nevidíme,
3962140	3962880	jakým způsobem
3962880	3964560	bude financován úrok
3964560	3968260	a k provoznímu modelu
3968260	3970160	tam nevidíme
3970160	3971260	vlastně vůbec,
3971800	3973020	kdo objekt
3973020	3973980	bude provozovat,
3974120	3974500	jaká bude
3974500	3975600	úroční náklady,
3976220	3976920	jaké příjmy,
3977680	3978520	jak se očekává,
3978600	3979380	že bude případně
3979380	3980100	pokrytá
3980100	3981240	provozní ztráta,
3981360	3981900	jakože doufám,
3981980	3982440	že nebude.
3983400	3983900	Omlouvám si,
3984000	3985120	že těch otázek je hodně,
3985240	3986300	ale je to velká investice.
3986400	3986720	Děkuji.
3987720	3988920	Já jenom v kostce,
3989160	3990220	určitě pustím náměstka
3990220	3990920	Mirka Chalánka,
3991020	3991540	že mi odpoví
3991540	3992920	na většinu otázek,
3993060	3994160	mohl by otvět na všechny,
3994220	3994840	já jenom v kostce,
3994920	3996920	jenom ať ten provozní modelu.
3997980	3998940	Aktuálně to máme
3998940	3999740	namyšlené tak,
3999880	4001700	že tento objekt
4001700	4002320	spadne do
4002320	4003400	pod,
4003460	4003880	jakoby,
4003960	4004460	správu,
4004540	4005320	co se týká toho
4005320	4007220	podle provozu
4007220	4009160	pod kongresové centrum.
4009320	4009600	To znamená,
4009600	4010360	využijeme zase,
4010480	4010940	ještě řeknu,
4011600	4012980	ty zkušenosti
4012980	4013840	toho personálu,
4013920	4014540	který v současné
4014540	4015200	zabezpečuje
4015200	4015540	provoz
4015540	4016620	kongresového centra.
4016620	4018620	a pak
4018620	4019340	samozřejmě
4019340	4020240	řešíme
4020240	4021300	model takový,
4021400	4021880	aby bylo možné
4021880	4022740	odpočítat DPH,
4022960	4023400	to znamená,
4023520	4023800	bude tam
4023800	4025460	standardní pronájmy
4025460	4027920	a samozřejmě
4027920	4028580	nějakým způsobem
4028580	4029700	ještě řešíme cestu,
4030660	4031540	aby to bylo
4031540	4032680	možné
4032680	4034260	plně odpočítat
4034260	4034740	DPH,
4035000	4035640	protože bez toho
4035640	4036220	to je pro nás
4036220	4037140	jasná priorita
4037140	4038640	a zároveň,
4038900	4039820	aby to bylo
4039820	4040600	samozřejmě
4040600	4041360	střícnější
4041360	4042520	pro některé spolky,
4042520	4044020	to znamená
4044020	4046460	pro ty spolky,
4046600	4048080	která komise
4048080	4048780	v Malenovicích
4048780	4049580	nějakým způsobem
4049580	4050040	oslovila,
4050140	4050780	že by tam
4050780	4051480	prostě měly být
4051480	4052420	pravidelně
4052420	4054560	a tam se nabízí
4054560	4055320	stejný model,
4055480	4055880	jako je
4055880	4057200	mezi
4057200	4057980	nějaká
4057980	4059060	rámcová smlouva
4059060	4060240	mezi
4060240	4061080	tak, jak máme
4061080	4061780	s Filharmonií,
4062140	4062380	že má
4062380	4064220	trošku
4064220	4065400	zlepšené podmínky
4065400	4065720	proti
4065720	4066840	standardnímu ceníku,
4067360	4067800	protože je to
4067800	4068740	dlouhodobý nájemce,
4068860	4069040	takže
4069040	4069820	touto cestou
4069820	4070360	dost možná
4070360	4070940	se půjde
4070940	4072480	pro
4072480	4075160	s určitým subjektem
4075160	4075660	v rámci
4075660	4076700	prostě těch Malenovic,
4076800	4077520	aby ty spolky,
4077580	4078060	některé tam
4078060	4078940	prostě byly za
4078940	4081440	nižší cenu
4081440	4082260	než je ceník,
4082320	4083480	protože tam mají být
4083480	4084320	jakoby pravidelně
4084320	4085240	nebo z těch dlouhodobě
4085240	4085780	a tak dále.
4085880	4086100	To znamená,
4086120	4086700	je to jedna z těch
4086700	4087240	variantenů,
4087280	4087820	co řešíme,
4088340	4090140	aby to sloužilo
4090140	4090860	opravdu tomu,
4090940	4091520	to jí ta komisa
4091520	4092420	nějakým způsobem
4092420	4092960	si přeje.
4093940	4095260	A poprosím teda
4095260	4096380	náměstka Mirka Chalánka.
4097540	4098580	Děkuji za slovo.
4098580	4100100	Tak já to vezmu postupně,
4100160	4101460	když bych na něco zapomněl,
4101540	4101800	tak mě,
4101960	4102580	pane dodáku,
4103120	4103700	připomeňte.
4105740	4106580	Ručitelský závazek
4108120	4108700	bereme
4108700	4110080	jako na sebe.
4110520	4111060	Ten důvod,
4111220	4111560	proč
4111560	4113100	není vůbec důvod
4113100	4114000	dluhová brzda,
4114220	4115380	to určitě ne.
4116040	4116940	My máme pořád
4116940	4117600	ještě rezervu
4117600	4117940	na to,
4118080	4119820	kam došáhneme
4119820	4120960	a je to ještě tak,
4121420	4122640	jenom abych vysvětlil,
4122980	4124800	dluhová brzda
4124800	4125820	je stanovená
4125820	4127140	na 60%
4127140	4128700	příjmu
4128700	4130900	průměrného příjmu
4130900	4132040	za poslední čtyři roky.
4132580	4133840	Dluhové závazky.
4134520	4135880	Potom jste povinen
4135880	4137300	platit 5%
4137300	4138340	to, co převyšuje.
4138480	4139080	To znamená,
4139180	4139880	že v momentě,
4140000	4140900	kdy úvěr berete
4140900	4141560	na 20 let,
4141660	4142760	tak tu podmínku splňujete
4142760	4143880	a nemusí vás to úplně
4143880	4145300	limitovat v tom,
4145340	4145780	jestli můžu
4145780	4146540	nebo nemůžu.
4146540	4148480	ale důležité je,
4148560	4149220	abych na to měl.
4149840	4151680	Čili tam nejsme
4151680	4152880	v tom,
4152980	4153940	jako že by jsme nemohli,
4154280	4154600	ale spíš,
4154680	4155440	že si na to máme.
4157340	4157880	My samozřejmě
4157880	4158640	potom to berete
4158640	4160080	z toho salda,
4160360	4161000	to znamená,
4161120	4162660	že město je
4162660	4163520	vybaveno
4163520	4164120	na to,
4164120	4166000	aby ten závazek
4166000	4167960	na sebe vzalo,
4168260	4169020	čili to je ten důvod,
4169120	4170040	proč ručíme
4170040	4170940	nemovitostem.
4172520	4173680	To je první věc.
4173760	4174600	Druhá věc je,
4174600	4176420	nemovitosti si berou
4176420	4177180	ten úvěr,
4177240	4178700	protože kino je
4178700	4179600	v jejich majetku,
4179880	4180900	takže ono vlastně
4180900	4181320	si to bere
4181320	4182800	na svůj majetek.
4183500	4184660	Z lístka hospodaření
4184660	4186060	nemovitosti je to tak,
4186180	4187440	že nemovitosti mají
4187440	4188200	zhruba majetek
4188200	4189240	za půl miliardy
4189240	4191240	a ten pronajímají
4191240	4192980	vlastně městu.
4192980	4193780	To znamená,
4193880	4196440	že ten obchodní vztah
4196440	4197160	je tvořený
4197160	4198760	vlastně městem
4198760	4202460	a společností nemovitosti.
4202920	4203460	To znamená,
4203460	4205080	že my jsme to měli
4205080	4206140	nějak nastavené tak,
4206240	4207400	aby jsme byli schopni
4207400	4208920	splácat jenom tu zprávu,
4209100	4210280	ale časem jsme se dostali
4210280	4211780	trošku jako do problému
4211780	4212180	v tom,
4212880	4214180	že neměli jsme
4214180	4214960	to úplně,
4215520	4216600	řekl bych z hlíska,
4217420	4218620	zákony
4218620	4219680	dobře nastavené.
4219800	4220380	To znamená,
4220380	4222820	že byť jsou nemovitosti
4222820	4224040	stoprocentně vlastněny
4224040	4224880	městem,
4225260	4225980	tak samozřejmě
4225980	4227500	musí respektovat
4227500	4228640	nějaké nakládání
4228640	4229240	s majetkem.
4229380	4229900	To znamená,
4229980	4230760	že jsme se dostali
4230760	4233600	do kategorie transferových cen
4233600	4236600	a tam jsme museli
4236600	4237540	vlastně
4237540	4239100	odvodit
4239100	4240780	z toho pravidla,
4240960	4241760	jak stanovení,
4242000	4242680	jak se stanovují
4242680	4244100	transferové ceny
4244100	4244760	nějaké
4244760	4247260	nájemné,
4247380	4247700	které
4247700	4248700	inkasují
4248700	4250760	nemovitosti
4251280	4251920	za majetek,
4252040	4253180	který pronajímají
4253180	4254320	statutárnímu městu.
4254440	4255120	Čili není to tak,
4255120	4256640	ale nějak to uděláme,
4256780	4257440	ale prostě to má
4257440	4258840	nějaká pravidla.
4259340	4259840	To znamená,
4259920	4260920	že ten nájem
4260920	4262300	my navýšíme
4262300	4263440	v letošním roce
4263440	4263900	a myslím si,
4264020	4264880	že je to tady
4264880	4265760	v materiálu,
4267200	4267860	tak ho budeme
4267860	4268740	muset navýšit.
4268900	4269880	Pro letošní rok
4269880	4271300	je to 4,5 milionů korun,
4271400	4271860	který budeme
4271860	4272520	navýšovat.
4272900	4273400	To znamená,
4273460	4274360	že to bude výnos
4274360	4275620	na straně nemovitostí,
4275720	4276540	kterým budou kryt
4276540	4278120	případné
4278120	4281620	to příslušenství
4281620	4282340	spojené
4282340	4283600	s tým úvěrem.
4283600	4286480	Až to celé
4286480	4288600	se zrekonstruuje
4288600	4289800	a to kino
4289800	4290920	vlastně se udělá,
4291000	4291600	tak se samozřejmě
4291600	4292660	nabede do majetku,
4292900	4294080	zbydou na nemovitostech
4294080	4295560	naskočit 2 miliony odpisů,
4295660	4296640	čili ty budeme muset
4296640	4298520	a protože ty transferové ceny
4298520	4299800	se počítají
4299800	4300780	z odpisů,
4300880	4302200	počítají se z nákladovosti
4302200	4302700	a tak dále,
4302780	4303580	tak my počítáme,
4303740	4304340	že město
4304340	4305600	bude muset nemovitostem,
4305720	4306540	ale bez ohledu na to,
4306580	4307600	na co ty nemovitosti
4307600	4308160	to použijí,
4308240	4309120	budou muset platit
4309120	4310180	zhruba nějakých
4310180	4311200	9 milionů korun
4311200	4312860	za nájem těho majetku,
4313000	4314520	čili tam se dostáváme
4314520	4315400	do pozice toho,
4315520	4316660	že budeme mít kryté
4316660	4317820	to příslušenství
4317820	4319960	a to bude navrub
4319960	4321220	samozřejmě
4321220	4323220	statutárního města,
4324100	4325600	čili vytváříme zdroje
4325600	4325840	na to,
4325900	4327480	aby jsme kryli to příslušenství.
4327880	4329000	Co se týče té jistiny,
4329140	4330100	to je jiný příběh
4330100	4331440	a dohoda byla taková,
4331500	4332620	protože na nás tlačilo
4332620	4335620	i komise místních částí
4335620	4336380	v Malenovicích
4336380	4338020	a vlastně ten požadavek
4338020	4338800	v těch Malenovicích
4338800	4339780	byl s kýnem květem
4339780	4340680	něco udělat
4340680	4342680	a my s panem Krajíčkem,
4342760	4343580	když jsme tam jezdili,
4343860	4345180	tak a s panem Robenkem,
4345260	4345980	tam jsme se domluvili
4345980	4346620	s komisí,
4346720	4347760	že na dobu deseti let,
4347860	4349000	počínaje rokem 26,
4349600	4352100	se zdají části svého příspěvku,
4352600	4353480	který dneska máme
4353480	4354280	zakomponovaný
4354280	4354960	už v rozpočtu,
4355060	4355600	to jsou ty,
4356120	4358040	to je těch 25 milionů,
4358120	4358560	které dáváme
4358560	4359820	komise místních částí,
4359900	4360840	z toho 8 milionů
4360840	4361460	je příjemce
4361460	4362560	komise místních částí
4362560	4363180	v Malenovicích
4363180	4364360	a 5 milionů
4364360	4366120	bude na 10 let
4366120	4367080	vlastně
4367080	4368760	my nebudeme přidělovat
4368760	4369820	s komisím místních částí,
4369960	4371640	ale bude to zdroj
4371640	4373880	na úhradu jistiny,
4374400	4375060	to znamená,
4375180	4377320	že jistinu budeme krít
4377320	4378220	z příspěvku
4378220	4381300	komise
4381300	4384000	a až to nastane,
4384140	4385420	protože v letošním roce
4385420	4387540	jsme třeba tímto příspěvkem
4387540	4390000	vykryli projektovou dokumentací,
4390000	4390820	která byla zhruba
4390820	4392180	své výši 4,5 milionů,
4392420	4393340	potom tím kryjeme
4393340	4394620	náklady spojené
4394620	4395860	vlastně s tím bunkovýštěm,
4395940	4396700	které vytváříme
4396700	4398200	pro poštu
4398200	4398860	a tak dále.
4401180	4402000	Takže počínají
4402000	4402760	příštím rokem,
4403800	4404660	nám tam samozřejmě
4404660	4405840	bude
4405840	4407620	naskočit
4407620	4408600	ty transferové ceny
4408600	4409520	a to nájemné
4409520	4410880	v roce
4410880	4411700	29
4411700	4413220	po navedení majetku
4413220	4416220	po rekonstrukci
4416220	4417140	kina květen,
4417260	4417780	tak tam budou
4417780	4418940	2 miliony odpisů
4418940	4419740	a jediné,
4419800	4420740	co potřebujeme vyřešit,
4420800	4422240	protože i když to spočítáte,
4422360	4423360	tak ještě ty výnosy
4423360	4424540	z hlíska toho pronájmu
4424540	4426800	a náklady na jistinu
4426800	4428460	nedosahují té výše,
4428660	4429780	tak to budeme kryjít
4429780	4430800	vlastně každý rok
4430800	4431320	podle toho,
4431400	4432360	jak toho hospodaření
4432360	4432980	bude vypadat,
4433040	4433900	tak to budeme kryjít
4433900	4435520	vlastně v případku
4435520	4436680	mimo základní kapitál.
4436820	4438720	Takže my to vždycky
4438720	4439240	dokryjeme
4439240	4440140	do té výše,
4440680	4441500	která bude potřeba
4441500	4442020	zhlískat
4442020	4443280	těch aktuálních výnostů
4443280	4444240	té společnosti
4444240	4444920	v daném roce.
4445420	4446180	Chceme to dělat tak,
4446280	4447760	aby zhlískat transparentnosti,
4447880	4448760	že vždycky
4448760	4450700	ke konci roku
4450700	4452320	spočítáme tu nákladovost
4452320	4453180	těch nemovitostí
4453180	4454060	a těch výnosů,
4454180	4454760	čili budeme mít
4454760	4455280	předběžný
4455280	4456720	hospodářský výsledek,
4457200	4458280	kterého můžeme
4458280	4460020	dosáhnout v roce následující.
4460380	4461460	Ta stabilita těch cen
4461460	4462500	bude poměrně velká,
4462560	4463480	protože tam budete mít
4463480	4464300	jednu jedinou
4464300	4466620	nájemní smlouvu,
4466720	4467340	která bude mezi
4467340	4468460	nemovitostí a městem,
4468460	4469820	takže tam se dá říct,
4469980	4472080	že ta stabilizace
4472080	4473200	toho výpočtu
4473200	4474640	zase nebude tak složitá
4474640	4476140	a podle toho,
4476360	4477280	kolik tam těch peněz
4477280	4477980	bude chybět,
4478080	4479120	tak bude příplatek
4479120	4480380	mimo základní kapitál,
4480500	4481100	který budeme
4481100	4482360	už rozpočtem
4482360	4483720	na ten příští rok
4483720	4484680	vždycky
4484680	4486040	pro ty nemovitosti
4486040	4486580	fixovat.
4486680	4487140	To znamená,
4487240	4488980	že budeme každý rok
4488980	4490980	v rámci přípravy
4490980	4492040	rozpočtu už vědět,
4492300	4493460	kolik by ten příplatek byl.
4494520	4495460	Takže to je takovej
4495460	4497160	konstrukt vlastně,
4497160	4498620	jak jsme,
4499260	4500400	jak dneska
4500400	4501420	zamýšlíme
4501420	4503140	s kynem.
4503520	4505160	Ještě jedna podstatná věc,
4506280	4507680	která to nezazněla,
4507960	4509420	podmínka toho všeho
4509420	4510540	je zase stejně tak,
4510540	4511120	jak jsme to dělali
4511120	4511980	u velkého kyná.
4512380	4513560	Musíme udělat odpočet,
4513640	4514080	to znamená,
4514160	4515440	veškeré fungování
4515440	4516360	kynakvěten
4516360	4517180	bude udělána tak,
4517260	4518260	aby jsme zajistili
4518260	4519680	odpočet DPA.
4525260	4526380	Dobrá, děkuji.
4526380	4527580	a poprosím,
4527840	4528540	další se hlásí
4528540	4529060	pan Cáha.
4530580	4531540	Já se domnívám,
4531640	4533260	že je to příliš komplikované
4533260	4534060	a nemyslím si,
4534220	4535320	že by jsme měli
4535320	4536220	dát
4536220	4537980	ročitelský závazek
4537980	4539840	za tady tuto aktivitu.
4539840	4541400	To chce lepší logistiku
4541400	4542960	k tomu vymyslet jednodušší,
4543420	4544020	tak, aby to bylo
4544020	4544880	srozumitelné
4544880	4545660	a na konci bylo
4545660	4546340	malé plus.
4547380	4547780	Takže
4547780	4548680	za mě
4548680	4549280	jako
4549280	4551140	není to připravené dobře.
4551800	4552540	Oblouvám se.
4552540	4557880	Já jenom můžu říct si,
4557960	4558620	že jsme se opravdu
4558620	4559640	snažili to udělat
4559640	4560920	co nejjednodušej,
4561080	4561840	ale samozřejmě
4561840	4562820	potýkáte se tím,
4562900	4563300	že vlastně
4563300	4564180	majetek je
4564180	4566420	opravdu ve vlastnictví
4566420	4568120	soukromé společnosti
4568120	4568580	a podobně.
4568740	4569080	To znamená,
4569140	4570200	a snažili jsme se opravdu
4570200	4571300	to udělat tak,
4571420	4571840	aby to bylo
4571840	4572160	co
4572160	4574340	nejvcísnější
4574340	4575460	vůči rozpočtu města
4575460	4575800	z dína.
4575920	4576660	Takže, abych to řekl.
4576660	4577620	Takže samozřejmě
4577620	4578460	proto ten konstrukl
4578460	4578980	může vypadat
4578980	4579760	složitější.
4580200	4580900	Na druhou stranu
4580900	4582720	je nastaven tak,
4582820	4583880	aby byl předvídatelný
4583880	4584460	co se týká
4584460	4585300	i toho rozpočtu,
4585420	4585680	takže,
4586040	4586620	nebo respektive
4586620	4587740	při stvorbě rozpočtu
4587740	4588220	a podobně.
4588780	4589420	Takže to je to,
4589820	4590600	proč vám to tady
4590600	4591360	pan náměstek
4591360	4591940	tak to jakoby
4591940	4593300	dopodrobná vysvětloval,
4593460	4594720	ale ono pak ty mechanizmy
4594720	4595500	v rámci toho
4595500	4596380	nebudou zase tak
4596380	4597160	jakoby složité.
4597420	4597720	Jenom
4597720	4598920	co na to vypadá,
4599100	4599260	ale
4599260	4600460	ale
4600460	4602200	prosím ještě
4602200	4602720	pana Sáhu.
4604060	4605240	No já by v tom případě
4605240	4606300	to, co tu bylo řečeno,
4606420	4607280	kdyby se položilo
4607280	4608260	ještě ve více
4608260	4609440	zjednodušené formě
4609440	4610240	na papír,
4610380	4610740	tak aby
4610740	4612420	k tomu každý
4612420	4613380	si mohl udělat
4613380	4614020	představu,
4614100	4615000	jakým způsobem
4615000	4616120	ty mechanizmy budou
4616120	4618160	a pořád si myslím,
4618320	4618540	že
4618540	4620480	tady ty dlouhodobé
4620480	4621320	závazky
4621320	4622600	bez
4622600	4624760	jasné představy,
4625080	4625680	jak to budeme
4625680	4626520	všechno řešit,
4626600	4627080	protože je tam
4627080	4627760	ještě
4627760	4629620	několik velkých otazníků,
4629660	4630600	jak jsem pochopil
4630600	4631700	a vůbec ta
4631700	4633740	ekonomická stabilita
4633740	4634860	v současném době
4634860	4635620	je taky docela
4635620	4637060	dobrý otazník,
4637180	4638200	takže opatrnost
4638200	4639880	při dávání
4639880	4640460	závazků
4640460	4641200	je na místě.
4643620	4644460	Takže já
4644460	4645480	v podstatě
4645480	4646060	asi to
4646060	4647240	nebudu,
4647240	4648100	buď se
4648100	4649060	asi se zdržím
4649060	4650180	tady v tomto případě.
4651340	4652160	Jasné, rozumím,
4652240	4653400	to my se snažíme
4653400	4655880	být co nejopatrnější,
4656080	4656340	ale
4656340	4657980	musíme taky
4657980	4658680	ty věci udělat,
4658820	4659280	takže musíme
4659280	4660140	hledat, hledáme cesty
4660140	4661060	a toto vlastně byl
4661060	4661880	výsledek opadu
4661880	4662640	od delší doby
4662640	4663860	řešení, jak to nastavit.
4664300	4664920	Poprosím ještě
4664920	4665980	na městka Mirka Chalánka,
4666100	4666860	chtějte reagovat.
4668220	4669160	Když to na první
4669160	4669840	dobrou slyšíte,
4669900	4670320	tak se vám to
4670320	4671200	základá komplikovaný,
4671400	4673160	ale v zásadě to
4673160	4674320	respektuje
4674320	4674720	ten
4674720	4676740	systém
4676740	4677260	nebo ten
4677260	4677920	stav, který
4677920	4678800	dneska jako máme.
4678800	4681100	pokud máme obavy
4681100	4681860	z toho,
4682400	4683100	jak to bude,
4683300	4684400	nebo jestli na to máme,
4684560	4685300	tak já bych řekl,
4685480	4687480	že fakticky tím,
4687620	4687900	že
4687900	4689820	využíváme
4689820	4691060	vlastně peníze,
4691140	4692120	které jsou dneska
4692120	4693980	už v rozpočtu rozdělené
4693980	4694840	a my akorát děláme
4694840	4695940	vnitřní přerozdělení,
4696060	4696980	protože my je bereme
4696980	4698220	jako my jsme jistních částí
4698220	4698880	a dáváme je
4698880	4699720	na
4699720	4701720	uhradu
4701720	4703880	jistiny
4703880	4705280	nebo počítáme s ní,
4705340	4705980	že s ní budeme
4705980	4707380	kryt jistinu,
4707640	4707920	tak
4707920	4709840	otázka je,
4710260	4710940	jako kdyby jsme,
4711100	4713760	jaké riziko postupujeme.
4714320	4715740	Postupujeme na 10 let
4715740	4716600	a nevíme,
4716720	4717440	asi nikdo z nás,
4717560	4718460	co bude za 10 let,
4718840	4720340	tak postupujeme riziko takové,
4720440	4721160	že za 10 let,
4721260	4721420	ano,
4721600	4722040	bude muset
4722040	4722960	statutární město
4722960	4723660	z lín z línka
4723660	4725000	svýho rozpočtu
4725000	4725840	vytvořit opravdu
4725840	4726620	těch 5 milionů
4726620	4727440	anebo 7 milionů
4727440	4728600	výzkum myslím jistních částí,
4728600	4730360	že bude dál pokračovat
4730360	4731500	s té spolufinancování
4731500	4732520	té věci.
4733380	4734140	Nám tady
4734140	4735300	vedlejší náklad
4735300	4736320	vzniká jenom v tom,
4736400	4737240	co říkal pan Dudák
4737240	4738480	a to je v tom příslušenství,
4738620	4739580	což samozřejmě
4739580	4740920	v čase se bude snižovat.
4743140	4744740	Protože budete splácat jistinu.
4744820	4745660	Nevím, jak bude vypadat
4745660	4746500	úroková míra,
4746820	4747580	jinak ty podmínky
4747580	4748280	toho úroku
4748280	4749360	jsou za stejných podmínek,
4749440	4750540	jako jsme brali úvěr
4750540	4751140	na ITI,
4751340	4751920	to znamená,
4751920	4753680	jako plovoucí sazba,
4753680	4755560	třiměsíčný přibor
4755560	4758560	a nárok
4758560	4759580	na předčasné splnění
4759580	4761160	bez podmínek.
4763360	4764480	Dobrá, děkuji.
4764560	4765160	Další slavství,
4765240	4765760	pan Juráš.
4767820	4769020	Děkuji, pane primátore,
4769080	4769540	za slovo.
4769700	4770500	Já jenom drobně
4770500	4771400	k té diskuzi.
4772900	4774300	Dvě poznámky,
4774400	4775060	jeden dotaz.
4775540	4775980	První,
4776260	4777580	ručitelský závazek.
4777580	4779180	Tak, děkujeme
4779180	4780120	panu náměstkovi
4780120	4781140	za to vysvětlení.
4781760	4783380	Nutno ale poznamenat,
4783560	4785460	že ručitelské závazky
4785460	4788900	se napřímo neprojeví
4788900	4789380	v rozvaze,
4789500	4791000	ale v podrozvahové položce
4791000	4792620	a nevstupují do výdajů
4792620	4793840	schváleného rozpočtu.
4794400	4795040	Jinými slovy,
4795160	4795860	při ukazatelích
4795860	4796720	dluhové služby
4796720	4798180	to není sledovaný moment,
4798640	4799780	proto byl ten dotaz
4799780	4801220	na tu dluhovou brzdu
4801220	4802820	a jakoby se tváříme,
4802880	4804200	že ten závazek nemáme
4804200	4805920	a on obživne až ve chvíli,
4805920	4807280	kdyby byl potřeba plnit
4807280	4808900	a v té chvíli pak se musí řešit
4808900	4811020	mimořádnými rozpočtovými opatřeními,
4811360	4812200	aby se zaplatil.
4813580	4815160	První poznámka, druhá.
4815320	4817240	To, o čem se bavíme s vámi,
4817520	4819240	je, že bychom rádi věděli
4819240	4821540	ten takzvaně provozní model
4821540	4823220	toho kulturního centra.
4823680	4825420	Nás nezajímají odpočty DPH,
4825700	4827220	což je určitě důležitý faktor,
4827740	4828920	ale pokud říkáme,
4830260	4831360	že si myslíme,
4831440	4832840	že je důležité to udělat,
4832840	4833980	tak by bylo fajn
4833980	4835500	buď otevřeně říct,
4835960	4837980	že pořizujeme do vlastnictví
4838520	4838980	města majetek,
4839600	4841140	na jehož údržbu a zprávu
4841140	4843380	budeme muset vynakládat peníze,
4843820	4845260	protože pokud nám nepřinese
4845260	4845980	měřitelný užitek,
4846980	4847940	tak nám přinese jenom
4847940	4849200	měřitelnou ztrátu.
4849580	4850580	Nic dalšího tam nebude.
4851080	4852720	A důležité je si vedle sebe
4852720	4853500	položit to,
4853840	4854980	jestli ten takzvaně neměřitelný
4855520	4857120	užitek, jak vy říkáte,
4857200	4858480	setkávání občanů,
4858480	4859620	kulturní centrum,
4860060	4861160	vyvažuje tu takzvaně
4861160	4862400	měřitelnou ztrátu.
4862800	4864520	Protože já to budu udržovat
4864520	4866140	a zpravovat do té doby,
4866640	4868420	dokud ten majetek nedožije.
4869140	4871340	A poslední ještě poznámka,
4871440	4872600	pak přijde ten dotaz.
4873240	4874560	My rozumíme tomu
4874560	4876340	splácení z hlediska úroku,
4876720	4877160	ale to příslušenství
4877940	4879400	v té maximální míře
4879400	4880160	při nezměnitelnosti
4880940	4881780	úrokové sazby,
4881860	4883100	to je taky korektní říct,
4883200	4883820	může jít nahoru,
4883940	4884940	k tomu rozumíme,
4884940	4886840	je nyní 150 milionů.
4887440	4888980	A dotaz, který k tomu máme,
4888980	4890740	jak bude řešeno,
4890840	4891860	pokud by ta investice
4891860	4893440	měla překročit 100 milionů.
4893540	4894220	Bude taky zastropována,
4895040	4896720	nebo jak k tomu budeme přistupovat?
4896720	4910980	Tak já to rovnou předám
4910980	4912540	na pana Krajíčka,
4912640	4913960	který vlastně k tomu opravdu
4913960	4915240	ty věci řeší,
4915360	4916360	takže já to předám jemu
4916360	4917360	a případně, co ne,
4917440	4918740	ještě by bylo potřeba doplnit,
4918800	4919340	tak doplníme.
4919340	4922140	Jenom myslím, že ty otázky
4922140	4924760	než se opakují,
4924860	4926500	ale myslím, že potřeba to rozvést dát,
4926620	4927040	tak jak chcete,
4927180	4928220	tak určitě předám s tvojou
4928220	4929480	panu Krajíčkovi.
4931320	4932640	Dobrý den všem.
4933560	4934900	Já jsem se teda snažil přihlásit
4934900	4935600	jako poslední,
4935740	4937880	abych zodpověděl dotazy,
4938040	4939840	které ještě zodpovězené nebyly.
4940380	4942340	Možná na začátek bych poděkoval
4942340	4946340	za prvé panu náměstkovi Chalánkovi,
4946340	4948180	jeho ekonomickému odboru,
4948580	4949580	taky právníkům,
4949620	4951260	protože ono se to nezdá,
4951420	4952340	ale v podstatě transformace
4953000	4954520	společnosti nemovitostí
4954520	4955880	a příprava tohoto projektu
4955880	4957940	v podstatě probíhá už rok,
4958020	4959280	rok intenzivně.
4960280	4961920	A jenom když se vrátím
4961920	4963140	ještě trošku do historie,
4963780	4965080	ať máte představu,
4965180	4968780	tak objekt bývalého kina Květen
4968780	4969620	v Malenovicích,
4970340	4972400	který stále teda slouží
4972400	4974300	jako aktivní kryt civilní obrany,
4974960	4975980	funguje tam Česká pošta,
4975980	4976820	městská policie,
4977180	4978140	je potřeba si říct,
4978600	4981280	tak byl zavřen vlastně provoz
4981280	4984360	toho, té kulturní části
4984360	4985760	v roce 2013
4985760	4989100	a v roce 2022
4989100	4991600	měl být rekonstruován.
4991660	4992940	Měl být rekonstruován
4992940	4994860	z dotací,
4995340	4998320	na které jsme bohužel nedosáhli,
4999140	5000600	stavební povolení tam máme
5000600	5002460	a v podstatě čekalo se,
5002600	5006260	jestli se za ty dva, tři, čtyři roky
5006260	5007600	prostě najde nějaký vodnější
5007600	5008400	dotační titul,
5008760	5009980	který by se na to dal aplikovat.
5010520	5011480	Z hledem k tomu,
5011540	5013680	že nic takového se neobjevilo,
5013880	5015020	ani se nepředpokládá,
5015100	5016500	že by se objevit mělo,
5017100	5018480	tak vlastně došlo k tomu,
5018480	5022140	že jsme i, jak říkal pan Chalánek,
5023740	5025480	byl enormní zájem
5025480	5026740	místní části Malénovic,
5026800	5028360	přece jenom je to největší
5028360	5030040	místní část, kterou máme
5030040	5033280	a krom Sokolovny tam v podstatě
5033280	5037580	nemají objekt nebo prostor,
5037660	5039600	kde by se mohli setkávat,
5040100	5041940	tak došlo k té dohodě,
5042140	5043560	že vlastně se budou podílet
5043560	5046240	na té rekonstrukci.
5046240	5049340	Co se týče provozního modelu,
5051820	5053860	v tuto chvíli se provozní model řeší,
5053960	5054760	jak už bylo řečeno,
5055140	5056200	tento týden byla schůzka
5056200	5057000	s panem Jordánem,
5057080	5058900	kde jsme právě řešili
5058900	5059800	a nastavovali,
5060080	5062960	jakým způsobem by se to provozovat mohlo,
5063100	5064020	co to bude stát.
5064460	5067240	V tuto chvíli to má spočítat,
5067300	5068400	má to dát na papír.
5068680	5069820	Představa je taková
5069820	5071820	a ta představa vlastně vznikla
5072400	5073860	a přišla od,
5074400	5075820	nebo z požadavku té místní části
5076240	5078560	že to chtějí využívat
5078560	5080020	hlavně a převážně oni.
5080740	5082140	Mám seznám deseti,
5082240	5083340	možná dvaceti spolků,
5083460	5084440	jsou to základní školy,
5084520	5085320	materské školy,
5085700	5087600	jsou to spolky na tančení,
5087700	5089260	na divadla, na zpívání,
5090000	5091340	jsou tam i včelaři, harmonikáři,
5092280	5095500	v podstatě průřez všemi spolky,
5096020	5097360	kteří mají zájem
5097360	5099440	v podstatě na týdenní bázi,
5099620	5100780	každý týden pravidelně,
5100780	5102360	ten sál využívat.
5102360	5105480	A ano, samozřejmě nabízí se,
5105680	5107920	taky po zkušenostech od pana Jordána,
5108340	5110740	se nabízí využívat,
5110800	5112140	a v podstatě ta spádovost
5112140	5114100	může být od napajedel
5114100	5118340	po zase tečovice místní části,
5118360	5118980	vlastně okolo,
5119420	5122260	využívat ten prostor také komerčně,
5122680	5124520	ať už na nějaké oslavy,
5124980	5127160	případně plesy a tak dále.
5127160	5130320	Takže ten provozní model v tuto chvíli se tvoří,
5130740	5132120	ano, bude nastavený tak,
5132260	5135280	aby vlastně dokázal pokryt náklady
5135280	5138920	provozu nebo chodu toho objektu.
5139360	5141120	Možná nutno ještě teda podotknout,
5141220	5142460	ten objekt tam stojí
5142460	5143780	a v tuto chvíli díky tomu,
5143840	5144800	že se temperuje,
5145280	5147300	tak ono to taky úplně není zadarmo.
5147440	5148760	Takže on, i když je zavřený,
5148860	5152200	tak v podstatě ho stále platíme.
5152200	5156560	a co se týče dluhových brzd,
5156740	5158220	tak to potom bych poprosil,
5158240	5159440	jestli jsou k tomu ještě nějaké dotazy,
5159540	5160480	asi na pana Chlánka.
5161560	5163640	A zodpověděl jsem vše
5163640	5165400	nebo je potřeba ještě něco doplnit?
5166760	5167480	No, já si myslím,
5167560	5169260	že tam asi bylo postupně všechno.
5169520	5170860	Kdyby ne, tak se prosím doptejte
5170860	5173820	a další hlásí ještě pan Simkovič.
5177200	5178120	Pěkné odpoledne,
5178160	5179000	nebo ještě dopoledne všem,
5179100	5179700	pomlouvám se.
5179700	5182320	Já bych ocenil,
5182460	5184820	že byla snaha rady města
5184820	5186160	nějakým způsobem s ním pohnout
5186160	5187380	a najít cestu, najít řešení.
5187800	5189480	Žádné řešení asi není úplně ideální.
5190140	5192180	Nám se to jeví s příměřenou mírou
5192180	5193320	rizika jako řešení,
5193420	5195460	které posouvá ty manovice a tu výstavbu.
5196200	5197500	Takže si to dovolíme podpořit.
5197800	5199180	Ale ten provozní model
5199180	5200180	asi bychom velmi rádi.
5200760	5201560	Tak to je, že viděli.
5202220	5203980	A když vybudujeme ten majetek
5203980	5206340	a jak říká pan Krajíček,
5206340	5207980	když se tam přestěhou z další spolky
5207980	5209380	někdy by mělo být nějaké úspoře.
5209500	5210840	Takže rozumíme tomu,
5210880	5212060	že asi to nebude výdělečné.
5212280	5213700	Tyhle věci nebudou nikdy výděleče.
5213780	5214400	Na druhou stranu,
5214880	5216300	to město má nějakou službu.
5216400	5217680	Nám to připadá,
5217800	5219480	že by tohle mělo dávat smysl.
5219480	5224860	Je to tak,
5224940	5225940	že ten provozní model,
5226120	5227540	tak jak tady bylo řečeno,
5228300	5229100	musíte, že ta komise
5229100	5230680	si udělala nějakou poptávku
5230680	5233260	s nemovitostí města Zína
5233260	5235360	se i na základě zkušeností
5235360	5236180	pana Jordána
5236180	5237240	si taky vlastně vyřešila
5237240	5238860	nějakou potenciální poptávku
5238860	5240280	a na základě toho
5240280	5244060	se bude ještě podrobněji zjišťovat
5244060	5247860	opravdu ta reálná poptávka,
5247960	5249460	která ještě řeknou podobu.
5249480	5251140	Za dva roky se to s rekonstruorem
5251140	5252140	může být jiná než jiný,
5252720	5253980	ale je to vlastně ten důvod,
5254420	5255180	aby se zjistilo,
5255560	5256720	jakým způsobem nastavit
5256720	5258120	opravdu například i tu cenotvorbu,
5258240	5259260	protože tak, jak bylo řečeno,
5259340	5260540	abychom mohli odpočítat DPH,
5260760	5261600	tak samozřejmě ten objekt
5261600	5263280	musí být pro něj má za komersní ceny.
5263980	5265400	Takže samozřejmě cílem
5265400	5267360	a cílem pro nás je,
5267660	5268720	aby ten model
5268720	5271460	a ve výsledku nemáte
5271460	5272020	ani jinou možnost,
5272120	5273560	pokud chcete odpočítat DPH,
5273560	5275560	že ten objekt vlastně nemůže být v mínusu.
5276540	5278680	Takže na základě toho
5278680	5281560	budou nastavené i ty ceny
5281560	5283320	a na základě toho
5283320	5284420	seřejmě se budeme bavit,
5284660	5285460	jakým způsobem
5285460	5288020	vlastně tam bude
5288020	5289140	v nějakých vůzovkách rozvrh,
5289700	5291300	protože musíme na základě
5291300	5292140	těch počtu hodin,
5292260	5294040	které budou poptává na těmitových spolků,
5294040	5295160	ať už týdně, měsíčně
5295160	5296220	nebo jakým způsobem
5296220	5298120	k tomu nějaký prostor volný
5298120	5301440	pro tady ty plně komersní akce,
5302100	5304420	které slyštěku na ty nepravidelné,
5304560	5305700	tak vlastně v tu danou chvíli
5305700	5307520	z toho se vlastně bilancuje
5307520	5308900	a řeší se opravdu ten ceník,
5309300	5311500	který dnešnímu dni
5311500	5313080	bude jiný,
5313160	5314720	než to, jaký bude
5314720	5316640	ke dní za dva roky při otevření.
5316760	5317820	Takže my teďka spíš řeším
5317820	5318960	opravdu spíš tu poptávku
5318960	5320420	a podle toho se to nastavuje
5320420	5323900	a následně i ta samotná cena realizace,
5324000	5324500	když samozřejmě
5324500	5326880	každá stava má nějaké více práce,
5326960	5328020	méně práce a podobně,
5328120	5330200	tak prostě se budeme snažit řešit,
5330300	5331440	aby ten provozní model
5331440	5333600	prostě vycházel alespoň v nule,
5334100	5335560	tož abychom také splněli
5335560	5337240	ty podmínky pro odpočet DPH.
5338980	5340240	Poprosím pana Dudáka.
5344760	5346680	My bychom rádi navázali
5346680	5347600	na pana Simkoviča
5347600	5348460	to, co jsme ji říkali.
5348560	5349700	Opravdu bychom zdvořili
5349700	5350540	požádali.
5351060	5352920	Pan Krajíček to má nějak vymýšlené.
5353380	5355360	Kdyby to šlo v průběhu tří měsíců
5355360	5356160	hodit na papír,
5356260	5356960	poslat nám to,
5357000	5358360	ať si dovedeme představit,
5358840	5359420	jak vlastně,
5359500	5360820	jaký ten objekt generuje
5360820	5362400	náklady plánované
5362400	5363960	v současných cenách.
5364520	5365020	Proti tomu,
5365060	5366620	jaké budou výnosy,
5366680	5368140	nemusí to být nic světoborného,
5368220	5368800	ale ať máme jenom
5368800	5369980	jakousi hrubou představu
5369980	5370380	o tom,
5370880	5371740	o jakých nákladech
5371740	5372380	se tam bavíme,
5372440	5373260	protože to je pro nás
5373260	5373980	úplně v mlze
5373980	5375100	a v tomto materiál
5375100	5376880	není žádný podklad
5376880	5378680	k tomuto hodnocení.
5379520	5381320	A na pana Chalánka
5381320	5382080	děkuji.
5382540	5383400	Ten materiál je fakt
5383400	5384660	z pohledu manažerského
5384660	5385700	jako finančního řízení
5385700	5386980	opravdu dobře promyšlen.
5387520	5388680	Děkuji za tu práci
5388680	5389920	celému řadu,
5389980	5391020	kterou jste na tom odvedli.
5391980	5392980	Otázka, která nebyla
5392980	5393840	zodpovězena,
5393940	5395320	co když ty náklady
5395320	5396800	nebo vysoutěžená nabídka
5396800	5397300	bude větší
5397300	5398380	než 100 milionů korun.
5398380	5399460	A jestli tam také
5399460	5400100	uvažujete,
5400820	5401400	že to bude
5401400	5403200	podobné modelu
5403200	5404580	jak to divadlo
5404580	5405080	anebo
5405080	5406700	se budeme tady bavit
5406700	5407520	za nějaký měsíc
5407520	5408560	o nějakém překvapení.
5410080	5411300	My jsme tady řešili,
5411420	5412160	celéž jsem se právě
5412160	5412980	otáčil na
5412980	5414660	pana Krajíčka,
5414840	5415860	jestli se bude stropovat,
5415920	5416520	protože my vlastně
5416520	5417480	opravdu reálně
5417480	5418820	a teďka ji pan Chalánek
5418820	5420060	vedle říká
5420060	5421140	budeme stropovat.
5421680	5422140	Je to prostě
5422140	5422820	teda ta cesta,
5423080	5423740	kterou my vlastně
5423740	5424580	opravdu řešíme,
5424960	5427380	předpokládám za sebe,
5427380	5428520	že bude vyzastropovaná cena
5428520	5429320	v rámci soutěže,
5429400	5430260	abychom zase prostě
5430260	5430800	vzhledem k tomu,
5430860	5431940	že máme nějaké
5431940	5432700	rozpočtové ceny,
5432820	5434180	máme předschválený úvěr
5434180	5435040	v nějaké výši,
5435180	5435740	tak prostě,
5435920	5438360	abychom nedopadli,
5438440	5439280	že budeme mít
5439280	5439920	tu cenu v stavbě
5439920	5440560	úplně jinou.
5441040	5441660	To znamená,
5441980	5442860	z největší právě
5442860	5443160	první první,
5443240	5443980	tam půjdeme do toho
5443980	5444860	potenciálního rizika
5444860	5446020	se zastropovanou cenou
5446020	5446640	s tím, že
5446640	5447420	budeme muset
5447420	5447860	tu soutěž
5447860	5448800	například opakovat,
5448800	5450240	a kdyby se nikdo
5450240	5450880	nepřihlásil
5450880	5452040	do té zastropované ceny
5452040	5454020	a ten provozní model
5454020	5455340	určitě není za mě
5455340	5456300	problém z těho
5456300	5457480	dát na papír,
5457580	5458220	protože to je to,
5458280	5459320	co se aktuálně řeší
5459320	5460740	a my vlastně
5460740	5461640	obecně se na tom
5461640	5462320	vlastně pracuje
5462320	5463200	ve spolupráci
5463200	5464020	s panem Jordánem,
5464140	5465020	takže určitě ty věci
5465020	5466220	dáme dokupy
5466220	5467420	aspoň rámcově,
5467540	5468020	jak to vlastně
5468020	5468740	kdo vnímá
5468740	5470100	a v tu danou chvíli
5470100	5471760	vám to dáme také
5471760	5472420	a jak jsem řekl,
5472520	5473260	prostě tím cílem
5473260	5474900	je plný odpočet DPH,
5474900	5475560	a to znamená,
5475640	5476480	on to prostě musí být
5476480	5478880	provozně schopné
5478880	5479900	být nesmít,
5479980	5481060	aby to nebylo v mínusu.
5481900	5482600	Poprosím ještě
5482600	5483680	náměstka Mirka Chalánka.
5484880	5485800	Pane primátore,
5485940	5487240	jenom krátko reakce
5487240	5487900	na pana Juráše.
5488000	5488700	Ano, máte pravdu,
5488860	5489600	jako samozřejmě
5489600	5491660	nebude to v podrovlaze,
5492360	5493180	počítáme s tím.
5493260	5495140	Já jsem ani to nezlehčoval,
5495200	5497860	tu zadluženost.
5497920	5498580	Já jenom chci říct,
5498580	5500580	že teď to není úplně...
5501760	5503460	Ten rozpočet totiž
5503460	5504960	má jednu věc,
5505080	5506140	jakože pokud
5506140	5507960	v rámci toho porovnávání
5507960	5509380	započítáváte i dotace,
5509940	5510860	on vám vytváří
5510860	5511800	obrovskou možnost,
5511860	5512480	jako z hlediska
5512480	5514060	té dluhové služby
5514060	5514820	nebo té brzdy,
5514960	5516360	která vůbec není relevantní
5516360	5517060	k tomu saldu
5517060	5518120	a schopnosti splácat.
5518360	5519700	Takže to je to takové,
5519820	5521100	proto já mluvím o tom,
5521220	5522020	aby jsme měli
5522020	5523440	tu možnost
5523440	5524260	nebo respektive
5524260	5525240	vytvořit ty podmínky
5525240	5525580	pro to,
5525580	5527600	aby jsme byli schopni
5527600	5529660	vlastně ty závazky hradit.
5529660	5533080	A jinak,
5533440	5534760	jenom v tom provozním modelu,
5534940	5536100	my jsme samozřejmě
5536100	5537240	v tomto začátku
5537240	5539960	a jsme uvažovali tak,
5540080	5541060	aby v tom
5541060	5543260	základě bylo
5543260	5544220	popsané vlastně,
5544400	5545420	od čeho se má
5545420	5546520	ta úvahu odvíjet,
5546620	5547040	to znamená,
5547140	5548280	chceme odpočítávat.
5548640	5549540	To znamená,
5549600	5550880	že ono vám to pořád
5550880	5552780	bude definovat vlastně,
5552780	5553940	jakým způsobem,
5554160	5554880	s kým můžete,
5555080	5556080	protože v těch dlouhodobých
5556080	5556520	závazích
5556520	5557780	musíte jít s plácem DPH,
5557960	5558500	takhle jako jo.
5558600	5560200	Takže to je jenom jako proto,
5560300	5561300	když to budeme zpracovat,
5561360	5562560	aby jsme měli rámec,
5562620	5563920	jako v kterým se budeme pohybovat,
5564000	5565740	protože při investicii
5565740	5566440	100 milionů
5566440	5567000	bavíme se
5567000	5568980	o celkem velký peněz.
5569280	5569760	Takže
5569760	5571820	pro tuto chvíli jsme
5571820	5573500	si ten rámec učili.
5574940	5575680	Dobrá, děkuju.
5575760	5576720	Poprosím pana Juráše.
5577520	5578720	Já se omlouvám,
5579660	5580380	nedá mi to.
5580940	5582660	Dám takový příměr,
5582900	5583820	že bych raději
5583820	5585400	obrátil ten postup
5585400	5586840	a dám to na příměru rodiny,
5586960	5588220	která si pořizuje auto.
5588860	5590200	Auto je v našem případě
5590200	5591360	kulturní centrum.
5592160	5593340	Tak mám za to,
5593460	5595360	že rodina pořizující si auto
5595360	5597500	se nejprve nepořídí auto
5597500	5599840	a pak hledá jeho možné využití
5599840	5600800	nebo jaké náklady
5600800	5601760	ho to bude stát.
5602340	5603320	Když si pořizuje auto,
5603440	5604900	řekne si, kolik mám členů rodiny,
5605140	5606140	jaký mám rozpočet
5606140	5607440	a k čemu je to vozidlo
5607440	5608040	má sloužit
5608040	5609060	a podle něho vybírám
5609060	5610120	v té cenové relaci.
5610660	5611500	Když ho budu chtít
5611500	5614000	nikoliv pro služby členům rodiny,
5614120	5615760	aby je převážili z místo na místo
5615760	5617880	nebo aby převážilo nějaký náklad,
5618200	5620680	to znamená neměřitelný užitek,
5621120	5622160	tak v tom případě
5622160	5623800	budu hledat ten měřitelný.
5623900	5624940	Když budu chtít podnikat,
5625100	5626380	tak zvolím jiný typ auta.
5626940	5628640	Počítám, kolik převezu zákazníků
5628640	5629340	nebo nákladu
5629340	5630820	a jaký to bude mít výnos
5630820	5632300	a podle toho si řeknu,
5632600	5633200	na co mám
5633200	5634120	a co si můžu dovolit.
5634380	5635120	Já mám trochu pocit,
5635180	5636380	že tady jsme to obrátili.
5636380	5637820	To je ta celá výtka.
5639460	5641120	Ne, není tomu tak úplně.
5641900	5643040	Můžu se bránit, co to bude.
5644140	5645880	Ne, prakticky je to čistě o tom,
5645940	5646880	že samozřejmě ve spolupráci
5646880	5647480	s toho komisí,
5647580	5650020	která vlastně zase ve spolupráci s námi
5650020	5651860	a dalšími dělá vůbec tu poptávku,
5652420	5654900	tak se upravoval i ten projekt
5654900	5656680	toho celého Kina Květen
5656680	5657800	k tomu, aby tam mohlo být
5657800	5658840	co největší využitelnost
5658840	5660400	právě na základě té poptávky.
5660540	5662380	To znamená, samozřejmě se zjišťovalo,
5662380	5666840	uspůsobovalo se, aby to bylo opravdu
5666840	5668820	co nejširší škálu.
5670020	5670920	Já řeknu zcela otevře,
5670960	5673040	že k mému překvapení je tam zájem,
5673100	5674240	základíško, že tam bude dělat
5674240	5675380	hodiny tělocviku.
5675560	5677280	To prostě pro mě je nepředstavitelné,
5677360	5678580	proč tady to má být.
5678760	5680700	Ale prostě snažili jsme se fakt
5680700	5682860	víc říct v rámci toho projektu všem,
5683780	5685900	proto vlastně došlo k úpravě toho projektu
5685900	5687200	proti tomu původnímu,
5687280	5691140	který byl nachystaný před takřka čtyřmi lety
5691140	5693720	na konci toho minulého volebního období,
5693820	5695720	kdy se řešilo, že bychom mohli získat dotaci,
5695820	5698420	kterou jsme nakonec nezískali
5698420	5700860	a na území města Zdína
5700860	5702200	ji získal Zdinský kraj
5702200	5703680	a vlastně díky tomu vznikla
5703680	5705000	zrekonstruovanáči Perová vila.
5705000	5708700	Tak tento projekt se z tohoto projektu
5708700	5712040	se opravdu došel ke změnám,
5712520	5714780	jak tak, abychom ho,
5715160	5716840	když to řeknu, nech si prolevnili,
5717060	5718740	ale ve výsledku, abychom tam nemuseli mít
5718740	5720340	ty věci, které tam musely být k tomu,
5720420	5721580	aby se splněly ty podmínky
5721580	5722840	tehdejšího dotačního titulu
5722840	5724420	a vedle toho zároveň,
5724500	5727540	aby se opravdu naplnila co nejvíce
5727540	5729360	ta poptávka, která v té lokalitě je.
5729860	5731120	Takže ten projekt samozřejmě
5731120	5733660	je nastavený tak, aby tu poptávku
5733660	5735300	co nejvíc, co nejširší škále
5735300	5737100	prostě byl schopný pojmout
5737100	5739480	a to, co nemáme, to, co řešíte,
5739620	5740900	že jsme vám nepředložili,
5741060	5742440	ale reálně to nemáme,
5742560	5744300	je prostě nějaká cenotvorba
5744300	5746860	nějakým způsobem, kolik ta hodina
5746860	5748780	bude stát a tak dál,
5748880	5750940	protože v současné době
5750940	5752780	vnímáme náklady, řešíme
5752780	5753580	prostě opravdu
5753580	5757100	ten model, protože
5757100	5759340	jsou rozdílné představy
5759340	5760740	a neříkám zásadně,
5760860	5763040	ale jsou do určité míry rozdílné představy
5763040	5765600	mezi námi
5765600	5766980	a mezi například komisí
5766980	5769400	a kdy prostě se,
5769740	5771060	teď to řeknu, například komise
5771060	5772700	by byla nejradši, kdyby od toho měla klíče
5772700	5774280	a celým způsobem si tam pustila,
5774420	5775580	koho potřebuje a tak dále,
5775660	5777100	řešila to ta komise
5777100	5778480	nebo zástupce té komise,
5778980	5780520	což samozřejmě zase z pozice naší
5780520	5782460	není možné, protože potřebujeme
5782460	5784300	pod ním nějakým způsobem přehled
5784300	5786880	a řešit nějaký rezervační systém
5786880	5788580	a podobně, takže to je to,
5788660	5790980	co my v současné době nemáme
5790980	5793120	ještě vydefinováno přesně s tou komisí,
5793600	5794980	protože musíme
5795580	5796940	tady ty pravidla
5796940	5798920	nastavit a zadržovat, abychom ji taky byli
5798920	5800820	schopí kontrolovat ten příjem, aby bylo jasně
5800820	5802940	stanovené, komu se platí za jakých podmínek,
5803520	5804760	takže to je jedna věc,
5804880	5806900	kterou musíme si usadit právě
5806900	5808440	jakoby z komisí
5808440	5809960	místní části Malenovice,
5810520	5812760	nevnímáme tam nějaký zásadní rozpor,
5813180	5814520	ale samozřejmě je to ta věc,
5814640	5816840	která se promítá
5816840	5818900	do provozních nákladů, protože samozřejmě
5818900	5821020	pokud to bude dělat, teď to řeknu někdo
5821020	5822920	na dobrovolné bázi, no tak toho člověka
5822920	5824860	platit nemusíme, pokud bude z té
5824860	5827200	místní části a pokud to bude placený člověk
5827200	5827940	plnohodnotně,
5828800	5830520	který bude jenom pro potřeby
5830520	5832820	tohoto objektu, no tak samozřejmě zase bude
5832820	5834340	stát nějaké peníze ročně
5834340	5836800	a v tu danou chvíli to musíme promítnout do těch
5836800	5838620	provozních nákladů. Takže
5838620	5841160	to je to, proč tady ten provoz dneska nemáte,
5841500	5842700	protože potřebujeme usadit
5842700	5844500	ještě tady tyto věci, co se týká
5844500	5845800	opravdu toho provozu
5845800	5848720	s komisí a na základě
5848720	5850540	toho se doladí opravdu
5850540	5852420	ten provozní model tak,
5852600	5854800	abych byl, řekněme, to nejrelevantnější
5854800	5855600	už na začátku.
5857500	5859020	A prosím, náměstka Mirka Chalánka.
5860020	5860580	Pane primátor,
5860580	5862460	já jenom krátkou reakci na pana
5862460	5864660	Juraše, na to přirovnání. Já bych to řekl
5864660	5866560	tak, jako, pokud
5866560	5868480	si pořizuju nové auto a do té
5868480	5870340	doby jsem chodil pěšký,
5870340	5872540	tak je to velká neznáma.
5874820	5877060	My přecházíme ze škody
5877060	5879380	ze škody
5879380	5880900	120
5880900	5882400	na FAB
5882400	5884600	a nějakou zkušenosti máme.
5884680	5885500	Máme 15 let
5885500	5887700	zkušenost s provozováním
5887700	5890500	kongresového centra, kde ten začátek byl
5890500	5892280	taky o tom, kolik to bude stát atd.
5892760	5894500	A kongresové centrum dneska
5894500	5896540	funguje a dokonce
5896540	5898040	dobře není schopnost
5898040	5900260	zaplatit odpisy, ale
5900260	5903620	zprovozně je ziskové, jo.
5903620	5906980	Takže my tyto, řekl bych,
5906980	5909140	zkušenosti samozřejmě chceme přenést
5909140	5911300	i do těch, do té FABě, jo.
5911300	5913860	A myslím si, že tak s úplně neznámou
5913860	5915300	nepracujeme, i když v tuto chvíli
5915300	5916740	samozřejmě nejsme schopni úplně
5916740	5918980	detailně popsat, co tam bude, jak to bude atd.
5918980	5922340	Protože do toho vstupuje ta komise místních částí.
5922340	5925700	Vždycky, když se něco novýho objeví, tak bude spousta nápadů,
5925700	5929060	co kdo by tam mohl dělat, ale já si myslím jako,
5929060	5934180	že to zadání je takové, aby prostě to provozně
5934180	5938100	vůči rozpočtu nebylo nárokové, jo.
5938100	5939940	Takže to je jenom bez stručnosti.
5942500	5944260	Dobrá, morská děkuji za to upřesnění.
5945640	5947420	Nikdo další se do diskuze nehlásí,
5947560	5950900	takže já prosím pojďme vlastnout o materiál číslo 6,
5951040	5953880	tím, že i v tomto materiálu je střed zájmu pana Krajíčka.
5953880	5969800	Pro 30, materiál číslo 6 byl přijat.
5970360	5973980	Materiál číslo 7 týkající se sloučení materských škol.
5975920	5977320	Jsou k tomu dotazy.
5979240	5983500	Do diskuze se nikdo nehlásí, takže prosím pojďme hlasovat materiál číslo 7.
5983880	5999120	Pro 37, materiál číslo 7 byl přijat.
5999660	6003660	Materiál číslo 8 týkající se schválnění financování projektu
6003660	6009060	pro společné zachování a rozvoj vlaťovského odkazu.
6009060	6012060	S tím, že já prosím, doplňte si do tohoto materiálu
6012060	6019700	číslo usnesení rady města Zdína, které je 81 lomeno 8R lomeno 226.
6020940	6021760	Jsou k tomu dotazy.
6023480	6024940	Nikdo se do diskuze nehlásí.
6025020	6025900	Prosím pana Juráše.
6025900	6031800	Já jenom čistě, aby jsme byli koherentní v přístupu,
6032380	6036080	tak tady nám taky chybí to, jak uvažujeme o budoucím provozu
6036080	6039680	toho rekonstruovaného domku, na který čerpáme tu dotel,
6039740	6042340	na který čerpáme ty finanční prostředky a nevidíme tam.
6042340	6052880	Prvozní model máme a já věřím tomu, že odbor kultury a památkové péče
6052880	6057580	společně s odborem majetku, kteří jsou velcí zastánci tohoto projektu,
6057800	6062000	ho ještě vyšperkují a pak ho k něm předají dál, abyste věděli, jak to mají v plánu.
6062000	6066380	Poprosím, jsou jestli nějaké další dotazy.
6068960	6073500	Nikdo se do diskuze nehlásí, takže prosím, pojďme hlasovat materiál číslo 8.
6085500	6091540	Pro 31 materiál číslo 8 byl přijat.
6092000	6098640	Materiál číslo 9 je opět jeden z dotačních projektů,
6098720	6104380	tentokrát z lín a trenčních dialogů, takzvaný kulturní a kreativní most 226.
6105240	6109620	A poprosím vás opět, jestli si doplníte do materiálu číslo usnesení rady,
6109620	6113580	které je 37 lomeno 8 R lomeno 2026.
6114800	6118580	A otvírám diskuzi k tomuto bodu číslo 9, prosím, jsou k tomu dotazy.
6118580	6124900	Nikdo se do diskuze nehlásí, takže prosím, pojďme hlasovat materiál číslo 9.
6124900	6140120	Pro 36 materiál číslo 9 byl přijat.
6140120	6145740	Materiál číslo 10 je implementace integrovaného území strategie z línské aglomerace.
6145740	6148060	Jsou k tomu dotazy.
6150400	6153940	Níkdo se do diskuze nehlásí, takže prosím, pojďme hlasovat materiál číslo 10.
6165460	6169000	Pro 27 materiál číslo 10 byl přijat.
6169740	6172600	Materiál číslo 11 týkající se územků.
6172600	6174980	Jsou k tomu dotazy.
6176220	6178000	Poprosím Kateřinu Francovou.
6179460	6180740	Tě jednou dobré dopoledne.
6180920	6182620	Já se mluvám, já rychle roluju.
6183180	6185800	Tabulka číslo 10.
6185800	6199300	Jsou tady nějaké nesouhlasy s odboru s tím, že by se nejprve měl vyřešit vztah k pozemku pod přístavbou v rámci nějakého řízení o povolení a potom teprve schvalovat.
6199540	6202140	Tak nevím, jak to úplně, jestli jsem tomu dobře porozuměla.
6202900	6204580	Jestli mi to někdo může vysvětlit.
6204580	6210540	Já vím, že to je jenom nějakých pár metrů, ale jestli by nechtělo prvně desítka.
6213000	6217340	Já poprosím paní vedoucí, paní Husákovou, jestli by to mohla upřesnit.
6217340	6228980	Tam jde o to, že zase tou digitalizací se zjistilo, že něco stojí na městském pozemku, takže se to doladilo.
6229080	6231100	Je to dlouhodobá stavba, legální.
6235420	6237300	Dobrá, moc káme děkujeme za to upřesnění.
6237780	6240740	Poprosím, jestli jsou nějaké další dotazy k materiálu číslu 11.
6242700	6244080	Nikdo se v rysku zde hlásí.
6244260	6245460	Poprosím ještě pana Rudáka.
6248260	6249160	Děkuji za slovo.
6249300	6253560	My máme jenom informaci, že některé body nešly přes majetkovou komisii, které tady vidíme.
6253740	6259200	Jenom, jaký je v tom vlastně mechanismus, kdy to jde a kdy to nejde přes majetkovou komisii?
6261900	6263660	Poprosím ještě paní vedoucí, ať vám.
6263920	6268360	V tomhle případě nešly přes majetkovou komisii takové drobné transakce,
6268360	6275780	které se týkají akce modernizace, elektrizace, tratí od rokovice z lín,
6275780	6281960	protože ty smlouvy přišly na poslední chvilku, tak jsme hned, jak to bylo možné,
6282080	6289820	to předložili do rady, aby se stihlo dnešní zastupitelstvo a dále se nedošlo k prodlení
6289820	6292120	a majetková komise to dostala na vědomí.
6292120	6297720	Dostala to ve středu v den, kdy se odesílali materiály na zastupitelstvo.
6300120	6305720	Dobrá, tady u těchto bodů se jedná o nemalé peníze a zároveň o nemalou stavbu,
6305860	6312140	tak vlastně se přikročilo k tomu, že je hodnější vůči subjektů,
6312140	6317400	který se k tým zavíjámem tuto smlouvu, to vlastně projít v co nejkratším časovém termínu,
6317860	6323180	abychom, řekněme, nespomalovali a nespomalovali ty procesy, které tam aktuálně k tomu mají.
6325980	6328580	Jsou vlastně k materiál číslo 11 nějaké další dotazy?
6331140	6334140	Jestli tomu tak není, prosím, pojďme hlasovat materiál číslo 11.
6334140	6349480	Pro 26, materiál číslo 11 byl přijat.
6350000	6354620	Materiál číslo 12 týkající se pozemků, kdy řešíme výkupy pod komunikací,
6355300	6357020	způsobám se, jestli jsou k tomu nějaké dotazy.
6359000	6362680	Nikdo se do diskuze nehlásí, takže prosím, pojďme hlasovat materiál číslo 12.
6364140	6377680	Pro 33, materiál číslo 12 byl přijat.
6378280	6383720	Materiál číslo 13 se týká pozemků, tentokrát o bezúplatnému převodu
6383720	6388600	v katastranném území Zlín a v katastru v katastranném území Štípa.
6389000	6389820	Jsou k tomu dotazy?
6389820	6395900	Nikdo se do diskuze nehlásí, takže prosím, pojďme hlasovat materiál číslo 13.
6406540	6409820	Pro 33, materiál číslo 13 byl přijat.
6409820	6416260	Materiál číslo 14 týkající se také pozemků, tentokrát je to směná smlouva
6416260	6421480	ze hřiště z TSO Malenovice, jsou k tomu dotazy.
6423820	6427500	Nikdo se do diskuze nehlásí, takže prosím, pojďme hlasovat materiál číslo 14.
6427500	6442000	Pro 34, materiál číslo 14 byl přijat.
6442640	6446740	Materiál číslo 15 týkající se nabítí majetku, nepatrné hodnoty.
6448020	6448780	Jsou k tomu dotazy?
6448780	6454320	Nikdo se do diskuze nehlásí, takže prosím, pojďme hlasovat materiál číslo 15.
6464860	6469120	Pro 34, materiál číslo 15 byl přijat.
6469920	6476280	Materiál číslo 16 týkající se neinvestiční dotace z rozpočtu na provoz veřejných koupaliští v roce 2026.
6476280	6478280	Jsou k tomu dotazy.
6479780	6484240	Nikdo se do diskuze nehlásí, takže prosím, pojďme hlasovat materiál číslo 16.
6494880	6499180	Pro 34, materiál číslo 16 byl přijat.
6499980	6506280	Materiál číslo 17 týkající se investiční dotace z rozpočtu města Zdína na technické zhodnocení sportoviští
6506280	6509660	ve zprávě městské společnosti Sceza Zlín.
6509880	6510840	Jsou k tomu dotazy.
6512740	6516660	Nikdo se do diskuze nehlásí, prosím, pojďme hlasovat materiál číslo 17.
6516660	6531720	Pro 33, materiál číslo 17 byl přijat.
6531720	6538900	Materiál číslo 18 týkající se názvu ulic v katastrálním území Hlouky na Dřevnicí.
6540000	6540760	Jsou k tomu dotazy.
6540760	6546280	Nikdo se v diskuze nehlásí, takže prosím, pojďme hlasovat materiál číslo 18.
6557240	6560960	Pro 35, materiál číslo 18 byl přijat.
6561360	6567360	Materiál číslo 19 týkající se návrhu počtu členů zastupitelstva pro budoucí volební období,
6567360	6571500	226 až 30, kdy návrh je, aby zůstal stejný počet, jako je nyní,
6571580	6578760	to znamená 41, to znamená počet, který platí od roku 2006.
6580340	6581440	Jsou k tomu nějaké dotazy?
6583060	6586280	Nikdo se do diskuze nehlásí, pojďme hlasovat materiál číslo 19.
6597360	6601220	Pro 35, materiál číslo 19 byl přijat.
6602280	6605840	Materiál číslo 20, změna ve jmenovité složení komise,
6606780	6609620	novětových komisí, jsou k tomu dotazy.
6611420	6613660	Nikdo se do diskuze nehlásí, takže já vás poprosím,
6613720	6617080	napřed budeme hlasovat o tom, že budeme hlasovat aklamací,
6617180	6622860	materiál číslo 20, takže pojďme prosím hlasovat o způsobu hlasování aklamací.
6622860	6639300	Pro 35, tak a teďka pojďme prosím hlasovat materiál číslo 20,
6639300	6640520	k tomu aklamací.
6640520	6655300	Pro 30, materiál číslo 20 byl přijat.
6655820	6659740	Materiál číslo 21, týkající se nesouhlasu s vymezením
6659740	6664380	akcelační oblasti AO S5 Malenovice.
6664380	6670640	Já jenom bych chtěl poděkovat vlastně aktivitě pana Robenka
6670640	6674540	a všem vlastně, kteří se klem této problematiky točí,
6674640	6678620	to znamená námestek Vojta Volv s životním prostředím
6678620	6683660	a ostatními, kdy samozřejmě vnímáme,
6683660	6689660	že bývalá vláda začala řešit akcelační oblasti
6689660	6692040	skrze dotační titulu z Evropské unie,
6692180	6694780	kdy se bavíme zhruba o jedné miliardě eur
6694780	6697620	a vlastně s tím, že nastavila
6697620	6701200	nebo vybrala na zákadě nějakých dokumentů
6701200	6702320	akcelační zóny.
6703800	6708560	Současná vláda ten návrh z těchto oblastí zmenšila
6708560	6712000	a to víc snad více než o 90%,
6712000	6715680	to znamená nějaká desetina toho, co tady původně bylo navrženo
6715680	6720820	a v současné chvíli je samozřejmě otázkou,
6721040	6723420	jak ty parametry nebo jak to vlastně bylo nastaveno,
6723520	6727240	protože vnímáme, že ta lokalita v Malenovicích
6727240	6731120	úplně nedává smysl pro solární elektrárnu,
6731200	6733540	která je převážně na severním svahu.
6733820	6738700	Zároveň podle nás nesplňuje odstup od bytové zóny
6738700	6741980	a jsou tam další aspekty, kdy tu lokalitu
6741980	6744720	využívají občané Malenovic pro trávení volného času
6744720	6747880	a prostě moc to tam nedává logiku
6747880	6752620	a vnímáme také nějaké nestoulady právě v těch dokumentacích,
6752760	6755720	které odůvodňují, proč ta lokalita byla vybrána
6756280	6758900	a například průzkum živočíchů a podobně.
6759500	6761720	To znamená, tyto všechny věci si vyhodnocuje
6762500	6765980	odbor životního prostředí ve spolupráci
6765980	6768500	také vlastně podporu s panem Robenkem,
6768640	6771940	který je v intenzivním kontaktu také s ministerstvem pro místní rozvoj
6771940	6775100	a abychom měli naše, aby naše zdůvodnění
6775100	6778100	nesouhlasů bylo co nejsilnější,
6779360	6781420	protože za nás prostě vnímáme,
6781520	6783420	že v této lokalitě si nemyslíme,
6783500	6784640	že to je opravdu správně,
6785100	6787380	ale zároveň už je velice složité
6787380	6789480	jakákoliv debata o přípodném přemístění,
6789640	6791100	takže hledáme všechny možnosti
6791100	6794300	a uděláme všechno pro to,
6794360	6795280	abychom byli úspěšní,
6795420	6796980	protože opravdu tato lokalita je
6796980	6799680	hojně využívá na občany Malenovic
6799680	6801520	pro trávení volného času
6801520	6804500	a opravdu pokud tyto věci,
6804640	6806820	pokud ta zelená energetika má vznikat,
6806940	6808180	tak proti tomu asi nikdo není,
6808320	6810040	ale je to potřeba na těch lokalitách,
6810120	6811540	kde to prostě není,
6811540	6812920	a teď to řeknu,
6813260	6814720	naprosto rušivým elementem
6814720	6816820	pro občany
6816820	6818480	jednotlivých měst a občí.
6820500	6822240	Chce bych se zeptat,
6822260	6824300	jestli teda někdo má k tomuto nějaké dotazy
6824300	6825820	v rámci tohoto bodu?
6826980	6830220	Poprosím paní Špalkovou.
6831960	6833980	Dobrý den, neúplně dotazy,
6834300	6835240	ale chtěla bych říct,
6835360	6837700	že plně respektujeme a podporujeme
6837700	6840200	názor občanů Malenovic
6840200	6841720	být proti záměru
6841720	6843940	k navržené akcelerační oblasti
6843940	6845420	v Malenovicích na Svárovci
6845420	6847560	a to jak na úrovni zastupitelů
6847560	6848800	SPD města Zlína,
6849240	6851540	tak aktivně na úrovni zastupitelů
6851540	6852440	Zlínského kraje.
6852680	6853060	Děkuji.
6853060	6857140	Dobrá, děkuji. Poprosím pana Dudáka.
6857140	6860460	Děkuji za slovo.
6860540	6861880	Já se bojím teď cokoliv říct,
6861960	6864020	aby to nevyznělo politicky
6864020	6865540	i špatně před volbama.
6865540	6869500	Ale žádné takové vystoupení
6869500	6871400	nebo proklamaci připravenou nemáme.
6871500	6871980	Jenom bych
6871980	6875500	bez ohledu na tuto lokalitu,
6875860	6877200	já se k tomu nevyjadřuji,
6877300	6878480	kde to je a proč to je,
6878540	6880040	jak to vzniklo akcelerační zóny,
6880180	6881820	jaký byl záměr
6881820	6883160	a co je toho výsledkem,
6883280	6884900	jak to je blbě odkomunikováno.
6884900	6886700	A jenom prosím, aby jsme
6886700	6888100	tak, jak se
6888100	6890680	v tomto kolektivu snažíme
6890680	6892480	celkem zodpovědně zacházet
6892480	6894220	s městským rozpočtem.
6894220	6896080	A já děkuji, že tady není žádný řvoun,
6896200	6896820	který řekne,
6897700	6900240	dejme na tyto, na tyto a tamty
6900240	6901900	a nehleďme, kolik nás to bude stát.
6902620	6904820	Tak bychom naprosto korektně
6904820	6906300	jako s dlouhodobém horizontu
6906300	6907460	měli vést i diskuzi
6907460	6909580	a chápu, že tady toto je jako první level
6909580	6910920	jenom veřejného mínění.
6911220	6914180	Že prostě bez té oze energetiky
6914180	6915280	se prostě neobejdem.
6915880	6917200	A jestliže si budeme říkat,
6917340	6919240	jak strašné a hnusné a škodlivé
6919240	6920280	jsou ty větrníky,
6920920	6922260	tak ať mi pak někdo vysvětlí,
6922260	6924000	jak vypadají stožáry v krajině.
6924220	6926100	Viděli jste někdo do uhelný důl,
6926160	6927320	jak vypadá, jak ta krajina
6927320	6928660	celá kolem je poškozená.
6929860	6932260	A ty doly a ty stožáry v krajině
6932260	6932960	jsou tu k tomu,
6933040	6934140	aby jsme měli energii,
6934280	6935380	aby jsme za ní platili,
6936180	6938000	zaplať pán Bůh tolik, co platíme,
6938240	6939440	když je to strašně moc
6939440	6940820	v porovnání s tím, co bylo.
6941520	6942440	Ale prostě pokud
6942440	6943420	tu zelenou energetiku
6943420	6944800	nevyřešíme do budoucna,
6944920	6946300	tak budeme platit podstatně víc,
6946340	6947240	než platíme dnes,
6947440	6948680	pokud ta energetika bude.
6948680	6951860	To, kudy se posouvá v tuto chvíli
6951860	6952780	česká energetika,
6952920	6954900	je k tomu, že se spolehá na importy.
6955540	6957540	A ty importy budou převážně z Německa,
6958140	6959680	jejíž zelená energetika
6959680	6962240	je už někde dneska na průměru
6962240	6964900	daleko vyšším,
6965060	6967480	než v České republice.
6967680	6971000	A bez větrníků
6971000	6972980	nevyřešíme elektriku
6972980	6974420	přes zimní období.
6974420	6979100	Ne, určitě vám naprosto rozumím
6979100	6980720	a to je proč já jsem končil
6980720	6982960	to mé vystoupení
6982960	6984460	nebo ten úvolk tomu materiálu
6984460	6986160	tím, že my nejsme
6986160	6988060	z pozice Rady města Zlína
6988060	6990380	jako proti, řekněme,
6990500	6991560	té zelené energetice.
6992380	6993740	Stejně tak se nechceme chovat
6993740	6996160	jako, když to řeknu ve stylu,
6996380	6997420	nemáme s tím problém,
6997500	6998700	ale hoďme to k sousedovi
6998700	6999500	nebo někam jinám.
6999600	7001680	To znamená, tak jak to známe
7001680	7002580	častokrát z nějakých
7002580	7003460	stavebních řízení,
7003880	7004880	nemám s ničím problém,
7004980	7006140	ale ať to není vedle mě.
7006940	7008160	My pouze říkáme,
7008580	7011420	že my jsme nebyli vlastně
7011420	7012620	přizváni vůbec
7012620	7013500	v té debatě
7013500	7015780	o tom výběru těch lokalit.
7016440	7017800	My respektujeme plně,
7017880	7019300	že ty lokality někde musí být,
7019360	7020500	protože tu máme závazek
7020500	7021540	vůči Evropské unii
7021540	7023460	a v hodnotě miliardy eur
7023460	7025180	a vlastně ta miliarda eur
7025180	7026820	už se částečně začala i čerpat.
7027000	7027800	Takže to není o tom,
7027800	7031940	že by se vláda rozhodla
7031940	7033800	a více mě se jenom škrtne to,
7034080	7035100	že to k nám nedoteče.
7035180	7036380	Ono už se to začalo čerpat.
7037200	7038720	Takže my se snažíme
7038720	7039680	být konstruktivní
7039680	7041700	a opravdu spíš jenom řešit to,
7041800	7042920	že tato lokalita
7042920	7044840	prostě není vhodně zvolená
7044840	7046260	z vícero důvodů,
7046480	7047620	kdy jedním z nich je samozřejmě
7047620	7049580	opravdu ta těsná blízkost
7049580	7051580	k těm občanům.
7051580	7054940	A ty lokality jsou,
7055040	7056200	ještě jako i v blízkosti,
7056200	7058340	řekněte, to lokality jsou
7058340	7059940	lokality, kde by další,
7060100	7061380	kde by to mohlo být postaveno
7061380	7063820	a nebylo by to nějakým způsobem závadné.
7064500	7065840	Protože samozřejmě například
7065840	7068920	i dálnice D55
7068920	7070200	prostě pokračuje
7070200	7072540	a prostě má vedle sebe
7072540	7073420	nějaké lokality,
7073580	7074540	čtyří polí,
7074640	7076700	ale prostě různých míst,
7076800	7078160	kde by se to dalo umístit
7078160	7080020	například i ve větším rozsahu.
7080020	7082020	A nebylo by to tak dráždivé
7082620	7083940	vůči těm občanům
7083940	7086000	toho, řekněme, našeho města,
7086200	7088440	případně okolních měst.
7088560	7090420	Takže to je spíš ten problém,
7090500	7091420	který my vnímáme,
7091920	7093060	kdy my nejsme proti té,
7093240	7094500	vlastně proti umístění,
7094580	7096800	řekněme, zelené energetiky
7096800	7097620	a využívání,
7097760	7098480	ale jenom říkáme,
7098940	7101260	prostě nebyli jsme vlastně
7101260	7102840	nějak vyzváni ke konzultaci
7102840	7104900	v době, kdy se ty jednotlivé lokality
7104900	7107700	tady na území z Linského kraje řešili,
7107700	7109280	abychom mohli říct si,
7109680	7111840	tady ano, tady prosím ne,
7111940	7113000	protože to opravdu,
7113380	7115040	té lokalita je využívána občany
7115040	7116780	a vlastně způsobí to problém
7116780	7119900	a naopak problém v povolovacím procesu,
7120540	7121860	protože akcelerační zóny
7121860	7123080	prosím znamenají to,
7123680	7125420	že ten zhotovitel
7125420	7127000	v rámci stavebního řízení
7127000	7129820	nebude muset řešit proces EI,
7130440	7131780	ale jinak standardní proces
7131780	7132720	bude probíhat.
7132880	7133480	To znamená,
7134040	7135800	on nebude povinen pouze,
7135800	7137400	jako bude moci vynechat EI,
7137680	7139800	ale jinak ve standardním stavebním procesu
7140460	7141800	se dá silně očekávat,
7142460	7143780	že pokud to bude takto umístěno
7143780	7145600	nebo prostě opravdu v té těsné blízkosti,
7145680	7147320	jak je to tady návržené v těch Malenovicích,
7147700	7149200	tak tam bude velmi silný odpor
7149200	7150440	a prostě to vzhledem k tomu,
7150480	7151640	jak vnímáme asi všichni,
7151720	7153640	jak dlouho se tady snažíme získat
7153640	7154520	územní rozhodnutí
7154520	7155940	na propojení
7155940	7158380	dální CD 49
7158380	7160520	s komunikací 1,49
7160520	7161920	s tím, že jako tu naší část
7161920	7162940	o vpatu záležné,
7163600	7164440	když už 500 dní
7164440	7166280	nebo víc než skoro takská dva roky
7166280	7169120	řešíme odvolání ekologického spoluku
7169120	7170520	na podjato z Línského kraje,
7170520	7172600	tak prostě pokud to my naopak
7172600	7174200	se snažíme jít tou cestou,
7174340	7176120	že říkáme ano,
7177300	7178580	plně respektujeme tomu,
7178600	7179620	že to má vzniknout,
7179780	7181700	plně respektujeme nějaký úsled ten trend,
7181800	7182800	ať už s ním souhlasíme
7182800	7183600	nebo nesouhlasíme,
7183720	7184940	prostě takhle je to nastaveno,
7185500	7187620	ale proto prosím to dejme do lokality,
7187800	7190640	kde to bude moci reálně vzniknout
7190640	7192640	a ne, že se bude přetlačovat,
7192740	7193220	když to řeknu,
7193280	7194420	velký veřejný odpor.
7194940	7195720	Takže to je vlastně
7195720	7197660	ty naše debaty,
7197760	7199500	které se snažíme vzm ministerstvem
7199500	7200880	a uvidíme,
7201040	7202780	jak úspěšní budeme.
7203640	7205520	A já se přiznám,
7205600	7206560	že samozřejmě například
7206560	7208040	v některých jiných lokalitách,
7208120	7209640	mimozdým to také nezávidím,
7209720	7210760	protože ty větrníky,
7210880	7211920	ty současné generace,
7212040	7214300	to je vlastně větrník 250 metrů vysoký,
7214800	7215960	to už prostě samozřejmě
7215960	7217980	je trošku nějakým čem jiném
7217980	7220120	a tam ty debaty jsou samozřejmě
7220120	7221460	ještě o to intenzivnější.
7221740	7223040	Takže já si myslím,
7223040	7224960	že my tady chceme být
7224960	7226140	konstruktivním partnerem
7226140	7227240	v rámci té diskuze.
7227740	7228520	Problém je ten,
7228520	7230880	že jsme byli osloveni
7230880	7232040	až na konci,
7232260	7234180	kdy už těch změn
7234180	7235660	nebo ve výsledku těch debat
7235660	7237620	není už moc jakoby kde,
7237760	7238380	jak je vést.
7239040	7239560	A proto,
7240100	7241620	ačkoliv můžeme být konstruktivní,
7241780	7242820	tak prostě je otázkou,
7242880	7244880	co se nám podaří reálně prosadit.
7246740	7248360	Poprosím, Aleš Eduvka.
7249780	7251920	Tak já možná taky nějakou poznámku,
7251920	7252960	k tomu měl.
7253260	7254660	Já pro ten materiál samozřejmě
7254660	7257040	budu s klidným svědomím hlasovat.
7257040	7258400	Vnímám ho jakési vlastně
7258400	7259400	gesto naše učí
7259400	7261300	malinovickým občanům.
7261400	7262120	Nicméně myslím si,
7262240	7263240	že by bylo dobré
7263240	7265340	jakoby nějaký neklid
7265340	7266460	nebo nějaké emoce
7266460	7267580	trochu sklidnit.
7268080	7268800	Už jenom proto,
7269020	7270420	že vlastně Zlínský kraj
7270420	7271040	je oblast,
7271180	7272680	kde skutečně nejméně fouká
7272680	7273460	v celé republice.
7273600	7274360	Ve Zlínském kraji
7274360	7275560	fouká úplně nejméně.
7276120	7277480	Jako všude jinde fouká víc.
7278000	7278300	Myslím si,
7278300	7279060	že když to ta vláda
7279060	7279860	takhle stanovovala,
7279940	7281660	tak to primárně stanovovala
7281660	7282320	pro oblast
7282320	7282840	vlastně
7282840	7283760	severních chřibů,
7283840	7284120	to znamená
7284120	7284780	tam ty věžky,
7284880	7286460	morkovice a tady tohle všechno,
7286520	7287840	kde tam fakt fouká z téhane.
7288400	7288980	A podle mě,
7289120	7289940	tak aby se neřeklo,
7290060	7291040	tak tady hodil ještě
7291040	7291500	možná
7291500	7292900	jako západ z Líná.
7293040	7293740	Ale podle mě
7293740	7294040	jako
7294040	7295600	tam reálnost
7295600	7296820	stavby nějakého větrníku
7296820	7297660	tam v té oblasti
7297660	7298480	je velmi malá.
7298480	7299460	protože bych chtěl
7299460	7299780	fakt vidět
7299780	7301040	toho investora,
7301120	7301580	co by šel
7301580	7302420	do toho rizika
7302420	7303580	hádek
7303580	7304220	s nějakýma
7304220	7304520	třeba
7304520	7306120	vlastníkama
7306120	7307040	sousedních pozemků
7307040	7307960	a navíc
7307960	7308600	navíc vlastně
7308600	7309520	by vůbec nevěděl,
7309620	7310120	jestli mu to
7310120	7311720	tu investici něco vrátí,
7311800	7312380	protože tam prostě
7312380	7313300	nefouká tolik,
7313540	7314940	kolik by mělo.
7315120	7315660	Takže jako
7315660	7316620	myslím si,
7316740	7317220	že by bylo dobré
7317220	7318320	zachovat určitý klid.
7320620	7321060	Ano,
7321260	7321680	jenom
7321680	7323320	nám v těch Mladnovicích
7323320	7323920	je navržená
7323920	7325020	solární elektrárna,
7325020	7326000	několik ten větrník,
7326080	7326980	ten by tam vůbec
7326980	7327960	už jako opravdu
7327960	7328840	jako neměl smysl
7328840	7330080	a ten solár
7330080	7331080	je taky otázku
7331080	7332560	ta fotovoltaická elektrárna,
7332700	7332940	protože,
7333020	7333220	říkám,
7333400	7334360	je to z velké části
7334360	7335100	severní svách,
7335240	7335560	takže
7335560	7336440	těch ní víme,
7336500	7337540	že ty se staví z pravidla
7337540	7339120	ty fotovoltaická elektrárny
7339120	7339580	na svazích,
7339700	7340660	které jsou nakoněné jinam.
7342160	7343080	Ale to určitě
7343080	7343520	ještě tak pak
7343520	7344140	Jirka Robenek
7344140	7345260	všechno,
7345260	7345920	všechno věřím,
7346000	7346760	že ještě zhrne.
7347560	7348340	A poprosím tedy
7348340	7349220	náměstka
7349220	7350140	pana Wolfa.
7351660	7352680	Jmen taky ode mě.
7353340	7354120	Já si myslím,
7354200	7354700	že by bylo dobré
7354700	7355560	jako předkladatel
7355560	7356220	a navrhovatel
7356220	7357060	vůbec toho materiálu,
7357120	7358100	bych se k tomu taky vyjádřil.
7358780	7359100	Budu
7359100	7361300	na pana Dudáka reagovat.
7361500	7361720	Ono,
7361840	7362320	vy jste mluvil
7362320	7363460	o větrníkách původně.
7363600	7364080	Tady se jedná
7364080	7365520	o 50 hektarů
7365520	7365980	plochy,
7366140	7366500	kde bude
7366500	7367660	fotovoltaika
7367660	7368360	v podstatě na,
7368360	7369100	nebo je
7369100	7371420	zamýšlená fotovoltaika
7371420	7372820	na zelené půdě.
7372980	7373860	To je na louce,
7374040	7374860	části lesa,
7374860	7376100	je tam nějaká půtní cesta
7376100	7377180	ke Svaté vodě
7377180	7377960	v Malenovicích.
7379540	7380220	Myslím si,
7380420	7381220	že i samotná
7381220	7381880	ta směrnice,
7382080	7383120	která vlastně
7383120	7385020	říká ministerstvu,
7385140	7386040	kde by měla být
7386040	7387460	tady fotovoltaika,
7387560	7388580	popřípadě ty větrníky,
7389060	7389560	tak se baví,
7389600	7390140	že by to měly být
7390140	7390860	brownfieldy,
7391440	7392180	různé bývalé
7392180	7393060	těživní areály,
7393160	7393700	popřípadě
7393700	7394720	ta skládka,
7394720	7396040	která je v Kvítkovicích
7396040	7397340	docela kousek.
7397600	7398340	A naopak se má
7398340	7398840	vyhýbat
7398840	7399900	takovýmhle prostorům,
7399900	7400640	které jsou blízko
7400640	7401200	zástavby.
7401760	7402660	Tam je podmínka
7402660	7403320	nebo je tam nějaký
7403320	7404340	limit 500 metrů,
7404440	7404940	tady jsme možná
7404940	7406460	50 metrů od zástavby
7406460	7407900	v některých těch místech.
7408620	7409900	A zároveň
7409900	7410780	ta lokalita je
7410780	7411900	docela cená
7412620	7414720	i v oblasti
7414720	7415680	životního prostředí.
7416120	7417160	Odbor životního prostředí
7417160	7418000	tam už před nějakýma
7418000	7419700	10-12 rokama
7419700	7420840	měl v plánu
7420840	7422060	vyhlásit VKP,
7422500	7423320	aby to byla lokalita,
7423420	7424380	která nebude dotčena
7424380	7424900	nějakou zástavbou
7425520	7426500	nebo nějakýma změnama.
7426900	7427720	A teď se bavíme o tom,
7427720	7428700	že bychom ho kompletně
7428700	7429560	a 50 hektarů
7429560	7430260	není malá plocha
7430260	7431120	zastavili.
7431480	7431940	Takže proto
7431940	7433160	není to o tom,
7433220	7434100	že bychom nesouhlasili
7434100	7435240	i tak znít ten materiál,
7435620	7436680	že nesouhlasíme s tým,
7436760	7437820	aby se vybudovala někde
7437820	7439800	takováhle
7439800	7441420	fotovoltaická plantáž,
7441500	7441760	nebo nevím,
7441800	7442300	jak to nazvat,
7442620	7443240	ale nejsme
7443240	7444120	zajedno
7444120	7445560	s tým umístěním.
7445700	7446340	To je na tom místě
7446340	7447040	úplně špatně.
7448040	7449380	Takže to je za mě všechno.
7449460	7449660	Děkuji.
7450460	7451140	Mlžstvíme děkuji
7451140	7452040	za to upřesnění
7452040	7453360	a další zásí
7457720	7457960	den.
7459020	7459500	Já si myslím,
7459540	7460160	že celý problém
7460160	7460900	tady u toho
7460900	7462240	byl ten,
7462360	7463160	že ten postup byl,
7463200	7463980	jak říkal pan primátor,
7464020	7464760	přesně obrácený.
7464860	7465380	Nikdo se tady
7465380	7466340	v lokalitě neptal
7466340	7467000	na to,
7467040	7467820	jestli tady má být
7467820	7468600	nebo nemá být.
7468660	7469560	Já bych ocenil aktivitu
7469560	7470160	Jirky Robenka,
7470280	7471260	který to opravdu rozběhla
7471260	7471880	a všichni ostatní
7471880	7472460	jsme ho přidali.
7473220	7474340	A stejně tak jako
7474340	7475240	alež s klidným svědomím
7475240	7476100	tady budu hlasovat
7476100	7476480	pro to,
7476600	7478120	aby tato lokalita
7478120	7478720	z toho byla dána
7478720	7479580	pryč na drostanu.
7479580	7481100	To, že bychom se
7481100	7482440	bez zelené energie
7482440	7483720	obešli do budoucna
7483720	7485580	je naprostý nesmysl
7485580	7487000	a bez hledu na to,
7487120	7488000	co říká Evropská unie,
7488100	7488560	bez hledu na to,
7488620	7489520	jestli máme závazky
7489520	7490020	k Evropské unie
7490020	7490560	nebo nemáme,
7491040	7491800	ale prostě bez toho
7491800	7492300	to nepůjde.
7492660	7493960	Takže budeme muset
7493960	7494600	hledat cesty,
7495180	7496180	ale výrazně,
7496540	7497900	možná rozumnějším způsobem
7497900	7499220	využívat možností,
7499340	7501200	které dává nová technologie,
7501360	7502000	postupně s tím
7502000	7502840	takhle pracovat
7502840	7504020	a možná s větším
7504020	7504340	myslím,
7504400	7504840	netuším,
7504920	7505900	jak předcházející vláda
7505900	7506860	tyhle věci vymýšlela,
7506960	7507400	proč je dala,
7507500	7508400	ale jakým způsobem
7508400	7509960	to už asi nemá smysl
7509960	7511680	rozklíčovávat,
7512180	7512920	ale tady určitě
7512920	7513740	tohle nebyla zrovna
7513740	7515380	vzvolená lokalitá rozumě.
7515840	7516960	Proto to podpoříme.
7518420	7519500	Dobrá, množka děku.
7519640	7520640	Poprosím pana Juráše.
7522740	7523480	Dobrý den,
7523640	7524260	dámy a panové.
7525180	7525940	Ono už toho hodně
7525940	7526560	podstatného
7526560	7527740	u tohoto témata zaznělo.
7527840	7529060	Já drobně navážu,
7529140	7529680	dělám z toho dvě
7529680	7530380	takové vrstvy.
7531580	7532820	Hlavně voli kolegům z SPD,
7533900	7534920	pře na zastupita
7534920	7535880	z Tuzinského kraje
7535880	7537040	jsme slyšeli
7537040	7537980	tklivé příběhy
7537980	7539260	o ohrožování života
7539260	7540300	zdraví občanů
7540300	7542680	ultrazvukovými vlnami,
7542860	7543520	které vylizují
7543520	7544480	větrné elektrárny,
7544600	7545700	tak bych se k tomu
7545700	7546460	přeci jen vrátil.
7547420	7548340	Takže první vrstva.
7549020	7549680	Evropa není
7549680	7550980	energeticky soběstačná
7550980	7551760	a nikdy nebude.
7553100	7553940	Naše území
7553940	7554820	nám neposkytuje
7554820	7556240	dostatek nerostů,
7556480	7557260	minerálu,
7557360	7557840	nemáme zde
7557840	7558740	na ležiště ropy,
7559560	7560800	nejsme schopni sami
7560800	7561740	spalovat
7561740	7562860	fosilní paleva.
7563620	7564520	Jsme energeticky
7564520	7565660	závislá země,
7565860	7567920	musíme energii dovářet.
7568260	7569960	Stejně jako celá Evropa.
7570380	7572060	Proto máme tak velké problémy
7572060	7573080	v současné době,
7573580	7574740	kdy je uzavřen
7574740	7575840	hormonský průliv,
7575980	7577320	protože se nám nedostává
7577320	7577760	do Evropy
7577760	7578980	energetických zdrojů,
7579340	7580620	které potřebuje k tomu,
7580720	7582040	aby jsme obrazně řečeno
7582040	7582980	poháněli
7582980	7585320	kola naši průmyslové výroby,
7585460	7586640	topili naše byty
7586640	7588540	a měli se ve skrze dobře.
7589660	7590560	Evropská unie,
7590660	7591680	jestli toho vědoma je,
7591960	7592760	reaguje tím,
7592860	7594660	že říká jednotlivým státům,
7594760	7595280	prosím vás,
7595500	7596220	pojďme udělat,
7596380	7596980	co můžeme,
7597480	7599040	přetavme sluneční svit
7599040	7600020	a větrnou energii
7600020	7601140	na elektrickou energii,
7601560	7603140	která pohání
7603140	7604060	naše stroje.
7604600	7605500	My vám za to dáme,
7605560	7606680	na to dáme peníze.
7607140	7608460	Dáme vám peníze na to,
7608620	7609960	abyste si nemuseli
7609960	7611700	otravovat svůj vzduch
7611700	7612760	vypoužděním
7612760	7615320	spalování emisí z uhlí.
7615320	7617140	dáme vám peníze
7617140	7617440	na to,
7617500	7618700	abyste si nelikvidovali
7618700	7619860	životní prostředí
7619860	7620820	a dáme vám peníze
7620820	7621640	i na to,
7622320	7623760	abyste si neotravovali vodu
7623760	7624480	a zachovali
7624480	7626160	své životní prostředí
7626160	7627460	v lepším stavu,
7627840	7628380	než ve kterém
7628380	7629260	jste ho převzali
7629260	7631140	pro vaše budoucí generace.
7631220	7632840	Čili zmiňování
7632840	7633440	Evropské unie
7633440	7634560	na všech stranách
7634560	7635460	bych poprosil,
7635500	7636620	aby bylo korektní,
7636820	7638360	poctivé a férové.
7638480	7639380	To je záměr.
7640160	7641720	Otázka akceleračních zón
7641720	7642600	je otázka
7642600	7643900	naprosto druhá,
7644060	7644920	to znamená tam,
7645060	7646540	kde se mají umístěvat
7646540	7648720	zdroje obnovitelné energie.
7649360	7650040	V současné době
7650040	7650960	se bavíme o dvou
7650960	7652940	základních typových zdrojích,
7653040	7653720	větrná energie,
7653860	7654980	větrníky, jasně,
7655520	7657200	a fotovoltaická energie.
7657340	7658900	To znamená fotovoltaické panely,
7659000	7660480	které přetavují sluneční svít,
7660580	7661440	zjednodušeně řečeno
7661440	7662440	na elektrickou energii.
7663600	7664340	Teďka řešíme
7664340	7665260	konkrétní zónu
7665260	7666020	v Malenovicích.
7666020	7667560	My nejspíše
7667560	7668960	také podpoříme
7668960	7669900	to stanovisko,
7670400	7671800	byť a ta druhá vrstva
7671800	7672760	u tohohle detailu
7672760	7673640	spočívá v tom,
7673740	7675180	že ten připravený materiál
7675180	7676420	a jeho odůvodnění
7676420	7677800	obsahuje
7677800	7679820	zájemně si odporující závěry.
7680320	7680900	Vysvětlím.
7681580	7682600	Máme třeba bod jedna,
7682720	7683460	který říká,
7683620	7685440	že dle platného územního plánu
7685440	7687080	je předmětná akcelerační obrad
7687080	7687700	navržená jako
7687700	7688900	plocha zemědělská,
7689440	7690240	plocha smíšené
7690240	7691600	nezastavěného území.
7691600	7692960	Kdyby jsme zde umístili
7692960	7694080	akcelerační oblast,
7694220	7695440	cituju z materiálu,
7696020	7696900	tak budeme říkat,
7696980	7698000	že to má výrazný dopad
7698000	7699140	na krajný ráz,
7699400	7700880	kvalitu životního prostředí,
7701040	7702020	obytnost místa,
7702260	7703040	pohodu bydlení,
7703180	7704440	koncepční rozvoj města
7704440	7706120	v zemědělském území,
7706480	7707920	v nezastavitelné ploše.
7708740	7709720	Když to říká územní plán,
7709780	7710640	že takhle to tam fungovat
7710640	7711420	nikdy nebude,
7711940	7712520	tak proč z toho
7712520	7713460	dovozujeme závěry
7713460	7714580	k akcelerační zóně?
7715840	7717320	Zmiňujeme mimo jiné to,
7717320	7719740	že není to vhodné
7719740	7722440	z pohledu morfologie území.
7722580	7723340	Tomu rozumíme.
7723500	7724720	Má tam být fotovoltaika,
7724860	7726660	tak morfologie já si představuju tak,
7727080	7727940	že to není vhodné
7727940	7730000	pro umístění fotovoltaických panelů.
7730520	7731900	Asi tam je nějaká překážka.
7732580	7734320	A omezený energetický potenciál.
7735100	7735900	Tak tomu nerozumím.
7736100	7736700	Je to louka,
7737160	7738220	cvítí na to slunce,
7738720	7739820	tak mi někdo musí vysvětlit,
7739820	7741580	jestli omezený energetický potenciál
7741580	7742040	znamená,
7742140	7743880	že tam neumístím dostatek těch panelů,
7744160	7745200	nebo že tam nesvítí,
7745200	7746240	nebo je to v zákrytu,
7746320	7747360	nebo co se vlastně děje.
7747860	7750640	Čili já neříkám,
7750860	7752800	že nemá být respektováno všechno,
7752860	7754420	co zmínil třeba pan náměstek Wolf.
7754540	7755240	Ten řekl, hele,
7755440	7757160	je to dost blízko té zástavby,
7757260	7758220	takhle to úplně nechcem.
7758780	7759180	Jo, chceme,
7759240	7760200	aby to fungovalo jinak,
7760600	7762360	ale poprosil bych město,
7762480	7764220	aby když už dělá tu racionalizaci,
7764620	7766980	tak si dalo možná lepší práci
7766980	7768160	s těmi argumenty,
7768360	7769800	proč vlastně chce podpořit
7769800	7771020	ten záměr těch obyvatel.
7771020	7774040	A hlavně jsem tady
7774040	7775660	v takové zvláštní pozici,
7775740	7776300	čekal bych to,
7776400	7777900	ale pan Robenek ještě bude mluvit
7777900	7778800	o dostatních,
7778800	7779840	jako řekněme,
7780700	7782700	asi více liberálně orientovaných strán,
7783240	7784920	že se budou hlásit
7784920	7787660	opravou k obnovitelným zdrojům energie.
7788020	7788300	Děkuju.
7791180	7792100	Dobrá, děkuji.
7792220	7793800	A poprosím ještě pana Robenka.
7795020	7796680	Tak, děkuji za slovo.
7797460	7799380	Já se pokusím teď v krátkosti
7799380	7800480	stručně nastínit,
7800580	7802100	v jaké jsme aktuálně situaci.
7802980	7804320	My jsme kontaktovali
7804320	7805740	Ministerstvo pro místní rozvoj
7805740	7807560	s tím, že vidíme opravdu
7807560	7809920	tady tu lokalitu za nešťastně zvolenou,
7810440	7811780	ale zároveň jsme dodávali to,
7811880	7813360	že si uvědomujeme prostě,
7813480	7816380	že vyčlenění konkrétní zóny,
7817100	7818260	byť je to v našem katastru,
7818340	7819080	je potřebné
7819080	7821760	a že chceme najít nějaké jiné řešení.
7823300	7824220	Postupovali jsme tak,
7824300	7826280	že jsme prozkoumávali další plochy,
7826920	7829220	které splňují ty zásadní parametry
7829220	7830520	o kterých v rámci
7830520	7832540	tady tohoto zákona
7832540	7835220	ti lidé, kteří ty zóny vytyčovali,
7835440	7836660	stojí jako primární.
7837560	7838660	Týká se to především
7838660	7839840	té erodované půdy.
7840520	7842280	Když je tam vysoká míra té eroze,
7842460	7843740	tak je to základní ukazatel,
7843780	7845420	na základě kterého oni se rozhodují,
7845500	7846280	zda ano nebo ne.
7847680	7849480	My jsme se pokusili navrhnout
7849480	7851300	tři nějaké náhradní lokality,
7851820	7852780	ty jsme jim předložili
7852780	7854640	a v současné chvíli čekáme na to,
7854740	7856840	zda to bude možné nebo nebude.
7856840	7858820	Rozhodujícím faktorem,
7858940	7860420	protože celý tento proces
7860420	7862300	schvalování a navrhování
7862300	7864280	akceleračních zón je pod velkým
7864280	7865380	časovým tlakem,
7865860	7868120	tak rozhodujícím faktorem je v současné chvíli
7868120	7870200	to, zda ministerstvo
7870200	7873040	k navrženým náhradním akceleračním zónám
7873040	7874500	má k dispozici
7874500	7875740	zpracovanou seu,
7876160	7878020	jestli tam proběhl v tom jejich
7878020	7880620	přípravném procesu průzkum nebo neproběhl.
7881220	7882020	Pokud nikoliv,
7882120	7883740	tak ta šance na výměnu té zóny
7883740	7884860	je prakticky nulová.
7884860	7887060	Samozřejmě ta diskuze,
7887060	7889360	já rozumím tomu, na co narážíte,
7889860	7890840	se v řadě případů
7890840	7892760	ať už u těch větrných elektráren
7892760	7894280	a i u těch solárů zvrhává
7894280	7896440	k nějakým konspiračním teoriím a podobně.
7897440	7898880	Na druhou stranu to není úplně to,
7898940	7900460	co my bychom komunikovali,
7901120	7902760	ale říkáme, že
7902760	7904880	tady ta navržená konkrétní zóna
7904880	7906660	není opravdu hodně vybraná.
7907600	7908900	Asi bychom v této situaci
7908900	7910820	nebyli, ať už ve Zlíně nebo
7910820	7912640	v jiných obcích Zlínského kraje,
7912640	7915240	kdyby tady tomu vyčlenění
7915240	7917060	předcházela jakákoliv debata
7917060	7919380	se starosty nebo se zastupiteli
7919380	7920380	dotčených obcí.
7921060	7923780	Protože není to úplně tak
7923780	7925500	ani v těch diskuzích s těmi starosty,
7925560	7926900	já jsem z několika z nich mluvil,
7927460	7928960	že by měli nějaký zásadní,
7929100	7930540	principiální problém s tím,
7930640	7932180	že by u nich mělo něco vzniknout,
7932900	7934780	ale je to prostě problematika toho,
7934840	7935640	že to vzniká v místech,
7936340	7938160	kde ten kontakt s těmi obyvateli
7938160	7938860	prostě bude,
7938860	7941500	nebo v místech, které mají nějaký lokální
7941500	7943560	význam, ti lidé tam chodí
7943560	7945280	trávit volný čas na procházku,
7946060	7947520	je to vytížené prostě místo.
7948060	7949260	Tak samozřejmě potom dochází
7949260	7950120	k tady té, řekněme,
7950220	7952420	až hysterické reakci od společnosti.
7953460	7954580	Na druhou stranu, já musím říct,
7954640	7956780	že je trošku možná opodstatněná
7956780	7957940	ta hysterická reakce
7957940	7959220	a to v tom ohledu,
7959320	7960900	že to projednávání
7960900	7962980	tady tohoto záměru
7962980	7964040	obnovitelných zdrojů
7964040	7966700	je v neskutečné časové tisni.
7967080	7968940	Nechci tady rozebírat ty důvody,
7969180	7970940	proč je to v takové časové tisni,
7971560	7973400	ale jenom když se zamyslíme nad tím,
7974320	7976640	jakým způsobem tady například
7976640	7978860	je dlouhodobě zdržována
7978860	7981180	a rozporovaná dostavba dálnice,
7981900	7983000	co se kolem toho děje,
7983100	7984500	jak to projednávají soudy,
7984620	7986380	do jakého detailu se přeskoumává
7986380	7988220	výskyt živočíchů a podobně.
7988220	7990260	A potom to mám porovnat s tím,
7990880	7993240	jak je zpracována zpráva
7993240	7995620	o životním prostředí
7995620	7997340	v té lokalitě akceleračních zón,
7998060	8000120	tak si trošku klepu na hlavu,
8000200	8001260	protože je to opravdu
8001260	8003520	neskutečně neporovnatelné.
8003680	8004640	Tady se spěchá,
8005160	8006100	tady se přehlíží,
8006200	8008220	zatímco u dostavby dálnice,
8008360	8009680	byť je to nějaká liniová
8009680	8010940	strategická stavba,
8011460	8012580	tak se nám všechno protahuje
8012580	8013320	o spoustu let.
8014040	8016520	Takže za mě takto jenom v krátkosti.
8016520	8016940	Děkuji.
8018220	8020500	Dobrá, moc která děkuju
8020500	8021300	za to zhrnutí.
8021860	8023240	Poprosím ještě pan Skála.
8025580	8027060	Záměru, já to úplně nevím,
8027280	8028000	jak to tam je,
8028420	8031040	ale vím, že je to kus Malinovic,
8031140	8032980	který je obyvatelí oblíben,
8033080	8034300	chodí na procházky
8034300	8036680	a kdo jste byli na té demonstraci,
8036820	8038700	víte, že ten odpor tam byl velký.
8039220	8041340	A já osobně svůj názor říkám,
8041480	8043220	že toto patří na střechy,
8043280	8044560	máme hromadu volných střech,
8044680	8046520	parkovišť, betonových ploch
8046520	8048500	a my to furt dáváme do přírody.
8048960	8051120	Když jedete přes Otrokovice
8051120	8054300	kolem Barumu, tam důle,
8054300	8056060	tak Barum, tolik střech,
8056340	8057300	všecko prázdne
8057300	8060440	a letiště, sluneční elektrárny.
8060800	8062160	Teď je to na hlavu postavení.
8062160	8063880	Naši předci by nás museli hnat,
8064000	8066380	jak to je všecko k tomu.
8066440	8067560	Já jsem zásadně proti.
8068760	8069760	Dobrá, moc káme děkuji.
8069860	8071400	Poprosím pana náměstka Chalánka.
8072340	8073220	Děkuji, pane primátore.
8073680	8075380	Já jenom krátká reakce na to,
8075460	8076240	co říká pan Juráž.
8076320	8077460	Ono je to opravdu tak,
8077540	8079980	jakože bez toho mixu se neobejdeme.
8080100	8081100	To je první věc.
8081220	8082880	Samozřejmě dobře stanovit ty pochy,
8082940	8083660	to je druhá věc.
8083660	8085760	Já bych řekl,
8085800	8087100	že každý musíme taky
8087100	8088620	trošku jako začít u sebe
8088620	8090800	a něco pro to udělat.
8091260	8092280	My samozřejmě město
8092280	8094000	vzorou kvolnosti,
8094460	8095380	myslím, že v úterý
8095380	8097900	kolaudujeme na
8097900	8101680	nazvo 800 kW
8101680	8102800	vlastně na Carportech.
8102800	8104460	Je to takovou unikátní stavbu
8104460	8106900	jako zase vlastně toho
8106900	8108580	našeho energetického sdružení.
8109160	8110900	Mimochodem, teď jsme schvalovali
8110900	8112500	další, když
8112500	8114500	schvalovali jsme další
8114500	8116040	přidělení peněz na upravy střech
8116040	8117660	16. a 17. a
8117660	8119360	Mateřská škola Kuty,
8119540	8121680	kde počítáme nějakých 200 kW.
8121820	8122640	Ale já chci jenom
8122640	8125120	využít ten kontrast.
8125300	8127120	Jestli pan Skála mluví o střechách.
8128160	8129780	Ta plocha je nastavená
8129780	8130940	na 50 MW.
8131140	8132380	50 MW.
8133100	8134740	Na těch střechách
8134740	8137500	to neuděláte.
8137640	8138860	Nehledě na to, že ty střechy
8138860	8140580	samozřejmě dneska nejsou už
8140580	8141960	ty historicky stavěné
8141960	8142960	jako postavené na to,
8142960	8144720	aby nesli tu zátěž,
8144760	8146580	aby ho hovalo všem těm parametrom.
8146700	8148720	Takže já souhlasím s tím,
8148840	8150020	když je to takové
8150020	8151820	v tuto chvíli
8151820	8153780	neúplně populární to říct,
8153840	8155760	ale my bez těch akceleračních zón
8155760	8156840	se neobejdeme.
8156840	8158560	získat toho mixu.
8158640	8159780	My je budeme muset dělat.
8160160	8161100	Můžeme se bavit o tom,
8161180	8162800	že by měly vznikat jindé,
8163000	8164060	za jiných podmínek,
8164400	8165660	v rámci jiné diskuze,
8166340	8167760	ale ještě bych řekl jednu věc
8167760	8169840	a s tím se tady setkáváme
8169840	8171840	všichni pořád.
8171840	8173240	To znamená,
8173300	8175300	my jsme poměrně silně
8175300	8178600	hustě zabydlené oblasti,
8178660	8179680	tím myslím Českou republiku,
8179760	8180840	takže ať když ten větrník
8180840	8181660	postavíte kdokoliv,
8181740	8182580	tak vždycky bude někdo,
8182720	8183460	komu to bude vadit.
8183900	8185040	A tady jde o to,
8185680	8187280	jak to vykompenzovat,
8187520	8189420	co těm lidem dát jako kompenzaci,
8189760	8191740	kde tu lokalitu vybrat,
8191980	8194220	ale to ústřední téma je,
8194340	8196300	my potřebujeme energetický mix
8196300	8197300	pro budoucnost
8197300	8201060	a ten mix prostě nemůže vzniknout
8201060	8201820	jen na střechách.
8201840	8203020	To není možný.
8205340	8207180	Dobrý, moc děkuji za to ukřesení
8207180	8208860	a poprosím ještě paní Pešatovou.
8210040	8210840	Dobrý den,
8210920	8213040	protože ta debata byla dlouhá,
8213160	8215940	tak já jsem se nějak rozpomněla
8215940	8217620	na nějakou historickou paralelu,
8217760	8219580	se kterou bych se s váma ráda podělila,
8220420	8224800	protože o těch akceleračních zónách
8224800	8226320	v podstatě jednali
8226320	8228440	už na začátku 20. století.
8228560	8229920	Možná, že některý z vás
8229920	8231060	si taky vzpomene na
8231060	8232400	jméno,
8234540	8236480	který ještě
8236480	8238900	před vznikem republiky
8238900	8240400	vlastně působil jako popularizátor
8241160	8242660	vysokého napětí
8242660	8244980	na našem území.
8245240	8246020	On opravdu
8246020	8249060	objížděl jednoho každého sedláka,
8249200	8250460	na jehož poli
8250460	8252460	měla být vystavený
8252460	8254680	ten stožár pro rozvoj vysokého napětí
8254680	8256060	a vysvětloval,
8256260	8257440	proč je to důležité.
8257440	8260160	A z toho my čerpáme
8260160	8262160	o sto let později.
8262360	8262660	Takže
8262660	8265500	tato paralela v podstatě říká,
8265580	8267440	máme tady nějaké akcelerační zóny,
8267700	8268180	víme,
8268540	8269780	že potřebujeme energii
8269780	8272940	a budeme muset si vzájemně
8272940	8273660	vysvětlit,
8274600	8276820	jaký přínos to má
8276820	8279260	pro období za sto let po nás.
8282500	8283780	Já moc krát děkuju
8283780	8285000	a poprosím pana Lacinu.
8286600	8287560	Můžu prosím vás,
8287620	8289080	že já plně souhlasím s tím,
8289200	8290820	co tady řekl pan doktor Uráš.
8291580	8295420	Bez obnovitelných energetických zdraví
8295420	8296860	už se prostě neobejdeme.
8297440	8298340	Já mám ale pocit
8298340	8299200	v tomto případě,
8299280	8300320	že někdo z ministerstva
8300320	8301280	pro místní rozvoj
8301280	8302340	se podíval na mapu
8302340	8303440	a udělal tam kolečko.
8304040	8305460	Podle mě morfologicky,
8305540	8306180	když to vejmeme,
8306300	8306900	pane doktoré,
8306940	8307760	morfologicky,
8308200	8308760	mě trošku,
8309200	8310480	to voltojíka zajímá,
8310560	8312000	je to takový trošku koníček.
8313060	8313620	Morfologicky,
8313680	8315060	je to severní stráň,
8315580	8316900	za stěň na hřebeném
8316900	8318720	a pokud je mi znám
8318720	8320260	a učil jsem se dobře ve škole,
8321040	8323960	tak 21. prosince
8323960	8325220	slunce nad obzorem
8325220	8326120	v České republice
8326120	8327240	je 13 stupňů.
8328060	8330020	A i hluchá Tereza z Elhoty ví,
8330180	8331700	že nejvíc energetiky
8331700	8332920	potřebujeme v zimě.
8333660	8335680	A tato fotovoltaická elektra
8335680	8337340	na tomto místě v zimě,
8337640	8339060	pokud nebudu mít nulový výkon,
8339200	8340100	tak minimální.
8340760	8341800	Ještě si porovnejme,
8341920	8343340	že zabereme 50 hektarů
8343340	8344300	severního svahu,
8344520	8346680	který bude minimálně výkonný v zimě,
8346680	8348420	v létě budeme mít problém
8348420	8349180	s blackoutama.
8350180	8351920	A když porovnáme větrnou
8351920	8353520	nebo větrnou energii
8353520	8355620	a fotovoltaickou,
8355800	8357900	tak dneska menší větrník
8357900	8359460	je 250 kW,
8360460	8362500	velký větrník je 500 kW.
8362660	8363960	Větrník, to znamená
8363960	8365680	jeden 500 kW větrník
8366460	8369680	nám ubere prakticky
8370260	8371740	půl hektaru prostoru
8371740	8373060	a to s výkonem,
8373180	8374420	který je 500 kW,
8374620	8375320	když fouká.
8375320	8376260	Já si myslím,
8376340	8377120	že na Hřebených,
8377200	8378480	někde úplně mimo obce
8378480	8380280	a mimo tohle fouká dost,
8380380	8380900	aspoň teda
8380900	8382820	já mám dlouhodobě
8382820	8383840	nějaké,
8384060	8385320	toto jezdím na Javorníky
8385900	8387500	a mě tam fučí kolem
8387500	8388500	chalupy furt teda.
8388960	8390040	Ale samozřejmě
8390040	8390640	to je hloupost,
8390700	8391500	když to takhle řeknu,
8391560	8392520	je potřeba to změřit.
8392580	8393060	Já si myslím,
8393140	8393900	že tady nikdo,
8394000	8395420	nikdo v těch Malenovicích
8395420	8395980	neudělal to,
8396020	8396940	že tam udělal nějaké
8396940	8398380	měření slunečního svitu,
8398600	8399220	vstínění,
8399220	8400620	dopad na Severním zvahu.
8401080	8401680	A podle mě je to
8401680	8404460	absolutně nevhodně zvolená lokalita.
8404880	8405500	Ne proto,
8405820	8406880	jestli je to takové,
8406940	8407580	nebo makové,
8407660	8408380	nebo rozvojové,
8408480	8409400	nebo nerozvojové,
8410040	8411060	ale morfologicky
8411060	8412160	absolutně nevhodné.
8412860	8413260	Děkuji.
8415600	8416920	Dobrá, moc káme děkuji.
8417100	8418360	Poprosím ještě pana Dudáka.
8421000	8422020	Já děkuji ještě za slovo.
8422120	8423080	Opravdu se omlouvám,
8423160	8424680	že všechny už asi prudím,
8424680	8427420	ale já bych si moc přál
8427420	8428380	a moc děkuji
8428380	8429800	za vystoupení pana Robenka,
8429960	8431460	kdybychom byli schopni
8431460	8432380	a ochotní udělat
8432380	8433720	nějaké usnesení,
8433800	8434420	nějaký statement
8434420	8436540	v rámci zastupitelstva,
8436680	8437640	že jsme příznivci
8437640	8438720	zelené energetiky,
8438840	8440300	že hledáte ty jiné
8440300	8441100	akcelé místa
8441100	8443100	pro nějaký development
8443100	8444400	obnovitelných zdrojů.
8445320	8446960	A ta moje diskuze
8446960	8447640	vůbec neměla být
8447640	8448780	spojená s tímhle bodem.
8448980	8449920	To je opravdu jenom
8449920	8451100	jakási úvaha,
8451720	8452440	která by měla
8452440	8453740	trošku vést
8453740	8454960	ke změně myšlení
8454960	8456760	veřejnosti,
8456860	8458000	abychom prostě měli
8458000	8459440	v budoucnu levnou energii
8459440	8460800	nebo vůbec nějakou
8460800	8462420	v daleké budoucnosti.
8463140	8465160	A já mám jenom pocit
8465160	8465720	a bojím se,
8465820	8466480	aby to někdo takhle
8466480	8467280	neprezentoval,
8467380	8468740	že my tímhle usnesením
8468740	8469400	a nějakou,
8469600	8470920	já nemám sociální sítě,
8470980	8471920	ale dovedu si představit,
8472360	8472700	předtím,
8472820	8473980	ale toto je další cesta
8473980	8475060	k tomu,
8475120	8477920	jak se obnovitelným energím
8477920	8479320	dají házet klacky pod nohy
8479320	8480980	a dělat trošku dezinformace.
8480980	8482200	Čili, prosím,
8482340	8482960	pane Robenku
8482960	8483880	nebo pane primátore,
8483960	8484480	zvažte,
8485180	8485980	to, co jste řekli,
8486100	8486700	jestli umíte
8486700	8487660	nějakou formou
8487660	8488520	prezentovat
8488520	8489500	i třeba v tom
8489500	8490620	skvělém magazinu,
8490640	8491680	jak tady byl zmíněn,
8492300	8493140	tentokrát mi fakt
8493140	8493720	nebude vadit,
8493780	8494140	že tam bude
8494140	8495340	tolik vašich fotek,
8495840	8496480	obličejů.
8497480	8498720	A jenom to prostě
8498720	8499480	veřejnosti
8499480	8500040	takhle nějakou
8500040	8501360	nenucenou formou
8501360	8502080	z fakty
8502080	8503140	dát,
8503260	8504260	že to není o tom,
8504340	8505340	že odmítáme oze,
8505940	8506460	ale o tom,
8506560	8507240	že odmítáme
8507240	8507980	prostě špatné rozhodnutí
8510980	8512260	primárního záměru.
8514220	8515060	Určitě s vámi
8515060	8515660	souhlasím.
8515980	8516720	My jsme otevření
8516720	8517440	od začátku,
8517600	8518560	co kolem toho
8518560	8519520	nějakým zůstom vznikla,
8519580	8520780	ta hysterie se to objevilo,
8521020	8522500	tak my se snažíme
8522500	8523500	postupovat opravdu
8523500	8525100	v té míře
8525100	8526420	a i v těch tiskových zprávách
8526420	8527380	se snažíme informovat
8527380	8527740	o tom,
8527860	8529060	že nejsme,
8529340	8530480	nebo snažíme se,
8530560	8531380	aby to nevyznělo,
8531500	8532620	že my jsme proti
8532620	8533620	zelené energii
8533620	8534280	nebo obecně,
8534360	8535220	že jsme proti tomu
8535220	8536100	jako z principu,
8536660	8537200	ale o tom,
8537300	8538320	že opravdu rozporujeme
8538320	8540240	tu výběr té lokality,
8540840	8541320	protože,
8541540	8542640	tak jak tady jste dneska
8542640	8544200	slyšeli z více do názorů,
8544600	8545480	ono to prostě nedává
8545480	8546200	úplně logiku,
8546340	8547780	zhrvat toto umístění.
8548200	8548740	Na druhou stranu
8548740	8549320	ten problém
8549320	8550160	je pak ten časový,
8550240	8550980	kdy my se snažíme
8550980	8552300	být konstruktivním partnerem
8552300	8555460	a dostáváme se
8555460	8556860	do časového presu
8556860	8557560	nebo respektujete
8557560	8558120	navrhotovat
8558120	8559120	v časovém presu
8559120	8559780	a on vlastně
8559780	8561000	je otázkou,
8561060	8561760	do jaké míry
8561760	8562460	bude schopen
8562460	8563060	akceptovat
8563060	8564240	konstruktivní jednání
8564240	8565340	anebo bude muset
8565340	8566380	vlastně reagovat
8566380	8567080	na to,
8567180	8567740	aby splnil
8567740	8569360	to, co má zadáno,
8569720	8570680	protože prostě
8570680	8571560	ten časový pres
8571560	8572320	už je pro něho
8572320	8572980	na to jich velký.
8573080	8574420	Takže určitě
8574420	8575520	my nechceme,
8576020	8577380	nechceme určitě dělat
8577380	8579340	jakoukoliv retoriku,
8579520	8580300	že zelená energie
8580300	8580900	je špatně,
8581520	8582400	nemyslíme si to,
8582780	8584200	ale tady jenom řešíme,
8584280	8584940	že ta lokalita
8584940	8586300	je za nás špatně vybraná
8586300	8588380	a hledáme cesty,
8588720	8590040	jak konstruktivně najít
8590040	8591160	jakouby lokalitu jinou,
8591280	8592440	protože jsme si vědomi toho,
8592540	8593420	že ta zelená energie
8593420	8594220	prostě je,
8594220	8597320	je do budoucna cestou
8597320	8598780	a neoběděme se bez ní.
8600940	8601720	Prosím ještě
8601720	8602340	Jirku Robenka.
8606620	8608440	Já si musím
8608440	8610640	ještě jednu věc tady říct,
8610680	8612160	když jsem to říkat nechtěl původně.
8613440	8613860	Řeknu to,
8613980	8615280	platí to i na mě samozřejmě.
8616240	8617320	Tak jak tady sedíme,
8617480	8618260	tak se domnívám,
8618400	8619720	že této problematice
8619720	8621560	pořádně a do detailu
8621560	8623320	v podstatě nikdo z nás nerozumí.
8623320	8624380	Do takového detailu,
8624440	8625320	abychom byli schopni
8625320	8627500	reflektovat některé ty připomínky,
8627600	8629260	které se v té diskuzi objevují.
8630020	8630940	A bylo by dobré
8630940	8632240	s tím i tak pracovat,
8632320	8634360	že samozřejmě máme na to nějaký názor,
8635100	8636080	ale já sám si uvědomuji,
8636160	8637460	že v tom jako těžce plavu
8637460	8639320	spoustu věcí si musím dohledávat,
8639440	8640000	ujasňovat,
8640060	8640860	jak to je doopravdy.
8641560	8642720	Takže ta diskuze,
8643300	8644420	jakým způsobem
8644420	8646040	pohodně vyčlenovat ty zóny,
8646900	8648500	do jaké míry se poprat
8648500	8650660	s těmi obnovitelnými zdroji
8650660	8652660	v celkovém českém řešení,
8653540	8654420	ta tady by v podstatě
8654420	8655220	probíhat neměla.
8655360	8656560	To bychom měli nechat opravdu
8656560	8658040	na ty odborníky,
8658140	8658880	na energetiku.
8659800	8661080	Ale chtěl jsem doplnit
8661080	8662780	jednu věc,
8662960	8663900	takovou spíš prozbu
8663900	8664640	na vás všechny,
8664720	8665660	protože každý
8666240	8668140	má nějaké zástupce
8668140	8669300	v Praze
8669300	8670140	nebo má nějaké
8670140	8670980	prostě kontakty
8670980	8672000	mezi těmi odborníky.
8672000	8674260	Zkusme napravit
8674260	8674740	jednu věc,
8674840	8676300	která se v té České republice
8676300	8676860	nestihla.
8677020	8677500	Tady padlo,
8677660	8678240	že Německou
8678240	8679820	na těch obnovitelných zdrojích
8679820	8680840	pracuje dlouhodobě,
8681000	8681600	mají samozřejmě
8681600	8682640	větší podíl na trhu,
8683400	8684580	ale oni postupovali
8684580	8685360	trošku jinak
8685360	8685880	a myslím si,
8686000	8686780	že i pro tu veřejnost
8686780	8687940	to bylo přijatelnější.
8688500	8689820	Oni v první fázi
8689820	8690720	v podstatě udělali
8690720	8691580	velmi dobrou
8691580	8693320	detailní
8693320	8695060	v podstatě dokumentaci
8695060	8696780	pro to i legislativu,
8697180	8698240	jakým způsobem
8698240	8700000	budovat obnovitelné zdroje
8700000	8701320	na znehodnocené půdě,
8701700	8702580	jakým způsobem
8702580	8704320	využít energetiku
8704320	8705120	tohoto typu
8705120	8706020	na skládkách,
8706620	8707560	v místech,
8707620	8708180	kde probíhala
8708180	8709140	povrchová těžba.
8709880	8710720	U nás ta možnost
8710720	8711800	sice také je
8711800	8713380	něco takového realizovat,
8713820	8715720	ale není legislativně ošetřená,
8715840	8717280	není do detailu připravená.
8717660	8718760	A je to i jeden z důvodů,
8718820	8719920	kdy u nás ten proces
8719920	8721440	za mě je opačný
8721440	8722300	a špatný,
8722940	8724360	kdy pokud v tom Německu
8724360	8726460	probíhalo využití
8726460	8727380	těch povrchových dolů
8727380	8727920	a podobně,
8727920	8730020	tak samozřejmě ta veřejnost viděla,
8730120	8730760	že teda dobře,
8730960	8732080	nejdřív využíváme
8732080	8733220	tu znehodnocenou půdu,
8733660	8734860	potom hledáme lokality,
8735000	8736420	které nejsou třeba zatížené
8736420	8738200	pobytem lidí ve volném čase,
8738660	8739600	tam to umistňujeme.
8740420	8741420	Přesto i to Německo
8741420	8742360	samozřejmě čelí
8742360	8743560	nějakému náporu
8743560	8744620	a odporu veřejnosti,
8744700	8746240	když se tady ty lokality vyčlenňují.
8746700	8748100	Ale dokázalo se na to
8748100	8749860	legislativně opravdu lépe připravit,
8749940	8751100	než to bylo v našem případě.
8751820	8752880	Takže to je všechno.
8752880	8757000	Mocka děkuju za to doplnění.
8758260	8759940	Níkdo další se do diskuze nehlásí
8759940	8761940	a já tady nechám hlasovat
8761940	8763620	o tomto materiál číslo 21.
8764620	8766240	Myslím, že ta diskuze byla obsáhla
8766240	8767660	a jsme si všichni vědomi toho,
8767660	8769140	že to není,
8769280	8770860	že bychom odmítali z energetiku,
8771060	8773300	ale že opravdu tady toto místo vnímáme,
8773600	8774800	že je vybráno špatně.
8782880	8789320	Pro 36.
8791320	8793220	Materiál číslo 21 nebyl přijat.
8794360	8795840	Tímto jsme vyčerpali veškeré body,
8795840	8797600	které jsme měli dneska na programu
8797600	8798800	k hlasování.
8799280	8800440	Máte ještě přiloženy
8800440	8802680	čtyři informační materiály
8802680	8805940	a já bych chtěl tímto
8805940	8806740	otevřit diskuzi.
8806800	8807900	Poprosím pana Pášmu.
8807900	8812100	Vážený pane primátore,
8812180	8813080	vážení kolegové,
8813480	8814920	dobré dopoledne.
8815720	8818100	Já mám připraveno krátké okénko
8818100	8819440	o čtyřech tématech,
8819580	8823140	z nichž na konci zazní téma,
8823200	8824760	ke kterému se možná budete chtít
8824760	8825940	vyjádřit i vě ostatní.
8826660	8827520	Doufám, že ano.
8828280	8829960	První téma je festival
8829960	8831200	Jeden svět ve Zlíně,
8831320	8832760	který jsme uspořádali
8832760	8835040	s mou naziskovou organizací v Dubnu.
8835040	8838740	Myslím, že jsem vás zazval.
8839420	8841460	Nemyslím si, že jste všichni přišli,
8841620	8842340	ale to nevadí.
8842480	8845680	Přijdete příštím ročníku.
8846420	8847500	Já bych chtěl moc poděkovat
8847500	8849040	městu Zlínu Vedení
8849040	8850800	za spolupráci.
8850980	8852280	Děkuji panu primátorovi
8852280	8854620	i paní náměstkyni Hladíkové.
8855020	8856800	Odboru školství bych chtěl poděkovat.
8857320	8858920	Chtěl bych poděkovat živému Zlínu.
8858920	8860280	Byl to úspěšný festival,
8861380	8862960	který je lidskoprávní
8862960	8865140	a který má program pro školní mládež,
8865800	8868160	jakož i pro celou širou veřejnost.
8869600	8871100	Děkuji za krásné vystoupení
8871100	8872180	panu Robenkovi
8872180	8874740	a tímto tedy mu děkuji
8874740	8876060	i za jeho práci
8876060	8878660	pro Ukrajinu,
8878740	8880440	o které se málo ví mimochodem.
8881580	8882820	Příští ročník proběhne
8882820	8885000	v březnu roku 2027
8885000	8888080	a už teď vás všechny srdečně zvu.
8888960	8892660	Zvu vás jako občany,
8892840	8895620	jako nejen jako zastupitele,
8895720	8896800	takže kdyby jste náhodou
8896800	8897940	nebo kdybychom náhodou
8897940	8899620	někdo nebyli zvolení,
8899700	8900700	tak samozřejmě i tak
8900700	8902760	máte dveře doširoka otevřené.
8902760	8906840	Druhé téma je velice krátké
8906840	8908260	a jmenuje se Záhony.
8908800	8910880	Zlín nám upět krásně rozkvetl,
8911660	8912680	měští zahradníci
8912680	8914040	udělali skvělou práci,
8914300	8915740	já bych jim za to chtěl poděkovat.
8915960	8917200	Vy jim jako vedení města
8917200	8918260	určitě děkujete,
8918480	8920340	ale vím, děkujete vlastně jako šéfové,
8921180	8922640	já jim děkuji jako občan
8922640	8924580	a chtěl bych jim tímto vzkázat,
8924660	8926720	že si toho všímáme
8926720	8928580	a že je to velice, velice krásné,
8928700	8930640	kež bychom to mohli dělat i v budoucnu
8930640	8932160	z finančních důvodů.
8933420	8935280	Třetí téma je také velice krásné.
8935380	8936340	Děkuji za možnost,
8936380	8938280	on je to vlastně takové děkovací okénko,
8938340	8938880	že je dneska.
8939460	8941220	Děkuji za možnost zúčastnit se
8941220	8944180	milého setkání s panem Reinholdem Messnerem.
8944900	8946420	Bylo to prima, bylo to hezké,
8946540	8948520	skutečně inspirativní.
8949240	8951220	Jediná možná poznámečka
8951220	8954240	by byla k technickému zajištění
8954240	8955340	tohoto eventu,
8955420	8958060	kdy jsme možná
8958060	8959640	pozapomněli na to,
8959640	8961760	že pan Messner už je starší pán
8961760	8962820	a mluví tiše.
8963900	8965080	A ne všichni v sále
8965080	8967660	asi úplně dobře slyšeli,
8967880	8968340	co říká.
8969120	8970900	Tak to je jenom taková poznámka
8970900	8972020	pro inspiraci,
8972200	8974360	pro zlepšení případů.
8974420	8975380	Ne, protože se může stát,
8975460	8977640	že třeba nás navštíví taky někdo významný
8977640	8979140	i v budoucnu, že?
8979640	8981520	A budeme chtít tady s ním hovořit
8981520	8982860	a budeme ho chtít slyšet,
8983120	8986080	tak abychom na to byli technicky připraveni.
8986080	8989080	Čtvrté téma
8989080	8991080	a poslední je hokej.
8991700	8993920	Já myslím, že bychom se asi k tomu měli vrátit,
8994000	8996340	protože když jsme o hokeji mluvili naposledy,
8996460	8999000	tak jsme byli v hruzostrašné situaci
8999000	9003000	a pak se stalo něco velice pozorohodného.
9004000	9007740	Myslím, že hokejisti povstali jako Fénix z Popela
9007740	9012220	a nakonec nám jako městu určitě ostudu neudělali.
9013160	9015800	Takže bych možná asi vás tímto vyzval,
9015940	9018700	jestli někdo k tomu chcete něco říct.
9019480	9022040	Já si myslím, že tomu pomohlo i to krylování,
9022140	9024460	že představitelů hokejistů,
9024540	9025680	že vlastně za to můžeme my,
9025840	9027160	že jsme hráli to finále.
9027160	9030160	Já jsem to pozorně sledoval,
9030220	9032000	navštivoval jsem zimní stadionem.
9032180	9034120	Opravdu si myslím, že se nemáme za co stydět
9034120	9037480	a že se z té sezony vlastně můžu říct,
9037540	9040420	vybruslilo velice dobře.
9040780	9043020	Tak kdybyste někdo chtěli navázat na hokej
9043020	9044160	nebo na cokoliv jsem řekl,
9044280	9046020	tak samozřejmě potěšení na mé straně.
9046600	9048000	Nejte hezké jarní dny
9048000	9049420	a děkuji za pozornost.
9050840	9054040	Já moc kde děkuji za všechny ty pochvaly,
9054040	9056040	ty inspirativní poznatky.
9057160	9058400	Já jsem velice rád,
9058480	9060260	že ten hokej vnímáte teďka tak pozitivně
9060260	9060960	a věřím tomu,
9061040	9063780	že ho budete vnímat stejně tak pozitivně
9063780	9066560	během ještě tohoto vhodobního období,
9066640	9068140	kdy si určitě přijdeme pro finance,
9068300	9071160	protože ten rok kalendární
9071760	9073060	rozhodně nevyšel v nule.
9073060	9076500	Takže tím já nám předesílám,
9076620	9079120	že s něčím tady určitě budeme muset přijít
9079120	9085100	a já budu chtít, aby vedení hokeje udělal seminář
9085100	9086980	pro vás, pro všechny, aby vám zdůvodnilo,
9087240	9088560	co se vlastně odehrálo
9088560	9092380	a co tam je dlouhodobě v rámci financování
9092380	9093680	tady této společnosti
9093680	9096160	ať to všichni navnímáme
9096160	9097680	a nějakým způsobem potom
9097680	9100000	budeme muset zareagovat
9100000	9101180	v rámci zastupitelstva,
9101320	9103600	protože samozřejmě to,
9103900	9106320	že ta sezóna byla komplikovaná,
9106400	9107360	to jsme si tu říkali,
9107980	9109840	od zraněných hráčů a podobně,
9109940	9112200	což znamenalo zase navýšení rozpočtu
9112200	9113400	na ten hrácký kádr,
9114040	9117720	ale ve výsledku si můžeme tady plácat po zádech,
9117800	9118480	že jak bylo řečeno,
9118760	9121500	dopadlo to asi velmi pozitivně
9121500	9123100	proti tomu, jak to vypadalo.
9123680	9124580	My jsme ještě tři kola
9124580	9126080	nebo čtyři kola před koncem řešili,
9126160	9127120	jestli zase vstoupíme,
9127920	9129380	takže v tu danou chvíli si myslím,
9129740	9132440	že jsem rád asi za nás, za všechny,
9132500	9133940	že to dopadlo tímto způsobem,
9134460	9136200	ale každopádně to sebou něco neslo
9136200	9139280	a zcela otevřeně to playoff
9139280	9140780	to finančně nezachránilo,
9141500	9142880	takže v tu danou chvíli
9142880	9144400	sice to částečně pomohlo,
9144600	9145940	ale já vám říkám předem,
9145940	9148280	že samozřejmě má to i nějaké své
9148280	9151820	negativní, nebo by řekl nebeselé,
9151880	9153060	nebeselé úskalí
9153060	9155840	a za mě se musí užívat
9155840	9156800	hlavně kroky k tomu,
9156960	9159980	abych se tady nemusel
9159980	9161180	chodit na zastupitelstvo,
9161260	9163100	dáříc každý rok s nějakým takovýmto
9163100	9165460	systémem rozpočtovým,
9165560	9167280	takže tam spíš se musí něco nastavit
9167280	9168420	ještě koncepčně dál
9168420	9171100	a každopádně to jenom avizu předem,
9171180	9172240	že něco rozhodně přijde
9172240	9174180	a myslím si, že během 14 týdnů
9174180	9176000	dostanete nějakou pozvánku na seminář,
9176000	9177120	ještě to právě řešíme
9177120	9179500	a musíme si taky říct, jaké varianty jsou
9179500	9180840	a v jakých částkách,
9181300	9182280	takže to spíš jenom za mě.
9182960	9183840	A moc za to děkuju.
9184180	9185280	Nechtěl jsem to takto zhodit
9185280	9186720	zase tu do té ponuré nálady,
9186960	9188960	ale prostě to je bohužel,
9188960	9189980	bohužel je to realita.
9190660	9191580	Poprosím, pane Juráše.
9191580	9195440	Já taky nechci už dneska zdažovat
9195440	9196720	a navážu na Martina
9196720	9198380	s tím mírně laskavým humorem.
9198980	9200080	Už jsem nechtěl u těch bodů
9200080	9201560	provozních modelů to větvit,
9202060	9204740	ale inspirovala mě k tomu Katka Pešatová.
9205560	9208300	A my bychom opravdu velmi zdvořilé požádali,
9208560	9209660	aby ty provozní modely
9209660	9212540	byly vždycky připojovány k těm materiálům,
9212540	9213900	aby jsme si nepřipadali,
9214120	9217220	jak Aneška Jechová ve filmu Kulový blésk,
9217860	9220540	jak se jde ptát k rodině Abrahama
9220540	9221940	a máte sklep
9221940	9223600	a mohla bych ho vidět.
9224200	9226560	Bylo by toho možná přivětivější pro nás.
9228880	9229840	Já moc děkujem.
9229980	9230840	Poprosím, pane Jandu.
9232440	9233600	Děkuji, pane primátore,
9233700	9236300	já bych taktež nedat příliš zdržoval,
9236420	9238720	ale pan Pašman by trošku předběhl
9238720	9240040	a děkuji za to samozřejmě,
9240040	9242140	protože to grillování bylo hlavně z mé strany,
9242220	9243280	jestli si vzpomínáte.
9243680	9247040	A chci říct, že ta radost je tak trošku na půl.
9247660	9249780	A myslím si, že ten hlavní podíl
9249780	9250860	na tom skutečně měl,
9251820	9253600	který v podstatě dokázal to,
9253700	9254320	co, jak jsem říkal,
9254400	9255440	možná nedokáže ani
9255440	9257860	sestavit tým po
9257860	9262500	sladit ho a dostat se do nějaké fáze.
9262700	9264060	A on to dokázal.
9264120	9266140	On dokázal z posledního místa nemožné.
9266140	9268160	A možná, když by stalo za to se podívat
9268160	9269620	do statistik,
9270180	9271540	jsme se dostali do finále,
9271640	9272860	takže za mě opravdu
9272860	9274200	klobouk dolů.
9274640	9276800	A ten výsledek závěrečný byl
9276800	9280340	skvělý, nicméně k té ekonomice
9280340	9282100	říkám si, co by se ještě muselo stát,
9282200	9283260	aby ta ekonomika teda
9283260	9285720	v daném momentě byla
9285720	9287160	v těch lepších číslech,
9287220	9288060	než v kterých to je.
9289000	9290960	A ta druhá polovina je ta,
9290960	9293040	že já jsem tady mimo jiné
9293040	9295140	grilovali a u toho bych zůstal.
9295640	9297380	Protože, jak jistě víte,
9297460	9299340	obrátil se teda na mě spoustu rodičů,
9299440	9301060	já to tady dneska nechci nějak zásadně
9301060	9302640	prezentovat, pan primátor říkal,
9302640	9304820	že k tomu bude jistila jistě nějaký seminář.
9306060	9308580	Nicméně junorka nám spadla.
9309400	9311000	Je to po 63 letech.
9311180	9312640	To znamená 63 let
9312640	9314000	ty generace hokejistů,
9314080	9315220	já ji nechci všechny jmenovat,
9315320	9317040	proč bych určitě na některé zapomněl.
9317040	9319980	Po 63 letech nám spadla junorka,
9320360	9321500	což je, bych řekl,
9321560	9323040	ta líheň a to základno,
9323400	9325240	ta mládež, kde bychom měli věnovat
9325240	9326440	tu pozornost, ty zdroje.
9327000	9328400	A to bohužel se nepodařilo
9328400	9329820	a nepodařilo se to podvedení,
9329820	9333200	který v daném momentě si myslím,
9333320	9335400	že by měl z toho vyvodit
9335400	9337140	skutečně tých závěry,
9337300	9339220	na které jsem minule již upozorňoval.
9339840	9341300	Jenom pro takovou zajímavosti
9341300	9342140	rodiče mi říkají,
9342140	9343160	že on neměl, pardon,
9343300	9344600	když to tak dneska tady řeknu,
9344680	9345220	ani ty koule,
9345340	9346520	aby na závěr té sezóny
9346520	9347400	se s nimi sešel,
9347480	9348520	pokud to ještě neudělá.
9349100	9349660	To znamená,
9349740	9350960	že to, co se vždycky udělalo
9350960	9351800	s těmi rodiči,
9352840	9354640	vyhodnotila se ta soutěž.
9354740	9355240	Řeklo se,
9355240	9356840	jak to bude pokračovat dál,
9356960	9357720	tak to se nestalo.
9358500	9360260	Z těch padesátích,
9360400	9361520	mám nít dobrou informací,
9361600	9363840	osmi kluků,
9363920	9365080	kteří jsou v tom dorostu,
9365440	9366640	tak nám 33 odešlo.
9367640	9369240	Odešlo nám někde jinde.
9369820	9371240	Mnohdy to byly i naši lidé,
9372200	9373040	naši odchovanci,
9373160	9374220	kteří v daném momentě
9374220	9375800	se telefonicky dozvěděli,
9375920	9377520	že už se s nimi klub nepočítá.
9377880	9379340	Kdyby to bylo jeden, dva, deset,
9379460	9379960	rozumím,
9380160	9381860	ale 33 děti nám odešlo.
9381860	9382860	To znamená,
9382940	9385160	že ta situace v té mládeži
9385160	9386600	je docela tragická.
9387020	9388220	Já ji nechci analyzovat,
9388300	9388880	nejsem na to,
9388940	9390020	prosím, odborník.
9390240	9391140	Byl jsem požádán,
9391220	9392120	abych tu situaci
9392120	9394180	nějakým způsobem odprezentoval,
9394300	9395680	že fajn,
9395920	9397080	Maxalika dopadla,
9397160	9398020	jak dopadla, dobře.
9399040	9399960	Ale u té mládeže
9399960	9400700	a u té výchovy,
9400780	9402580	kde dáváme nemalé množství peněz,
9402620	9403660	a měli bychom dávat
9403660	9405160	poměrně velké prostředky,
9405240	9406120	protože očekáváme,
9406240	9406900	že z těch mladých
9406900	9407880	nám něco vyroste,
9407880	9409760	že je prostě vychováme,
9410160	9411600	tak tady nám to vůbec nefunguje.
9412160	9413980	Ta situace mezi těmi rodiči,
9414100	9415440	kteří do toho dávají zdroje,
9415860	9417580	kteří do toho dávají své úsilí,
9418040	9418860	jední z mála,
9419020	9420580	tady v tom regionu platí,
9421380	9423420	v okolí se takové částky neplatí,
9423580	9426000	ročně 18-19 tisíc
9426000	9426920	za nějaké poplatky,
9427000	9428340	opět nechci to rozebírat.
9429260	9430280	V každém případě
9430280	9431260	by bylo dobře,
9431380	9433360	kdyby se s těmi mládežníky
9433360	9434160	někdo sešel,
9434480	9435880	tak jak to historicky dělávali.
9435880	9439220	A aby ti rodiče měli možnost,
9439560	9440200	oni jsou ti,
9440300	9441320	kteří tam vodí ti děti,
9441460	9442200	oni jsou ti,
9442540	9444000	kteří za ně svým způsobem ručí
9444000	9444880	a taky fandí,
9445040	9446940	aby ty děti ten sport dělali,
9447520	9448900	tak aby měli tu možnost
9448900	9451360	si s tím vedením promluvit.
9452260	9453500	Mám informace,
9453600	9456740	že skutečně přístup je tragický.
9457240	9457960	O těch věcích,
9457980	9459360	o kterých jsme tady mluvili v Dubnu,
9460380	9461220	teda vůnoru,
9461260	9461880	promiňte nás,
9462000	9463180	stejně nikdo neinformoval,
9463180	9465020	takže to už jsou jenom otázka,
9465020	9468260	a jak jsou oceněni takový manažeři,
9468300	9470020	kteří odvedli takovou práci,
9470580	9472040	která prostě nedopadla dobře,
9472100	9472860	ale je to napříč,
9473000	9474260	tam je 13 dům stev,
9474640	9475600	z toho dvě dopadly,
9475780	9477220	řekněme tomu nějak přijatelně,
9477280	9479340	zbytek nebyl v dobré kondici.
9480080	9481100	Ale ať nemluvím jenom
9481100	9482320	o negativních věcech,
9482400	9484460	chtěl jsem s dovolením říct,
9484500	9485540	tak též jinou záležitost,
9485640	9487420	měli jsme seckání s panem primátorem,
9488020	9490020	místní část ní vyvršavá,
9490020	9491940	a chtěl jsem poděkovat za přístupy,
9492020	9495000	které jsou ať už z hlediska odboru zeleně,
9495100	9496440	který tam řeší na Nivách,
9496920	9498020	směr k UNOBARu,
9498740	9501140	nějaké záležitosti dává to do pořádku,
9501920	9503540	technické služby dávají do pořádku,
9503640	9505580	komunikaci, jak si stěžovali občané,
9505680	9507580	takže za to jsem chtěl
9507580	9508980	samozřejmě velmi poděkovat.
9508980	9511360	Upozorňoval jsem v minulosti
9511360	9514460	na havarní stav mostu na Vršavě,
9514520	9516420	prosím, k našim sportovištím.
9517200	9518960	Vím, že jsem dostal nějaký projekt,
9519080	9519960	kdy to budeme chystat,
9520000	9520780	kdy to budeme dělat,
9521200	9523340	prosím vás, ta situace je tam tak špatná,
9525160	9527340	že v podstatě ten most za mě
9527340	9530220	v této fázi je pro ty občany,
9530440	9531720	dneska, když si tam projedete,
9531800	9532460	nebezpečný.
9532540	9535080	My jsme tam dali vyloženě nějaké plotny,
9535200	9536640	tak buď to zaplotnujme celé,
9536640	9538380	nebo to zavřeme,
9538500	9539160	ale ta situace,
9539260	9540360	běžte se tam někdo podívat,
9540420	9541100	je neúnosná.
9541220	9542640	Ten most opravdu je dneska
9542640	9543740	už v havarním stavu
9543740	9545320	a v nedobré kondici.
9545500	9546600	Chtěl bych, byl bych rád,
9546640	9548620	kdyby se s tím něco, prosím, udělalo.
9548700	9548980	Děkuji.
9551560	9552420	Začnu od konce,
9552520	9553560	co se týká mostu,
9553820	9555260	já jsem to sám urgoval
9555260	9556280	na odboru dopravy,
9556400	9557920	že to je v šíleném stavu
9557920	9559400	8.6. tuším,
9559480	9561140	má dojít k jednomu dní,
9561260	9562720	kdy to bude celý den uzavřeno,
9562820	9563260	tento most,
9563260	9564780	aby se dal kompletně do pořádku,
9564860	9565600	osměň do té míry,
9565640	9566240	do které to jde.
9566700	9568080	Je to komunikováno
9568080	9569880	se zástupci těch sportovních klubů,
9569980	9570460	aby věděli,
9570600	9572240	že ten den prostě se tam
9572240	9573260	nikdo moc nedostane.
9573840	9575920	Takže 8.6. má podběhnout doprava.
9576580	9577520	Co se týká hokeje,
9577700	9578260	já se přiznám,
9578340	9579240	že já tady slyším už,
9579920	9581180	já bych byl strašně rád možná,
9581280	9582620	že než se tady exibovat
9582620	9583400	na zastupitelstvu,
9583480	9584240	že to dělá kdokoliv,
9584320	9585740	tak možná si sedněte s těmi lidmi
9585740	9586580	a začněte se bavit
9586580	9587600	o té informace,
9587600	9588480	ať máte ty informace,
9588540	9589200	co se tam děje,
9589200	9589940	protože například,
9590020	9591140	co se týká té mládeže,
9592300	9594100	a to je obecně strategické
9594100	9595040	rozhodnutí toho klubu,
9595240	9595700	případně,
9595860	9596620	že my ve spolku
9596620	9597280	z pozice města,
9597360	9598400	prosím, nemáme nic.
9599600	9601240	Město ve spolku nemá nic,
9601340	9602520	to si pojďme říct otevřeně.
9602640	9603020	To znamená,
9603100	9604460	do pozice města z jiná,
9604780	9605680	ano, můžeme se bavit,
9605740	9606340	že tam posíláme
9606340	9607780	finanční prostředky na činnost,
9607900	9609040	ty mají standardní vzorec,
9609040	9609900	jako každý jiný,
9610360	9611140	to znamená,
9612280	9613660	spolek je nezávislý,
9613720	9614300	co se týká
9614300	9615680	nějakého nařízení města.
9616200	9617400	Každopádně je
9617400	9619580	na rozhodnutí spolku,
9619680	9621020	na strategickém rozhodnutí,
9621420	9622900	jestli chce dělat,
9623080	9623640	tady řekněme,
9623700	9624840	výkonnostní sport
9624840	9627240	a držet si nejvyšší ligy,
9627380	9628100	a nebo chce hrát
9628100	9629120	se zlínskými dětmi.
9630340	9631240	Současný stav
9631240	9633080	nelze řešit
9633080	9634600	více méně tímto způsobem,
9634700	9635720	který byl slučitelný,
9635820	9636940	protože vzhledem tomu,
9636980	9638500	jak se chovají
9638500	9639320	ostatní kluby,
9639860	9641120	které výchovu mládeže
9641120	9641920	dá říct nemají
9641920	9642820	nebo jim mají špatnou,
9642940	9644780	pak dojedou do Zlína.
9645000	9645640	V současné době
9645640	9647020	prosím nás oslovují děti
9647020	9649280	ve věku,
9649280	9650040	v sedmé tříde,
9650120	9651440	že ve věku 12 let.
9652280	9653280	12 leté děti
9653280	9654440	nám aktuálně různě
9654440	9655780	přetahují ostatní kluby.
9656320	9656560	Děti,
9656800	9657080	myslím,
9657080	9658100	to jsou u šestnáctky
9658100	9658640	a podobně,
9658800	9659260	tak kteří jsou
9659260	9660140	v současné době
9660140	9660880	v reprezentaci,
9660960	9661540	tak každý z nich
9661540	9662660	má 11 nabídek,
9662660	9663800	aby přešel někam jinam.
9664000	9664780	11 nabídek
9664780	9665620	každý z těch klubů.
9666140	9666500	S tím,
9666640	9668060	že řešíte,
9668160	9669380	že když nejsou pod smlouvou,
9669520	9670580	tak s vás
9670580	9671580	k nepochopení
9671580	9672760	vícemě všech klubů,
9673100	9674280	kromě asi extraligových,
9674840	9676120	udělal,
9676240	9676780	já tomu říkám,
9676840	9677640	šťastný květen,
9678180	9679140	kdy na celý měsíc
9679140	9679920	zrušil tabulky.
9680560	9680840	To znamená,
9680900	9681820	aktuálně vám řeší,
9681920	9682980	tam vám dokoliv dojede
9682980	9683900	a z každé kategorie
9683900	9684700	vám může sebrat
9684700	9685660	až tři hráče
9686320	9687880	a to s těmáme vezme.
9688700	9690180	Bez jakékoliv nároků
9690180	9691140	pro ten klub,
9691220	9691780	který je vychoval.
9691920	9693560	Tož asi není taky úplně správně.
9694040	9694700	Takže to jsou věci,
9694800	9694940	chcete,
9695040	9696040	jmenuji se tam potýkají
9696040	9696820	dnes a denně
9696820	9698020	a z těla otevřeně,
9698140	9699960	pokud se řešila
9699960	9701120	například ta juniorka,
9701520	9702400	tady se podíváte
9702400	9703640	na hráče,
9703720	9704240	odkud jsou,
9704380	9705200	tak zjistíte,
9705280	9705920	že my v juniorkce
9705920	9707240	nemáme hráče z Lotyška,
9707360	9708560	nemáme hráče z Ukrajiny,
9708680	9709680	nemáme hráče z jiných
9709680	9711200	takovýchto východnějších zemí
9711200	9712420	a když se podíváte
9712420	9713060	do jiných klubů,
9713140	9713960	kteří takto hrajou,
9714040	9715120	tak buď mají vzkoupené
9715120	9715820	ty hráče
9715820	9717320	od dorostu
9717320	9718040	z devítky
9718040	9719320	z jiných klubů,
9719940	9721320	ať už od nás
9721320	9722040	nebo od jinut,
9722180	9722860	nebo větkařiších,
9722960	9723740	které jsou to kluby
9723740	9725100	a potom
9725100	9726220	samozřejmě
9726220	9727180	poráží
9727180	9727900	ty ostatní,
9728020	9728680	protože prostě
9728680	9729920	místo, aby vychovávali,
9730020	9730840	tak v určitém věku
9730840	9731360	skupují
9731360	9732520	a skupují čím dál rychleji
9732520	9733780	nebo čím dál dříve.
9733780	9735500	Pak je výsledek ten,
9735580	9736200	že vy samozřejmě
9736200	9738520	nemáte v každé kategorii
9738520	9740040	10 talentů,
9740140	9741360	staráť, že tam máte jednoho
9741360	9742620	a v tu danou chvíli,
9742720	9744740	když vám 4-4 hráči odejdou,
9745200	9746080	tak vlastně hrajete
9746080	9746900	rási s nějakým
9746900	9747740	průměrným týmem,
9747860	9749360	pokud ho nechcete obohatit
9749360	9750400	o nějakého hráče
9750400	9751400	mimo Zlínského.
9752320	9753120	V současné době
9753120	9753920	byla retorika
9753920	9754920	vedení
9754920	9756640	hokejového spolku
9756640	9757440	dlouhodobě,
9758200	9759460	že se hrajou
9759460	9760900	Zlínské děti
9760900	9762540	s tím,
9762540	9764080	že toto se říká i rodičům
9764080	9765040	a když řeknete rodičům
9765040	9766180	dobrý, tak jestli chcete být,
9766240	9767020	abychom jim byli lepší,
9767160	9768820	tak není problém,
9768940	9770380	my teda zkusíme někoho přivést,
9770480	9771400	ale další 6 lidí,
9771740	9773120	6 dětí od vás tady posadíme
9773120	9774860	nebo pošleme do nějakého jiného klubu
9774860	9776060	nebo si najděte, co chcete,
9776560	9777320	tak v tu danou chvíli
9777320	9778300	se to samozřejmě nelíbí.
9778440	9778700	Takže
9778700	9781420	ono to má prostě své pro a proti,
9782280	9782980	je to potřeba
9782980	9784780	si způsobem nějakým vyhodnocovat,
9784780	9786160	za mě to mají vyhnocovat lidé,
9786260	9787520	kteří jsou tam na denní bázi
9787520	9788620	a znají to prostředí,
9788740	9790140	ví, co se na svazu chystá
9790140	9792700	a jestli si někdo myslí,
9792800	9794040	že pro kohokoliv je příjemné,
9794120	9795480	že se jenůraka sestoupila
9795480	9796040	v tom klubu,
9796120	9796780	tak asi není,
9797220	9797880	ale já mám pocit,
9798000	9798860	že kudy chodím,
9798980	9800100	tak to muslyším různá jména,
9800220	9801180	koho máme vyhodit
9801180	9805660	a vyhodit někoho
9805660	9806660	je strašně jednoduché
9806660	9808820	většinou,
9809420	9811440	takže se to musí vmezit zákona,
9812320	9813760	ale je potřeba věci
9813760	9814720	taky řešit koncepčně
9814720	9815360	a dlouhodobě
9815360	9816460	a to, že se někde
9816460	9817740	jeden rok něco nepodaří,
9817800	9818260	neznamená,
9818360	9819160	že je všechno špatně.
9819740	9820440	Stačí se podívat
9820440	9821920	na výsledky jiných kategorii
9821920	9823380	v té mládeži
9823380	9824680	a zjistíte,
9824820	9826600	že to zase tak špatné není
9826600	9827640	a teďka řeší,
9827740	9828520	že na základě toho,
9828620	9829340	že jeden rok
9829340	9830900	juniorka nepovedla
9830900	9831640	a se stoupila,
9831820	9834860	tak vyhodím tam,
9835040	9836200	kdo je za to nejvýše
9836200	9836880	zodpovědný,
9837420	9838240	bez ohledu na to,
9838300	9839000	jakým způsobem
9839000	9840220	hrajou ostatní kategorie,
9840640	9842240	je za mě velice krátko zraké
9842240	9843540	a myslím si,
9843640	9844780	že pokud tady někdo
9844780	9846160	z tyto věci řešit,
9846820	9848060	tak bych poprosil,
9848120	9849040	ať se napřed potká
9849040	9849980	opravdu s těmi lidmi,
9850120	9851160	zjistí si informace,
9851660	9852420	ať potom dáváme
9852420	9853160	ty relevantní
9853160	9854740	nebo prosím kdokoliv,
9854820	9856000	kdykoliv napište mě
9856000	9857300	nebo vedení toho klubu
9857300	9858900	a požádajte oskusku,
9858900	9860320	ať se s nimi potkáte,
9860800	9861620	ať se pak zbytečně
9861620	9862920	nešíří nějaké
9862920	9864680	dezinformace
9864680	9865960	a myšlenkové pochody,
9866560	9868900	které se načerpávají
9869820	9871900	v různých jiných situacích.
9873380	9874160	To jenom spíš za mě.
9874580	9875080	Já si myslím,
9875080	9875420	že se v tom,
9875480	9876220	že jsme to tady řešili
9876220	9877120	už dlouhodobě
9877120	9878000	a myslím si,
9878120	9878580	že i pro to,
9878640	9879700	když ten bude ten seminář,
9879780	9880680	tak určitě jste budete
9880680	9881820	schopni zeptat na cokoliv.
9882560	9883300	Jinak ten seminář
9883300	9884360	prostě bude k Ačku.
9884680	9885200	Tomovějme to,
9885280	9885780	co řešíme,
9885780	9889200	kde jsme ze 79% spoluvlastník
9889200	9890080	a samozřejmě
9890080	9890700	na nás dopadá
9890700	9891600	taky ta ekonomika.
9891740	9892180	Díky tomu.
9892980	9894240	Poprosím paní Pešatovou.
9895700	9896760	Děkuji, pane primátore.
9896860	9897640	Za mě to bude také
9897640	9898260	o dětech
9898260	9899780	a také o mladé generaci,
9899940	9901660	protože jste si určitě všimli,
9901660	9903540	že začal velký festival,
9903700	9905060	který se jmenuje ZUŠ Open
9905060	9907600	a v rámci tohoto festivalu
9907600	9909860	se prezentují i z Línské ZUŠky
9909860	9911660	svým tradičním festivalem
9911660	9912720	ZUŠka,
9912720	9915340	respektive už zas ZUŠ
9915340	9917940	a v neděli mají velký koncert
9917940	9919800	v kongresovém centru,
9920300	9921280	tak bych ho doporučila
9921280	9922940	vaší pozornosti,
9923040	9926020	protože právě spolupráce
9926020	9927900	tří základních uměleckých škol
9927900	9928520	ze Zlína
9928520	9930140	byla vlastně jedním
9930140	9932340	z inspiračních zdrojů vzniku
9932340	9933640	celé prezentace
9933640	9934960	ZUŠek v republice.
9934960	9937520	A určitě pro vás taky
9937520	9939080	nebude nová informace,
9939220	9940720	že základní umělecké školy
9940720	9943080	jsou tak výjimečným aspektem
9943080	9945860	České, respektive i Slovenské republiky,
9945900	9947620	protože si je dělíme mezi sebe,
9948200	9950440	že aspirují na seznam
9950440	9952980	nemateriálního kulturního dědictví.
9953380	9954940	A v širším vzdělávacím procesu
9954940	9956940	mají určitě svoji nezastupitelnou roli,
9957080	9958700	protože doplňují školní výuku,
9959180	9961420	oskušenost, která není jenom vědomostní,
9961420	9963220	ale především osobností.
9963900	9965500	Právě tady se děti naučí
9965500	9967420	naslouchat sobě a druhým.
9968400	9969640	A učí se vytrvalosti.
9970240	9971420	Protože dohrát
9972140	9973600	skladbu dokonce
9973600	9974980	znamená zvládnout
9974980	9976460	jeden každý takt.
9978820	9980180	Dobrá, moc krát děkuju.
9981920	9983480	To diskuze se někdo další nehlásí,
9983580	9984720	takže já vám moc krát děkuju všem
9984720	9986700	za konstruktivní jednání zastupitelstva.
9987220	9988360	Velice si toho vážím
9988360	9991040	a věřím tomu, že to udržíme
9991040	9992800	i na těch zbylých dvou zastupitelstv,
9992800	9994800	které se budou stále blížit
9994800	9995880	k volbám.
9996700	9997720	A chtělím vám všem popřádat,
9997800	9998900	máte pěkný zbytek dne
9998900	10001000	a pokud cokoliv potřebujete,
10001140	10002100	tak se nebojte ozvat.
10002560	10004300	Ať ty informace se radši předáváme
10004300	10005420	průběžně
10005420	10008300	a nečerpáme jenom tady veřejné zastupitelství.
10008420	10009100	Moc krát všem děkuju.
10021800	10026760	Titulky vytvořil JohnyX.
