start	end	text
0	2000	Děkuji.
30000	32000	Děkuji.
60000	62000	Děkuji.
90000	92000	Děkuji.
120000	122000	Děkuji.
150000	152000	Doba vystoupení čtyři minuty.
152000	154000	Máte slovo.
154000	160000	Dobrý den, vážený pane primátore, vážení členové zastupitelstva města Zlína.
160000	171000	Dříve, než jsem na minulém jednání zastupitelstva znesl svoji přípomínku k nelogickému zákazu přepravy elektrokol ve Zlínské MHD,
171000	180000	uvažoval jsem o tom, že tuhle věc vyřeším s ředitelem dopravní společnosti, panem Mířem Kocháněm,
180000	187000	s níž se znám přes 20 let a měl jsem s ní vždy korektní a snad i přátelský vztah,
187000	191000	který doufám i do budoucna zůstane nezměněn.
191000	201000	Jenže jsem si uvědomil, že 20 let té ředitelování dopravní společnosti i do jisté míry muselo v profesně i myšlenkově ovlivnit,
201000	208000	a proto jsem raději předstoupil před vás jako nezávislé a objektivní arbitry.
208000	212000	A odpověď mi přišla. Hádejte odkud?
212000	216000	Z dopravní společnosti podepsaná panem Mířem Kocháněm.
216000	222000	Úsměvné a snad i trochu alibistické odvedení města.
222000	229000	Takže je myslím logické, že ta odpověď byla zcela účelová a bylo v ní spousta polopravd,
229000	235000	nechci říkat přímo nepravd, ale abych se o ně s vámi podělil,
235000	239000	na to mi v mých čtyřech minutách nedáváte žádný prostor.
239000	246000	Můžeme to osobně, detálně rozebrat, klídně i za přítomnosti pana ředitele.
246000	249000	Takže zpět k elektrokolům.
249000	255000	Tato byla v síti Zlínské MHD přepravována zhruba 10 let,
255000	261000	takže jich bylo přepraveno určitě vyšší desítky tisíc, možná stovky tisíc.
261000	265000	Ke kolika kolizním situacím kvůli ním došlo?
265000	269000	Odpověď je prostá. Nula.
269000	274000	Můžete namítnout, že v nějakém jiném městě k problému došlo,
274000	278000	jenže tuto námitku já neberu. Proč?
278000	284000	Každoročně čtu, že někde ve světě spadlo letadlo a na zemi zabilo x lidí.
284000	288000	Máme se snad této smrti permanentně obávat?
288000	296000	Před asi třemi lety couvající dodávka v centru Zlína srazila a usmrtila na chodníku starší ženu.
296000	301000	Jsou snad vůli tomu chodníky ve Zlíně zdrojem nebezpečí?
301000	308000	Před dvěma týdny na okraji Zlína v ulici Podrozhlednou divoké prase napadlo a poranilo ženu.
308000	315000	Máme se všichni těto částen Zlína vyhýbat? Ne a ještě jednou ne.
315000	319000	A na závěr mého vystoupení ještě jedna prozba.
319000	328000	Nedovolte, aby byl podobný zákaz jako u elektrokol aplikován i na elektrické invalidní vozíky
328000	334000	s nesmyslným argumentem, že ohrožují svoji baterii ostatní cestující.
334000	342000	Odsoudili byste invalidy k tomu, že by jejich akční rádius kolem jejich bydliště byl silně omezen.
342000	350000	My, majitelé elektrokol, které svým zákazem také podobně nespravedlivě omezujete
350000	355000	a mnozí z nás po fyzické stránce se těm invalidům již silně blížíme,
355000	363000	tuto nespravedlnost nějak vydýcháme. Ale vozíčkářů by mi bylo fakt upřímně líto.
363000	367000	Přeji vám všem hezký den a děkuji za pozornost.
367000	379000	Děkuji vám za dodržení časového limitu. Dalším vystupujícím prosím, pan Šaur.
379000	388000	Dobrý den. Vážený pane primátore, vážené zastupitelky, vážení zastupitelé.
388000	397000	Dne 24. dubna 2026 jsem prostřednictvím podatelny magistrátu města Zlín předložil
397000	407000	za obyvatele domu č. 861 konkrétní návrh rozšíření parkovacích ploch okolí domu,
407000	415000	ulici Věžové domy. Tento návrh vznikl na základě doporučení města,
415000	424000	aby obyvatelé vytypovali vhodné lokality. Návrh obsahuje konkrétní řešení,
424000	431000	situační nákres a byl zpracován s důrazem na minimalizaci zásahů
431000	441000	do městské zeleně. Současně byl podpořen 22 ze 29 bytových jednotek,
441000	449000	tedy 76 % obyvatel domu. Od podání návrhů uplynulo téměř 2 měsíce
449000	458000	a obyvatelé dosud neobdrželi žádnou informaci o tom, zda byl návrh posouzen,
458000	468000	komu byl předán, zda proběhlo místní šetření nebo jaké jsou další kroky města.
468000	477000	Proto bych se chtěl dnes zeptat, v jakém stavu se tento návrh nachází?
477000	487000	Byl již odborně posouzen? Pokud ano, s jakým výsledkem?
489000	494000	Pokud ne, kdy lze jeho posouzení očekávat?
494000	503000	Domnívám se, že pokud město vyzve občany k předložení konkrétních návrhů
503000	510000	a občané takový návrh zpracují a doloží podporou většiny obyvatel domu,
510000	519000	měli by alespoň obdržet informaci o tom, jak s jejich podmětem bylo naloženo.
520000	523000	Děkuji za odpověď.
529000	534000	Učečil pověd písemně, tak jak to máte zatrhnuté, přihlášte na vystoupení.
535000	541000	Děkuji. A můžete aspoň dnes občanům sdělit konkrétní termín,
542000	545000	dokdy bude náš návrh odborně posouzen?
550000	553000	To vám určitě neřeknu, protože v současné době jsou nějaké zákonné hluty,
553000	556000	které měly být zhruba 30 dnů, ale já vám neřeknu, v jakém je to stavu.
556000	558000	To znamená, já předpokládám, že vám odpověď je ve lhutě,
558000	562000	ale vedle toho je posuzování vůbec těch vašich návrhů.
562000	565000	To znamená, já vám neřeknu, jestli to bude trvat ještě 30 dnů,
565000	568000	nebo to bude trvat 2 měsíce, nebo jak dlouho to bude,
568000	571000	protože nevím, v jakém je to stavu celé otevření.
571000	574000	A ještě se zeptám, jaká je dlouhá doba,
574000	579000	nebo lhuta na zpracování prakticky toho našeho návrhu,
579000	591000	který byl podán toho 24. dubna 26 podatelnou na magistrát města Zlína.
591000	594000	Jak jsem vám teďka řekl, já předpokládám, a můžeme to prověřit,
594000	599000	že vám v termínu bylo odpovězeno na to, na co jste událi ten podnět,
599000	605000	což ale neznamená, že je na to zpracována projektová dokumentace či cokoliv dalšího.
605000	608000	To znamená, předpokládám, že odpověď vám došla,
608000	613000	ale v jakém stavu je řešení těch vašich návrhů,
613000	616000	tak to je věc druhá a to vám nedokážu říct.
616000	618000	Nepřišla mě odpověď.
620000	624000	Já mám před sebou odpověď ze dne 10.4.2026,
624000	629000	kterou vám zasílal odbor dopravy. Bylo to k vystoupení 26. března.
629000	634000	A dohledáme samozřejmě ještě ty další věci.
634000	641000	Na základě té odpovědi z 10.4. byl zpracován ten návrh,
641000	647000	sepsány všechny souhlasné listiny, vypracován projekt
647000	652000	a 24. dubna byl podán na podatelnu magistrátu.
652000	655000	Takže to už je vlastně...
655000	657000	Rozumím tomu.
657000	662000	Písemně vám odpovíme a zjistíme ten stav projednávané věci.
662000	666000	A jsou tam nějaké lhuty, když podáte něco na magistrát?
666000	668000	Určitě jsou.
668000	669000	A jaké?
669000	673000	S většinou na podání odreagujeme do 30 dnů.
673000	675000	Je to složitější záležitost do 60.
675000	679000	Vyžadu-li to například různé projektové práce a tak dále,
679000	683000	tak minimálně ta informace, že ty práce jsou zadány, by vám měla přijít.
683000	686000	Prověříme to a odpovíme vám.
686000	687000	Děkuji.
687000	689000	Já děkuji.
689000	701000	Posledním vystupujícím je pan, ještě pardon, jestli chce reagovat pan Čížek.
701000	707000	Takže poprosím posledního vystupujícího pana Zvoníčka.
707000	710000	Jenom, pane Zvoníče, chci upozornit, že to je online přenos ven,
710000	713000	tak nepoužívat nějaké osobní data.
713000	714000	Děkuji vám moc.
714000	715000	Děkuji.
715000	722000	Můj příspěvek a prozba se týká obnovení uživatelského nájmu bytu ve Zlíně,
722000	732000	ke kterémž nedošlo z důvodu mého velmi těžkého a komplikovaného úrazu a operace ruky,
732000	735000	když jsem se ocitl nesoběstačným a nesabostatným.
735000	740000	A také kvůli dlouhodobé diagnóze depresií, kterým tepím.
740000	744000	Obrátil jsem se s touto prozbou na pana radního Jiřího Robénka
744000	749000	a zde cituji aspoň část tohoto dopisu.
749000	755000	Odvolávám se proti usnesení rady města Zlína, číslo 23.9.R. 2006,
755000	760000	ze dne 11.05.26, kterým rada schválila neprodložení smlouvy o nájmu bytu,
760000	764000	číslo 626 v bytovém domě na ulici Středova,
764000	770000	4786, kterou jsem uzavřel statutální městen Zlín jakožto pro najímatelem.
770000	773000	Navrhuji uzavření prodlužující nájemní smlouvy.
773000	779000	V průběhu jejíž platnosti si bude moci město Zlín jakýmikoliv způsobem opakovaně ověřit,
779000	785000	Užívám řádně, nájem neplatím řádně a včas a veškeré povinnosti nájemní se si plním jak nejlépe mohu.
785000	791000	Oduvodnění. V čase mého předpokládaného pobytu v bytě a v čase předpokládaného plnění řádných povinností nájemníka,
791000	796000	jsem se po těžkém pracovním úrazu z ruky spojeném s komplikovanou operací,
796000	802000	což je doleženo lékařskými zprávami vlastně přiloženými k této žádosti,
802000	809000	pro své omezení v hybnosti a soběstačnosti v bytě vůbec nezdržoval a o povinnosti si neplně jak vyřádně měl.
809000	815000	Týkalo se to například i opožděné platby inkasa a stejně jako domluvený posun termínu výměry vodoměrů.
815000	823000	Přestože za uvedené skutečnosti mohl prokazatelně můj zdravotní stav a za způsobené nepříjemnosti se velmi omlouvám
823000	830000	a svého nekonání ve věci velmi lituji, aby se již v budoucnu jakákoliv ze zde uvedených i neuvedených chyb neopakovala.
830000	835000	Založil jsem si ve svých 53 letech po projezd v životě svůj bankovní účet.
835000	842000	Z tohoto účtu jsem provedl trvalý platební příkaz ve výši 6588 Kč měsíčně.
842000	846000	Trvalý příkaz jsem provedl i v příjmové kapitole účtu a to od svého zaměstnavatele.
846000	849000	Mám zkrácený pracovní úvazek fyzioterapeuta.
849000	855000	Prohlášení od paní ředitelky je přílohou i od České správy sociálního zabezpečení,
855000	858000	kde jsem měl celkem nevyzvednutých 11 částek.
858000	861000	Byl jsem rodič, ponoukal napsat prohlášení, že v jejich domě v Brumově bylnice
861000	864000	budu pobývat pouze o víkendových rehabilitačních návštěvách
864000	867000	a pod zbytek týdne se budu zdržovat ve svém pronajímaném bytu ve Zlíně,
867000	873000	aby došlo k mé těsnější socializaci a v městě samotném nezávisném způsobu života.
873000	878000	Na základě mnou doložený skutečností proto žádám Radu města Zlína o přehodnocení rozhodnutí
878000	882000	vedoucího usnesení, které nezohlednilo ani můj dlouhodobý natož akutní krátkodobí
882000	884000	přes jedno trvající zdravotní stav.
884000	888000	Neprodloužení nájmí smlou vypovažuji a to, přestože jsem si vědom své nedůzlednosti
888000	892000	a chybného nejednání nespojeného s alespoň dostatečním vysvětlení všech pokolností
892000	896000	za příliš tvrdého patření vůči člověku, který má řadu vážných zdravotních i život
896000	900000	značně tělesně, psychicky a sociálně omezujících diagnoz.
900000	904000	Pokorňu vás, vážení radní, proto všechny prosím i zastupitele,
904000	908000	abyste vše znovu zvážili a po doloženém seznámení s mojí zdravotní, psychickou, sociální situací
908000	910000	mě nechali v bytě bydlet.
910000	916000	Za vaši schový vazost, slitování se a pochopení vám děkuji. Děkuji moc.
918000	924000	Děkuji vám za dodržení časového limitu. Vaším případem se bude zabývat Rda na svém dalším jednání.
924000	931000	To je poslední vystupující k bodu vystoupení občanů a předávám zpět slovo panu primátorovi.
931000	938000	Moc děkuji všem občanům, kteří došli dneska na zastupitelstvo. Děkuji za jejich podněty.
938000	945000	Budeme pokračovat v jednání zastupitelstva. To znamená dalším bodem je schvální programu.
945000	950000	Včera vám byl uvolněn doplněný návrh programu o jeden materiál, takzvaně na stůl.
950000	956000	Jedná se o novou obecně závazné vyhlášky, ve které se upravuje pouze datum konání akce.
956000	962000	Všechny materiály jste obdrželi v elektronické podobě a v programu jsou čislovány tak, jak byly dodatečně zařazeny.
962000	968000	Znamená někdo k navrženému programu připomínky či doplňky?
968000	972000	Není tomu tak, prosím pojďme a slovat program tak, jak vám byl zaslán.
984000	990000	Pro 37. Program dnešního zasedání byl přijat.
990000	996000	Pokračme je tedy bodem číslo čtyři, což je zpráva o činnosti finančního výboru.
996000	1001000	Chtěl bych se zeptat k tomu, jestli má někdo nějaké dotazy k této zprávě.
1001000	1004000	Poprosím náměstka Mirka Chalánka.
1004000	1009000	Děkuji za slovo, pane primátore. Hezké ráno.
1009000	1014000	Nevím, jestli budou nějaké připomínky k práci finančního výboru, ale já si dovolím,
1014000	1019000	protože jsem čtyři roky docházel na finanční výbor s titulu hosta
1019000	1024000	a referoval jsem vlastně o věcech ekonomických, které se tam probíraly
1024000	1031000	a které jsme diskutovali, ať už k rozpočtu nebo k jednotlivým finančním operacím,
1031000	1035000	který jsme dělali, tak bych všem členům chtěl poděkovat za ty čtyři roky
1035000	1041000	té spolupráce, jak opozičním, tak koaličním, protože myslím si,
1041000	1048000	že jsme si zachovávali věcnost a používali jsme argumenty a čísla.
1048000	1052000	Myslím si, že to prostředí, které jsme pracovali, bylo opravdu konstruktivní,
1052000	1057000	tak za to chci poděkovat všem, kteří ty čtyři roky věnovali svůj čas a energii,
1057000	1060000	práci ve finančním výboru. Děkuji.
1061000	1064000	Mocka děkuji. Já se učitě připojuji k tomu poděkování,
1064000	1067000	ale já to vezmu potom globálně, předpokládám,
1067000	1070000	s posledním zastupitelstvou, které proběhne v září,
1070000	1076000	protože věřím tomu, že budeme pokračovat i nadále, ať už v komisích, tak ve výborech,
1076000	1079000	tak i na zastupitelstvu v té konstruktivní věstné debatě
1079000	1083000	bez nějakých politických přísluš, jako nějakých politických handrkování,
1083000	1086000	které samozřejmě s vidícími se volbami se vždycky hotoví zabízí,
1086000	1093000	ale stále tomu tak není. Takže za to děkuji už předem a předám na slovo panu Dudákovi.
1095000	1099000	Dobré dopoledne, dámy a pánové. Pane primátora, děkuji za slovo.
1099000	1105000	Volby se blíží, já jsem nejméně aktivní člen, tak si dovolím využít této situace,
1105000	1109000	abych také poděkoval za to, jak funguje finanční výbor,
1109000	1113000	už jsem také členým jak pan Chalánek a další kolegové.
1113000	1118000	Nicméně teď vážně, vážím si toho konstruktivního přístupu,
1118000	1123000	jakékoliv informace nám, pokud nám chybí nebo jsou požadovány,
1123000	1129000	tak nám to úřad ve výborné podobě a kvalitě
1129000	1132000	v nejkračším možném terminu předloží.
1133000	1137000	A za tuto aktivitu a práci děkuji.
1137000	1142000	Jen bych upozornil, že myslím si, že to dřív nebylo zvykem,
1142000	1146000	že nám na finanční výbor chodí podměty občanů
1146000	1151000	na nějaké konkrétní věci. Teď řešíme parkovací dům,
1151000	1158000	vedle plaveckého stadionu a také transparentnost parkovacího režimu.
1158000	1164000	My jsme finanční výbor, který kontroluje nebo dozoruje
1164000	1167000	především finance, nejsme kontrolní výbor,
1167000	1171000	tak by možná bylo dobré, kdybychom na stránkách města
1171000	1177000	lépe definovali, jaké jsou role jednotlivých orgánů
1177000	1184000	nebo výborů za tento podmět. Jenom bych se přimlouval. Děkuji.
1184000	1189000	Moc chrát děkuji za ten podmět. My jsme to samozřejmě řešili i v rámci
1189000	1193000	po tom, co ten dopis došel, protože tam bylo jmenovitě napsáno přímo,
1193000	1195000	že to má být na kontrolní i na finanční výbor. Tím pádem
1195000	1199000	i z pozice toho dopisu nemám jen možnost, než to na finanční výbor
1199000	1203000	předložit, kdy finanční výbor má tu možnost zareagovat tím,
1203000	1210000	že to není obsahem jeho náplně práce a tím pádem se tím zabývat nebude.
1210000	1216000	Ale prakticky mi zase pokud občan napíše, že to máme na ty jednotlivé orgány
1216000	1220000	předložit, tak my máme povinnost to tam předat.
1220000	1223000	Ale určitě to můžeme více zpustit vyspecifikovat na těch stránkách,
1223000	1227000	ať každý rozumí tomu, co jednotlivé komise nebo ty výbory řeší,
1227000	1232000	aby to zbytečně neposílali někam, kam to vlastně nemá smysl.
1233000	1237000	Poprosím, jestli má někdo něco dalšího výboru číslo 4.
1237000	1241000	Není tomu tak, pojďme tedy prosím hlasovat materiál číslo 4.
1253000	1258000	Pro materiál číslo 4 byl přijat, pro 39.
1258000	1262000	Tento materiál jsme brali na vědomí.
1262000	1268000	Materiál číslo 5 je závěrečný účet, to znamená,
1268000	1272000	máme tu sepsáno, jak jsme teda dopadli za rok 2025,
1272000	1274000	což jsme už ty predikce vám sdělovali,
1274000	1276000	už předem, ale poprosím se řejmě
1276000	1280000	náměstka Jirka Chalánka, aby vám uvedl tento bod.
1280000	1282000	Děkuji za slovo, pane primátore.
1282000	1285000	Já si dovolím, protože vždycky jsme o tom debatovali,
1285000	1287000	tak dáme určitě prostor v debatě,
1287000	1292000	nicméně možná na ten úvod bych řekl pár takových dat,
1292000	1296000	které považuji za důležitý, aby tedy zazněli z titulu
1296000	1298000	hospodaření roku 2025.
1298000	1304000	Čili začneme celkové přijmí 2 miliardy 864 milionů,
1304000	1309000	celkové výdaje 2 miliardy 969,
1309000	1315000	čili víc jsme konstruovali rozpočet jako přebytkový,
1315000	1319000	nakonec skončil schodkový 105 milionů.
1321000	1324000	V rámci těch 105 milionů je potřeba říct,
1324000	1327000	čím jsme ho vyrovnali.
1327000	1330000	Vyrovnali jsme ho přebytkem z minulých let,
1330000	1332000	to znamená zapojili jsme do rozpočtu peníze,
1332000	1338000	které jsme si řečeno terminologií finanční ušetřili,
1338000	1343000	z roku 2024, 2024 a 2023.
1343000	1348000	Ten celkový deficit 105 milionů
1348000	1355000	byl částečně tvořený i rozdílem na revolvingovém účtě,
1355000	1362000	to znamená, že revolvingový účet používáme pro financování dotací
1362000	1366000	a ten rok dopadl tak, že jsme více předfinancovali,
1366000	1371000	než nám na to potom jako ty dotace chodili.
1371000	1375000	Má to logiku, protože většina těch dotací je ex post,
1375000	1381000	to znamená, že nechodí průběžně, chybí po, ale chodí po zúčtování.
1381000	1388000	Takže celkový ten deficit na tom nebo rozdíl na tom účtu je 14 milionů,
1388000	1393000	takže ty teoreticky můžeme z toho trošku jako bokem,
1393000	1395000	protože oni v čase přijdou.
1395000	1401000	Čili celkový ten deficit, který potřebujeme vykrýzt z toho přebytku minulých let,
1401000	1404000	je 93 milionů.
1404000	1410000	Jedno číslo, o kterém se bavíme a které bude do budoucna hodně důležité,
1410000	1411000	to je rozpočtová odpovědnost.
1411000	1419000	V současné době podíl dluhu průměrů příjmu za poslední čtyři roky je 21%.
1419000	1431000	To znamená, že my tam 21% je ten poměr dlouhodobých závazků či příjmu za poslední čtyři roky průměru.
1431000	1435000	Takže je to číslo pro nás v tuto chvíli příznivé, ale je potřeba říct,
1435000	1441000	že zatím, byť jsme schvalovali v letošním roce, protože jsme v letošním roce schvalovali,
1441000	1453000	určitě si vzpomínáte úvěr na vykrytí ITI ve výši 1,1 miliardy, tak ten tam ještě započítaný není.
1453000	1461000	Čili to číslo bude určitě v průběhu let, už v letošním roce zapojujeme ten úvěr,
1461000	1467000	to znamená, že se bude zvyšovat, ale i tak při té částce 1,1 miliardy
1467000	1473000	nepočítáme, že bychom jaksi překročili tu hranici toho bezpečného,
1473000	1480000	těch bezpečných rozdílů mezi výšidlu a průměru příjmu za poslední čtyři roky 60%.
1480000	1486000	Těch věcí, které bych tady chtěl zmínit, je potom samozřejmě
1486000	1492000	každý rok je povinnost, aby závěrečný účet prošel auditem,
1492000	1498000	to znamená, že auditovaný zpráva o výsledku přeskoumání o spodaření je přílohou
1498000	1503000	vlastně toho závěrečnému účtu nebo nedílnou součástí toho účtu.
1503000	1511000	Já si myslím, že z titulu toho přeskoumání jsou vlastně tři důležité vyjádření auditora.
1511000	1518000	To je vyjádření k souladu hospodaření z hledisky přeskoumání hospodaření.
1518000	1523000	Potom druhá kategorie je vyjádření ohledně chyb a nedostatku.
1523000	1528000	Tam je konstatování auditora, že nezjistil žádné chyby a nedostatky.
1528000	1533000	A potom ta třetí skupina se týká upozornění na případná rizika,
1533000	1538000	čili tam je výrok auditora, že nebyla zjištěna žádná rizika.
1538000	1542000	Řekl bych, že co se týče procesného vedení toho rozpočtu a víte sami,
1542000	1546000	že těch položek za ten rok se nás čítá v různých kategoriích,
1546000	1550000	že ten fokus, čeho se ten rozpočet týká, je opravdu široký.
1550000	1556000	Tak si myslím, že to je hodnocení, které je pro nás určitě hodně dobré.
1556000	1564000	Vykazuje jakousi kvalitu nebo ukazuje kvalitu ekonomického oddělení,
1564000	1568000	které jsou ten rozpočet samozřejmě zjistka těch procesních věcí stará,
1568000	1570000	tak aby všechno bylo tak, jak má být.
1570000	1575000	Samozřejmě, jestli máme deficit nebo přebytek, to už je naše rozhodnutí.
1575000	1581000	Nicméně já bych chtěl poděkovat ekonomickému odboru a paní Holcové
1581000	1589000	speciálně za to, jak vlastně se s těmi, s tím rozpočtem pereje
1589000	1593000	a jak jsme schopni reagovat nebo jak hlavně ekonomického oddělení
1593000	1597000	a hlavně ekonomického oddělení je schopno reagovat i nějaké zákonné změny
1597000	1603000	a různé věci, které se během průběhu roku mění,
1603000	1608000	že nakonec opravdu se dá spolehnout na to,
1608000	1612000	že to bude zaučtované všechno tak, jak to má být.
1612000	1618000	Dřív to hodnocení bylo, dávalo se A, B, C,
1618000	1623000	dneska jsou tři výroky ohledně toho rozpočtu,
1623000	1629000	takže já si myslím, že dlouhodobě ekonomický odbor funguje
1629000	1634000	získat té zprávy toho rozpočtu a je na něho spoleh,
1634000	1637000	což je dobrá zpráva, když už jsme tady zmiňovali ty volby do budoucna,
1637000	1641000	že ať už ten rozpočet se stavuje a bude s ním pracovat kdokoliv,
1641000	1646000	tak se na ekonomický odbor může spolehnout a to je hodně dobrá zpráva.
1646000	1652000	Takže paní Holco, ještě jednou děkuji a zadám vám prostě z diskuzi.
1655000	1658000	Dobrá, moc děkuji za ten úvod a poprosím pana Dudáka,
1658000	1660000	který se hlásí do diskuze k tomuto bodu.
1660000	1665000	Děkuji za slovo. Z naší stranu také velké poděkování
1665000	1669000	ekonomickému odboru i tomu vedení pana Chalánka.
1669000	1674000	Otevřeně říct, že jsme v tomto volebním období v tom získali
1674000	1682000	i díky vašemu přístupu daleko větší vhled a schopnost ty věci rozlišovat a pochopit.
1682000	1685000	My za naše hnutí budeme hlasovat pro,
1685000	1692000	ale řeknu otevřeně, my schvalujeme správnost a formálnost tohoto dokumentu.
1692000	1699000	Nikoliv, že se stotužněme se všemi náklady a projekty a investičními akcemi,
1699000	1703000	které jsou samozřejmě obsahou náplně tohoto rozpočtu.
1703000	1708000	Tak to jenom pro naše příznivce musím převést na pravou míru. Děkuji.
1708000	1710000	Děkuji.
1710000	1714000	Děkuji za to poděkování.
1714000	1718000	Myslím si, že opravdu ekonomický odbor tady dlouhé roky odvádí velice dobrou práci,
1718000	1722000	což opravdu to hodnocení to potvrzuje.
1722000	1726000	Poprosím Kateřinu Francovou.
1726000	1729000	Dobré, dopoledne všem.
1729000	1733000	Za nás my se závěrečným účtem za zaučtování,
1733000	1738000	za tou technickou stránkou, s tou technickou stránkou také souhlasíme,
1738000	1742000	ale v ní máme to takové vystavení vysvědčení městu.
1742000	1747000	Vadí nám, že přesto, že se vybralo rekordní množství peněz na daních,
1747000	1750000	tak hospodaříme s jakýmsi dluhem.
1750000	1756000	Žijeme nad poměry, máme tam 113 tisíc navýšený dluh.
1756000	1760000	To, co nám dále vadí a možná i to je...
1763000	1766000	113 milionů, pardon, děkuji, děkuji.
1766000	1768000	To by bylo krásné, 113 tisíc.
1770000	1774000	Co nám vadí, tak nám, jako druhý bod nám vadí,
1774000	1777000	že běžné výdaje byly loni vyšší než příjmy města.
1777000	1779500	Tím pádem se muselo sáhnout do úspor.
1780000	1786000	A třetí bod, který vnímáme jako takový poměrně velký problém a viditelný
1786000	1792000	a tahne se delší dobu, je to otázka investičních výdajů,
1792000	1796000	protože pokud se podíváme na to, co bylo naplánované a co se skutečně
1796000	1802000	proinvestovalo, tak jenom v roce 2022 bylo proinvestováno 95%,
1802000	1812000	v roce 2023 43% pouze, v roce 2024 44% a v letošním roce, nebo v roce 25 pouze 51%.
1812000	1818000	Což nás trošku trápí, je to výsledek toho, že v podstatě se nedotahují investice,
1818000	1820000	které byly naplánované.
1820000	1826000	A to se nám jako úplně nelíbí. Tady z hlediska vystavení, vysvědčení
1826000	1831000	nejsme spokojeni, protože to svědčí o tom, že sice plány jsou hezké,
1831000	1836000	ale nezvládá se to proinvestovat. Takže s tímto my nesouhlasíme
1836000	1839000	a trápí nás tady toto.
1843000	1848000	Dobře. Prakticky se podíváte na dlouhodobý stav asi za posledních 15 let,
1848000	1853000	když si vezmete, tak co se týká proinvestovanosti, tak za doby
1854000	1858000	nebudu řešit koho, byla například 30%, 35% byla jeden rok.
1858000	1861000	Ale prakticky já se toto vůbec nechci vůbec vracet,
1861000	1864000	protože to si tady hážeme horký brambor zleva doprava a říkám,
1864000	1868000	prakticky je to ten stav, který je jako reálný.
1868000	1871000	To znamená, máte naplánovány investice.
1872000	1875000	To, že máte pro investované 50%, neznamená,
1875000	1878000	že ty investice se nezrealizují. Znamená to to,
1878000	1882000	že například ta příprava trvá něco déle a přesuní se do dalšího roku.
1882000	1886000	Takhle se to posunuje více z roku na rok a pokud neděláte projekty
1886000	1890000	ve stylu oprav chodníků, které jste schopni udělat víceméně,
1890000	1895000	nechci s obratem, ale relativně rychle a s vámi říkám o opravách lokálních,
1895000	1900000	nikoli o stavbách, tak v tu danou chvíli ty procesy prostě trvají.
1900000	1904000	To je to stejné, jako se bavíte, že velké kino nachystat trvalo 10 let.
1904000	1909000	Myslím si, že asi nikdo nečekal, že od doby zahájení výběrového řízení na soutěž,
1909000	1912000	na architekta a všechno ostatní, že to bude trvat 10 let a prostě výsledek je ten.
1912000	1914000	A výsledek prostě tady tento je, bohužel,
1914000	1917000	protože ty procesy jsou někdy další, než sami chceme.
1917000	1922000	Stejně tak povolovací proces, bohužel vnímáme všichni, co se děje v rámci povolovacích procesů,
1922000	1928000	takže za sebe si také, jako řeknu, nemyslím, že bych měl radost z toho,
1928000	1932000	že jsme někdy třeba na těch 50, 60 procentech.
1932000	1938000	Na druhou stranu je potřeba říci, že je ten stav, že ty projekty se dotahují.
1938000	1944000	Není pravdou, že by se nedotahovaly, jenom to prostě bohužel někdy trvá déle, než se čeká.
1944000	1949000	A to pak způsobí to, že samozřejmě v rámci toho přesunu z roku na rok
1949000	1952000	se ty částky prostě nenaplní tak, jak by měly.
1952000	1958000	To znamená, ve chvíli, kdy například stavba je započatá,
1958000	1963000	to znamená víceméně byly finance alokovány na celou stavbu,
1963000	1967000	stavba se vysoutěžila, podepsala se splouva a stavba probíhá,
1967000	1971000	tak vy z roku na rok potom přesunujete finanční prostředky.
1971000	1978000	Tím pádem ty finanční prostředky, které se nevyplatily tomu zhotovitelu,
1978000	1982000	protože ještě to nebylo hotové,
1982000	1984000	tak to danouky se převádí z roku na rok,
1984000	1986000	ale samozřejmě v tom účtu to potom je dáno,
1986000	1990000	že těch 50 prostě vícem to vpadá z toho původního plánu.
1990000	1995000	Takže za sebe ano, všichni bychom byli rádi,
1995000	1997000	kdyby ty věci se dali dělat rychleji,
1997000	2001000	to určitě asi bychom si přáli všichni.
2001000	2005000	Bohužel jsme prostě v systému, který nám tady zákonodáci dali,
2005000	2007000	a ty pohlovací procesy trvají, jak trvají.
2007000	2012000	Někdy máme samozřejmě problém se soutěžemi skrze různé zakázky,
2012000	2016000	že někteří dodavatelé dávají své k úhosů a podobně,
2016000	2018000	a opakujete ta výběrová řízení.
2018000	2019000	To znamená, není to ani o tom,
2019000	2022000	že když už máte stavební povolnit, že máte vyhráno,
2022000	2027000	jsou tu zakázky zcela otevřeně, které soutěžíme rok,
2027000	2029000	a ještě nemáme dodavatelé,
2029000	2031000	protože to soutěžíme více než na třikrát.
2031000	2034000	Vzhledem k tomu, že se ti dodavatelé mezi sebou různě napadají
2034000	2036000	u různých institucí.
2036000	2040000	Takže dotahování těch věcí je samozřejmě to,
2040000	2042000	co si myslím, že se tady daří.
2042000	2045000	Určitě není o tom, že bychom nedotahovali věci,
2045000	2048000	a jenom prostě bohužel ty hluty, které jsou,
2048000	2050000	a ty zákony, které jsou,
2050000	2052000	tak nám prostě dávají ty možnosti, které máme,
2052000	2056000	a já si myslím, že ty projekty, které v současné době se soutěží
2056000	2058000	nebo jsou již podepsané,
2058000	2060000	tak si myslím, že jsou jasným důkazem toho,
2060000	2062000	že ty věci se po mnoha letech,
2062000	2064000	když se bavíme desítky let o některých projektech,
2064000	2066000	tak se dotahují.
2066000	2068000	Takže tady toho...
2068000	2070000	A samozřejmě bych velice rád,
2070000	2072000	kdybychom některé věci nemuseli řešit,
2072000	2074000	aby je hotové na příkladu před 25 lety,
2074000	2076000	o kterých se tady historicky baví
2076000	2078000	a do této nejsou.
2078000	2080000	Poprosím, jestli chce reagovat,
2080000	2082000	pan náměstek?
2086000	2088000	Ještě tam byl pan Prchal,
2088000	2090000	ať nepředlíhám.
2090000	2092000	Jo, jo.
2092000	2094000	Já bych chtěl říct jednu takovou reakci
2094000	2096000	na ten...
2096000	2098000	na to vystoupení, paní financové.
2098000	2102000	Kvalita financová...
2102000	2104000	nebo řízení financí
2104000	2106000	nemá vůbec žádný...
2106000	2108000	a jejich kvalita nemá vůbec žádné vztahy na to,
2108000	2110000	jestli sestavíte rozpočet stupkový,
2110000	2112000	nebo představíte to,
2112000	2116000	to vůbec o ničem nevypovídá.
2116000	2120000	Dlouhodobě dělat přebytkový rozpočet je nesmysl,
2120000	2122000	protože potom se dostává do toho,
2122000	2124000	že generujete úspory,
2124000	2128000	možná i budete zhodnotovat jako depozita,
2128000	2130000	ale je otázka jako,
2130000	2132000	co z toho budou mít ti občané,
2132000	2134000	protože my jsme tady první občany.
2134000	2136000	To znamená jako, že když cokoliv děláte v rozpočtu,
2136000	2138000	tak se říká jako nehled na nominál,
2138000	2142000	nehled na trend a prostě nějaký časový úsek,
2142000	2144000	v kterém funguješ.
2144000	2146000	Samozřejmě, tak jak říkám,
2146000	2148000	že dlouhodobě dělat přebytkový rozpočet
2148000	2150000	není žádná výhra,
2150000	2152000	tak ono dlouhodobě dělat schodkový
2152000	2154000	taky nemůžete,
2154000	2156000	čili vy se musíte dostat někde
2156000	2158000	v tom horizontu pěti let,
2158000	2160000	někde do nějaké nuly,
2160000	2164000	kdy to vyrovnáte a začnete jít zase nějakou trajektorií.
2164000	2166000	Takže
2166000	2168000	buďme opatrní na toho hodnocení,
2168000	2170000	protože ta kvalita toho rozpočtu jde o to,
2170000	2172000	abyste maximálně využili
2172000	2174000	ty prostředky, které máte
2174000	2176000	a ty nejvíc
2176000	2178000	poblivňuje jako míra provozu.
2178000	2182000	To je klíčová věc jako pro rozpočet.
2182000	2184000	Míra provozu.
2184000	2186000	Těch provozů máte
2186000	2188000	samozřejmě nahodilé výdaje
2188000	2190000	a potom jsou jako ty trvalé.
2190000	2192000	To znamená, to jsou ty,
2192000	2194000	propíšou do tohleté doby
2194000	2196000	a samozřejmě musíte,
2196000	2198000	musíte s něma pracovat.
2198000	2200000	Takže takové ty
2200000	2202000	rychlé,
2202000	2204000	krátké zprávy,
2204000	2206000	jako co je dobře a co je špatně,
2206000	2208000	úplně jako
2208000	2210000	v tom rozpočtu
2210000	2212000	nejsou dobrý
2212000	2214000	a ještě je potřeba si uvědomit
2214000	2216000	vlastně, co ten závěrečný účet je.
2216000	2218000	To jsou finanční toky.
2218000	2220000	To jsou finanční toky,
2220000	2222000	které vlastně realizujete
2222000	2224000	v rámci
2224000	2226000	toho roku,
2226000	2228000	nebo to dodaného
2228000	2230000	fiskálního období.
2230000	2232000	A co je důležité,
2232000	2234000	jako jestli čerpáte nebo nečerpáte.
2234000	2236000	Já bych řekl tak,
2236000	2238000	to číslo je určitě,
2238000	2240000	není něco,
2240000	2242000	z čeho bychom měli obrovskou radost,
2242000	2244000	ale potom musíte říct,
2244000	2246000	co ho ovlivňuje,
2246000	2248000	protože si potom nějakou významnou akci
2248000	2250000	nakryjete a nečerpáte ji,
2250000	2252000	znažuje, kolik jste přidělili
2252000	2254000	a skutečně spotřebovali.
2254000	2256000	To znamená, když někdo vystaví fakturu
2256000	2258000	až 1.1. roku 26,
2258000	2260000	tak už to nedostanete ve roku 25
2260000	2262000	a vypadáte zase trošku jinak.
2262000	2264000	Takže já bych
2264000	2266000	opravdu prosil o to,
2266000	2268000	jako to, co jsme dělali
2268000	2270000	na finančním výboru, je potřeba si na to
2270000	2272000	vidět to trošku v tom komplexu
2272000	2276000	a pokud chceme dělat nějaké soudy,
2276000	2278000	tak opravdu jako na základě toho,
2278000	2280000	že se podívám na nějaký čtyřletý období
2280000	2282000	a řeknu, ano, tady je to blbě.
2282000	2284000	Stejně tak, jako pokud se něco
2284000	2286000	čtyři roky dělá blbě,
2286000	2288000	tak to nespravíte ten další rok.
2288000	2290000	To se bude nějaká trendová věc, kterou potřebujete
2290000	2292000	propsat do toho rozpočtu a fungovat.
2292000	2294000	Pro budoucnost a pro kohokoliv,
2294000	2296000	kdo tady bude, jako je důležitý
2296000	2298000	jako maximální věc
2298000	2300000	nebo maximální
2300000	2302000	starost věnovat té
2302000	2304000	provozní části,
2304000	2306000	jako protože tam
2306000	2308000	je
2308000	2310000	ta
2310000	2312000	kvalita toho rozpočtu a toho zpodaření.
2312000	2314000	A potom je druhá věc.
2314000	2316000	V momentě, kdy
2316000	2318000	generujete vlastně
2318000	2320000	nějakou rezervu, čili řekněme
2320000	2322000	to saldo, tak to saldo
2322000	2324000	umět použít zase v čase.
2324000	2326000	Čili nebát se
2326000	2328000	i velkých projektů,
2328000	2330000	nebáli jsme se úvěru,
2330000	2332000	prostě jsou věci, které mají přesah
2332000	2334000	čtyř let, jo, jestli spravujeme dneska
2334000	2336000	kino, tak určitě ho nespravujeme na deset let.
2336000	2338000	To jsou věci, které mají
2338000	2340000	určitý přesah a určitě je dobře si na ně půjčit,
2340000	2342000	ale musíte to umět,
2342000	2344000	nebo musíte to mít jistotu,
2344000	2346000	že když ten závazek,
2346000	2348000	ten dlouhodobý závazek třeba
2348000	2350000	dvaceti leté z platnosti propíšete
2350000	2352000	do toho salda, že na to budete mít
2352000	2354000	a neohrozíte ten provoz.
2354000	2356000	Protože vy,
2356000	2358000	to je rozdíl oproti
2358000	2360000	fungování normální obchodní korporace,
2360000	2362000	že vy nemáte šanci
2362000	2364000	na pracovat,
2364000	2366000	máte 80% příjmu generovaných,
2366000	2368000	který nemáte ve své moci,
2368000	2370000	to znamená, že vy si na té příjmové části
2370000	2372000	řekněme si zase moc nepomůžeme.
2372000	2376000	Takže je to ten balans a potom,
2376000	2378000	jako v momentě, kdy generujete to saldo,
2378000	2382000	tak přemýšlet, jako kolik těch věcí jste schopni
2382000	2384000	podstat do průběžného financování,
2384000	2386000	to znamená formou úvěru.
2386000	2388000	A tam si myslím,
2388000	2390000	že třeba
2390000	2392000	ty dlouhodobé závazky na úrovni,
2392000	2394000	ale nejpřím,
2394000	2396000	ale na úrovni salda,
2396000	2398000	můžou být třeba do výše 30-35%.
2398000	2402000	Potom vám to dává určitou možnost
2402000	2404000	si s tým rozpočtem trošku hrát.
2404000	2406000	Protože řeknu jednu takovou věc,
2406000	2408000	nikdo z nás nerozhodl o tom,
2408000	2412000	že bude 9% valorizace tarifů,
2412000	2414000	a to je 60 milionů,
2414000	2416000	které musíme propsat v příštím roce.
2416000	2418000	Ale ne v příštím roce,
2418000	2420000	v každém roce dál.
2420000	2422000	Takže pro příští volební období
2422000	2424000	máme 240 milionů,
2424000	2426000	jako které musíte zúčtovat navrhu.
2426000	2428000	A jenom pro vaši informaci,
2428000	2430000	teďka paní Holcová dělala příjmy,
2430000	2432000	my jsme počítali s tím,
2432000	2434000	že na to,
2434000	2436000	aby jsme sanovali náklad
2436000	2438000	neparagodických pracovníků,
2438000	2440000	potřebujeme 13% růst
2440000	2444000	v kategorii jedničkových daní.
2444000	2446000	Ten se neplní.
2446000	2448000	To znamená,
2448000	2450000	že vlastně,
2450000	2452000	jak si ten rozpočet,
2452000	2454000	tak jak byl podstavený,
2454000	2456000	že nám vykrije ty neparagodické pracovníky,
2456000	2458000	tak bez už tam máme nějaký deficit.
2458000	2460000	Je tam deficit třeba,
2460000	2462000	já řeknu teďka do 2 milionů,
2462000	2464000	ale jsme v půlce roku,
2464000	2466000	a to se mám všechno,
2466000	2468000	jako v tom rozpočtu,
2468000	2470000	takhle nějak to pracuje,
2470000	2472000	takže musíme být hodně opatrní
2472000	2474000	na to, co propíšeme
2474000	2476000	do toho provozního,
2476000	2478000	do těch provozních výdajů.
2478000	2480000	Takže to je jenom to.
2480000	2482000	Ale souhlasím,
2482000	2484000	51% není žádná výhra.
2484000	2485000	Moc teda děkuju,
2485000	2486000	poprosím, že ještě chtěla reagovat
2486000	2488000	spojení Francová.
2490000	2491000	Děkuju.
2491000	2492000	Jestli můžu,
2492000	2493000	já si pamatuju,
2493000	2495000	že jsme proinvestovávali 70%.
2495000	2497000	Těch 30% si fakt nejsem jistá.
2497000	2499000	Podívám se na to schválně,
2499000	2502000	protože toto mě nějak nesedí,
2502000	2504000	ale možná mám krátkou paměť.
2504000	2507000	Já jsem tady nechtěl upozorovat na někoho dál,
2507000	2508000	protože jestli se podíváte,
2508000	2511000	no to tam jeden rok takhle skočilo úplně blbě,
2511000	2512000	ale to je jedno.
2512000	2514000	To není vůbec,
2514000	2516000	to není ukazatelem,
2516000	2518000	který ve výsledku něco
2518000	2520000	jako reálně říct ukazuje.
2520000	2521000	To je prostě stav,
2521000	2523000	že řeknete dobré v tomto roce,
2523000	2524000	a teď to řeknu,
2524000	2526000	dobře jsme ty smlouvy podepsali pozdě.
2526000	2528000	To je realita třeba,
2528000	2529000	například.
2529000	2531000	Víceméně se to vyučtuje až rok později.
2531000	2533000	Pak se musíte spíš dívat,
2533000	2535000	co je a co není hotové.
2535000	2537000	Proto tady máte předkladané střednodobé plány
2537000	2540000	a další věci těch jednotlivých projektů.
2540000	2542000	A v tu danou chvíli,
2542000	2543000	to je za mě ten účet,
2543000	2544000	který se vlastně má řešit,
2544000	2546000	jestli ty věci jsou a nebo nejsou.
2546000	2548000	Jestli ta proinvestovanost vedle toho je 30%,
2548000	2550000	40%, nebo 60%, nebo 90%,
2550000	2552000	to je už otázka toho,
2552000	2554000	jak moc se to podařilo trefit do toho roku
2554000	2556000	v rámci co je přípravy těch projektů.
2556000	2558000	U těch menších to bývá o něco jednodušší.
2558000	2560000	Na druhou stranu ten poholovací proces
2560000	2562000	je stejný jak už u těch malých,
2562000	2563000	tak u těch velkých.
2563000	2565000	A pak je prostě otázkou,
2565000	2567000	že kolikrát i ty malé projekty samozřejmě
2567000	2569000	potřebují majetkoprávní přípravu
2569000	2571000	a můžeme se tam naprosto zaseknout,
2571000	2573000	že někdo nám ten pozemek nechce
2573000	2574000	nebo až později atd.
2574000	2578000	Takže za mě je potřeba si zejména hlídat,
2578000	2579000	co je a co není hotové.
2579000	2581000	A proto vám ty podklady překládáme vlastně,
2581000	2584000	co se chystá a to v těch plánech je.
2584000	2586000	A pokud se ty věci plní,
2586000	2588000	tak to je, když řeknu,
2588000	2590000	rozhodně relevantnější ukazatel,
2590000	2592000	než pro investovanost,
2592000	2594000	která se i v průběhu roku samozřejmě mění
2594000	2596000	v rámci upravených rozpočtů.
2596000	2598000	Prosím ještě paní Francovou.
2600000	2602000	Jenom poslední.
2602000	2604000	My jsme na to využívali tenkrát ty přísliby
2604000	2606000	finanční z roku na rok.
2606000	2608000	Myslím si, že jsem si úplně nevšimla,
2608000	2610000	že to využíváte tak, aby...
2610000	2612000	Víš Mirku, o čem mluvím?
2612000	2614000	Vím, o čem se bavíme.
2614000	2616000	Rozložili jsme investice tak,
2616000	2618000	že jsme vlastně dávali příslib tak,
2618000	2620000	aby nám to nezasahovalo,
2620000	2622000	ty větší projekty,
2622000	2624000	jako kdyby do té neproinvestovanosti,
2624000	2626000	když to řeknu.
2626000	2628000	To pokračuje dál, jenom místo příslibů
2628000	2630000	to děláme formou, že vlastně v těch tabulkách,
2630000	2632000	uvolňujeme, že tam máte přímo napsáno,
2632000	2634000	co v dalších letech bude.
2634000	2636000	To znamená, není třeba dle současné legislativy
2636000	2638000	dle toho, co jsme zjištěli,
2638000	2640000	to řešit jako přímo příslibama,
2640000	2642000	ale je potřeba to vlastně mít uvedené
2642000	2644000	v těch materiálech, aby s tím zastupitelstvo
2644000	2646000	jako tu informaci mělo.
2646000	2648000	A na základě toho se to následně propisuje.
2648000	2650000	To znamená, není potřeba to jakoby předskvalovat
2650000	2652000	příslibama, tak se to řešilo dřív.
2652000	2654000	Stačí to tady tím uvedením té informace
2654000	2656000	v materiálech a tím se to následně propisuje,
2656000	2658000	aby to bylo ve středědobém plánu financování.
2658000	2660000	Poprosím ještě náměstka Mirka Chalánka,
2660000	2662000	co chtěl upřesnit.
2664000	2666000	Nevím, pousta z vás asi
2666000	2668000	neví, o čem teď budu mluvit,
2668000	2670000	ale přes to řeknu.
2670000	2672000	Rozpočet uvolňuje vlastně
2672000	2674000	takzvaně baru
2674000	2676000	jako dopředu
2676000	2678000	vlastně psat náklady.
2678000	2680000	My jdeme touto cestou.
2680000	2682000	Příslib je prakticky
2682000	2684000	vám řeknu takovou věc.
2684000	2686000	Jde o to,
2686000	2688000	o čem jsem mluvil, to znamená,
2688000	2690000	abyste maximálně využívali
2690000	2692000	a efektivně využívali to saldo.
2692000	2694000	To znamená ten zůstatek
2694000	2696000	nebo tu rezervu, kterou máte.
2696000	2698000	Příslibem toho moc nevyřešíte,
2698000	2700000	protože já vám řeknu,
2700000	2702000	pokud chcou mít lepší číslo na plnění,
2702000	2704000	tak řeknu, že
2704000	2706000	to pokryju, vykryju příslibem,
2706000	2708000	ale já se ptám, jestli v tom účetním období
2708000	2710000	ten příslib budete realizovat,
2710000	2712000	takže vlastně
2712000	2714000	máte lepší číslo,
2714000	2716000	ale efekt je úplně stejný.
2716000	2718000	To znamená, my jdeme jinak.
2718000	2720000	My nechceme hrát na to,
2720000	2722000	že budeme mít lepší číslo.
2722000	2724000	Když se podíváte,
2724000	2726000	když se podíváte na tu tabulku,
2726000	2728000	kterou jsme vám posílali,
2728000	2730000	a to jsou vlastně preferované projekty,
2730000	2732000	tak my je plánujeme v roce
2732000	2734000	a propisujeme do toho baru.
2734000	2736000	Takže my hedžujeme ty peníze na příští rok
2736000	2738000	a nemůžeme už je utratit.
2738000	2740000	Proč? Tady bychom schvalovali příští na nic.
2740000	2742000	My to schválíme rozpočtem.
2742000	2744000	Takže, a může nastat situace,
2744000	2746000	že třeba teďka budeme schvalovat,
2746000	2748000	jo, příští bod je sourozpočtová opatření,
2748000	2752000	kdy nakrýváme Sportovina Vršava a dostavba radnice ve Zlíně,
2752000	2759000	kdy chceme soutěžit vlastně dostavbu radnice a dáváme tam 20 milionů.
2759000	2761000	A v tuto chvíli si nejsme jistí,
2761000	2767000	jestli ty peníze opravdu jako do toho konce roku vysoutěžíme, uděláme.
2767000	2770000	To je to, o čem mluvil pan primátor,
2770000	2774000	že z hlediska té realizace pracujete s určitou mírou předpokladů.
2774000	2777000	A může se stát, že v příštím roce,
2777000	2780000	že do konce roku těch 20 milionů neutratíme,
2780000	2783000	ale my je převedeme, oni už zůstanou na tom orbu
2783000	2787000	a pokud je neutratíme dnes, tak je utratíme příští a příští rok
2787000	2790000	zase budeme už na to přidělovat peníze.
2790000	2792000	A tím se dostáváte do toho,
2792000	2795000	že z toho salda máte věci,
2795000	2797000	které v tom saldu už vám zůstanou,
2797000	2799000	jenom opravdu ty volné prostředky,
2799000	2801000	protože ty ostatní věci vlastně v tom baru
2801000	2804000	čtyři roky dopředu propisujete, jo.
2804000	2809000	Takže je to trošku jako složitější.
2809000	2811000	Já znovu říkám, vždycky je to v té přípravi
2811000	2813000	a v té realizaci, je to,
2813000	2817000	nedá se to úplně přesně typnout, jak to bude,
2817000	2820000	hlavně u takových akcí, které přesahují třeba 1, 2,
2820000	2823000	nebo 1, nebo 3 roky, jo.
2823000	2825000	Tam je to poměrně jako složitý, jo.
2825000	2830000	Protože udělat dneska splácení, dejme tomu kina v letech,
2830000	2834000	bude poměrně složitý, jo.
2834000	2840000	Ale víme, že ty peníze potřebujeme nějakým způsobem řídit, jo.
2840000	2842000	Jinak, a i když neutratíme ty peníze,
2842000	2844000	tak my je samozřejmě zhodnocujeme,
2844000	2848000	takže to není tak jako, že by to leželo někde v kanceláři
2848000	2854000	paní Olcové, ale ty peníze dál pracují v náš prospěch, jo.
2854000	2857000	To se tam snaží.
2857000	2860000	Takže jo, že to jednou k tomu.
2864000	2867000	Dobré, děkuji. Poprosím pana Prchala.
2868000	2870000	Dobré, dopoledne dámy a pánové.
2870000	2873000	Tento bod se jmenuje Závěrečný účet
2873000	2876000	a účetní závěrka za tutarního města Zlín.
2876000	2882000	Po profesní stránce ten dokument je připraven naprosto dokonale.
2882000	2884000	Krásně se v tom orientuje.
2884000	2886000	Graficky je to nádherné.
2886000	2888000	Za to bych chtěl celému oddělení poděkovat.
2888000	2891000	O tom, jaké jsou jednotlivé potom body
2891000	2894000	a jejich čerpání, to už je věc druhá,
2894000	2897000	ale myslím si, že tohle nepatří k tomuto bodu.
2897000	2900000	Proto za mě jenom děkuji všem, kteří na tom spolupracovali.
2902000	2905000	Tím moc krát děkujeme. Poprosím pana Vančuru.
2906000	2910000	Dámy a pánové, děkuju pane primátore za slovo.
2910000	2912000	Já se nicméně vrátím k té diskuzi,
2912000	2914000	protože myslím, že to je důležité.
2914000	2917000	Takže myslím, že to je důležité.
2917000	2923000	Bylo to jedno, ta výše realizovaných investic proti plánů.
2923000	2927000	To byla jedna skutečně z bodů, která nás zahybala.
2927000	2930000	My jsme tady před časem přešli na radnici.
2930000	2933000	A vedli jsme kolem toho docela dost diskuzí.
2933000	2937000	Můžu potvrdit, co jste říkal, pane primátore,
2937000	2943000	předchozí náměstek ekonomických, pane Chalánku.
2943000	2954000	Ten pokládal tu 40-50% hranici v realizaci investic za výborné číslo.
2954000	2959000	Zdá se to být jako samozřejmě trošku zmatečné,
2959000	2967000	ale myslím, že tam by bylo potřeba i trošku objasnit některou metriku,
2967000	2973000	kterou my tam používáme při té přípravě investic, její zařazování časové atd.
2973000	2978000	Ale v každém případě ta oblast investic, o tom asi nikdo nepochybujeme,
2978000	2980000	je pro město hodně důležitá.
2980000	2985000	Víte, že dlouhodobě stojíme o to, aby v této věci byl větší přehled,
2985000	2989000	nejenom to, co máme za sebou, ale především to, co nás čeká.
2989000	2994000	Stojíme o to a myslím, že se ta situace podstatně zlepšila
2994000	2999000	proti té minulosti priorizat těch jednotlivých projektů.
2999000	3005000	A vůbec v náhledu, jak o tom nadále přemýšlet,
3005000	3009000	samozřejmě i na pozadí toho ekonomického vývoje,
3009000	3013000	protože kdybychom letos dokázali všechno postavit,
3013000	3017000	tak ten schodek by byl zase o mnoho, o mnoho větší.
3017000	3024000	Ale co se týče těch investic, ještě chvilku se o to zdržím.
3024000	3028000	Víte, že, nebo alespoň my si to myslíme,
3028000	3032000	jsme o tom přesvědčení, že ten klíč k té úspěšné investici
3032000	3038000	leží v zadání toho projektu, ve spolupráci s projektovým ústavem,
3038000	3042000	až po samozřejmě nejenom tu realizaci a výběru dovatele,
3042000	3045000	ale taky o vyhodnocení toho projektu,
3045000	3049000	protože tam je potřeba podle naší zkušenosti
3049000	3052000	učit se nejenom z toho, co se povedlo,
3052000	3056000	ale to, co třeba s nebylo uděláno optimálně.
3056000	3059000	A já to říkám taky proto, že si myslíme,
3059000	3063000	že v této oblasti ještě máme na městě rezervy
3063000	3068000	a z druhé strany se cítíme být docela kompetentní
3068000	3073000	v této oblasti a tak už jsme připraveni,
3073000	3078000	myslím, městu v tom dalším odluji pomoci.
3078000	3083000	Vstavět dneska cokoliv,
3083000	3087000	to, myslím, každý potvrdí, kdo má něco za sebou,
3087000	3090000	není nic snadného a myslím si,
3090000	3093000	že je tam hodně práce a potřebujeme tam
3093000	3096000	soustředit ten potenciál města do této oblasti,
3096000	3100000	tak snad. Děkuju za pozornost.
3100000	3103000	Dobrá, množská děkuju za ten příspěvek
3103000	3106000	a poprosím pane Juráše.
3106000	3109000	Dobrý den, pane primátore, děkuju za slovo.
3109000	3111000	Dobrý den kolegyně, kolegové.
3111000	3113000	Já moc děkuju za tu diskuzi.
3113000	3116000	Naopak si myslím oproti panu Prchalovi,
3116000	3118000	že při schvalování závěrečného účtu
3118000	3120000	tato diskuze by měla nutně být.
3120000	3123000	A souhlasím s panem primátorem
3123000	3125000	i s panem Chalánkem, že ta diskuze
3125000	3129000	k té struktuře těch investic je spíše o metrice.
3129000	3132000	Ona není až tak o tom proinvestování,
3132000	3135000	když to zní zvláštně z prostého důvodu,
3135000	3138000	že hold více leté investice se nezařazují
3138000	3140000	do toho rozpočtu mechanicky.
3140000	3143000	To znamená ani finální hodnotou,
3143000	3145000	ale ani poměrnou částí.
3145000	3147000	Prostě to, co se proinvestovává v daném roce,
3147000	3149000	se vezme v potaz.
3149000	3152000	Proto, možná to pan Chalánek říkal trošku složitě,
3152000	3154000	já si to pokuším zjednodušit.
3154000	3157000	Ono to plánování a pak to řízení toho ročního rozpočtu,
3157000	3159000	to je vlastně řízení cash flow,
3159000	3162000	nikoliv jako naplánování stráty
3162000	3164000	nebo naopak přebytkového uspodaření.
3164000	3166000	To si myslím, že tak úplně nestojí.
3166000	3169000	Pokud bysme se spíše bavili o tom,
3169000	3172000	jaké procenta mají v tom roce být proinvestováno,
3172000	3174000	tak se de facto baví o nějakých střednilobých výhledech
3174000	3178000	a toho, jaké investice já jsem nachystal v té struktuře.
3178000	3182000	A to je všechno, co jsem k tomu chtěl říct. Děkuju.
3182000	3186000	Dobrá, děkuju taky za ten příspěvek, za to do vysvětlení.
3186000	3190000	A vzhledem k tomu, že nikdo další se do diskuze nehlásí,
3190000	3194000	tak já prosím, pojďme lasovat materiál číslo 5.
3204000	3208000	Pro 34, materiál číslo 5 byl přijat.
3208000	3212000	Materiál číslo 6 jsou rozpočtová opatření.
3212000	3218000	Chtěl bych tomu otržit diskuzi, jestli tomu máte nějaké otázky.
3218000	3224000	Nikdo se do diskuze nehlásí, tak prosím, pojďme lasovat materiál číslo 6.
3224000	3238000	Pro 29, materiál číslo 6 byl přijat.
3238000	3244000	Materiál číslo 7 je Valná hromada společností vodovody a kanalizace,
3244000	3248000	kdy pověřujeme pana náměstka Pavla Bradu, aby zastupoval město na této Valné hromadě.
3248000	3250000	Jsou k tomu dotazy.
3250000	3256000	Nikdo se do diskuze nehlásí, tak prosím, pojďme lasovat materiál číslo 7.
3266000	3271000	Pro 37, materiál číslo 7 byl přijat.
3271000	3276000	Materiál číslo 8 je poskytnutí finančního daru pro hasičský záchranný z bohořadinského kraje.
3276000	3279000	Kdybych se zeptal, jestli jsou k tomu nějaké dotazy.
3279000	3283000	Poprosím pana Mitáčka.
3285000	3288000	Děkuji, pane primátore, dobré, dopoledne, milé kolegyně, kolegové.
3288000	3294000	Já samozřejmě se musím zeptat, proč? Proč snižujeme žádost z 500 000 na 100 000?
3294000	3301000	A protože mě toto téma sami víte dlouho zajímá a sleduju to tady už v druhé volobní období,
3301000	3305000	až jsme se, nebo já osobně s ničím podobným tady nesetkal za těch 8 let,
3305000	3308880	tak mi to nedalo, volal jsem panu řediteli Rušově,
3309000	3313000	na hasičský záchranný z bohořadinského kraje a vedl jsem s ním o tom dlouhý rozhovor.
3313000	3321000	On mi zase oplátkou řekl o setkání, které měl jste členy rady a o informacích, které mezi vámi proběhly.
3321000	3333000	Nicméně, já bych to chtěl malinko toto téma tady zvednout, rozebrat a rád od vás budu slyšet ty pravé upřímné důvody.
3333000	3345000	Jenom připomenuji, že krajské město Zlín má tady ve Zlíně největší hasičskou stanici v celém Zlínském kraji a, jak říkám, předcházejících 8 let, kdy tady sedím,
3345000	3355000	a podpora tomuto sboru a této stanici odpovídala velikosti krajského města a odpovídala tomu, co ta stanice opravdu potřebovala.
3356000	3368000	Na oplátku město dostávalo samozřejmě vyřazenou techniku, která dár slouží dobrovolný hasičům ve městě Zlíně, opakovaně cisterny a další věci.
3368000	3374000	Myslím si, že tato spolupráce vždycky dlouhodobě fungovala a tady cítím, že začíná být narušená.
3375000	3383000	Jenom pro srovnání a pro kolegy, kteří možná nemají úplně přesné informace o tom, jak to vypadá v jiných městech v našem kraji,
3383000	3389000	tak 100 000 Kč dává jako podporu města například Holešov.
3389000	3393000	Snižujeme se na úroveň města Holešov? Čím?
3393000	3397000	Město v Setín dává třísta tisíc třeba.
3397000	3403000	Pro mě ta částka 500 000 Kč je částkou, která není nijak přehnaná a přemrštěná,
3403000	3411000	vzhledem k tomu, co oni požadují a vzhledem také k tomu, co vidím,
3411000	3418000	že je město schopno vydávat za peníze do jakých oblastí a co třeba vy jako rada podporujete.
3418000	3426000	Jenom namátkou zrovna dnešní materiálu jsou věci, kdy dáváte skoro 950 tisíc na videa
3426000	3430000	podporující skatepark a dostavbu přístavbu radnice.
3430000	3432000	Téměř milion korun.
3432000	3444000	A proti tomu stojí tady zbor, který potřebuje zařízení na prokazatelnou záchranu lidských životů.
3444000	3450000	A to je možná to, kde my se nacházíme, že pro vás ta hodnota je udělajme video
3450000	3454000	a pro mě ta hodnota je pojďme zachraňovat životy našich spolou občanů.
3454000	3459000	A jenom připomenu to, co tady před chvilkou říkal pan Chalánek.
3459000	3463000	A já si za jeho výroky stojím, když mluvil o financích.
3463000	3465000	Jsme tady pro občany.
3465000	3467000	Podtrhuji, podepisuju.
3467000	3469000	Další vaše věta.
3469000	3471000	Nebojíme se velkých projektů.
3471000	3474000	Podtrhuji, podepisuju.
3474000	3477000	A jak vám to jde dohromady tady s tímto?
3477000	3482000	Takže musel jsem k tomu vystoupit, musel jsem k tomu vyjádřit,
3482000	3486000	Protože není toto vystoupení jenom pro mě tady na úrovni města,
3486000	3489000	ale samozřejmě všichni, co jste zastupitelé z Línského kraje víte,
3489000	3492000	že k tomuto tématu pravidelně vystupuji i na krajské úrovni.
3492000	3497000	A jsem velmi rád, že po letech mé kritiky tyto zbory přichází s něčím,
3497000	3499000	co sami buď nemohou nafasovat.
3499000	3503000	Nejsou to žádné s proměnutím věcidení spotřeby,
3503000	3506000	ale jsou to zařízení, které opravdu potřebují
3506000	3509000	a prokazatelně vedou k záchraně lidského života.
3509000	3515000	Prosím, pane primátore, jestli můžete teď tento návrh ještě změňte.
3515000	3519000	Pokud k tomu nemáte sílu, nebo nemůžete, nebo jste se dohodli jinak,
3519000	3522000	tak já předložím pro ti návrh. Děkuju.
3522000	3526000	Já to uvedu v celku jednoduše a prostě no.
3526000	3529000	To vlastně s vámi, že dlouhé roky spolupráce fungovala,
3529000	3531000	fungovala na té bázi, s čím za námi došli,
3531000	3534000	tak tím vícem jsme vždycky vyšli v stříc,
3534000	3536000	a nebylo to o 500 tisících, to víme všichni tady.
3536000	3539000	Ale abychom mohli v této spolupráci pokračovat,
3539000	3542000	tak musí být dodrženy dohody s obou dvou stran.
3542000	3544000	To se v ní nestalo.
3544000	3546000	Takže vzhledem k tomu, že se nestal,
3546000	3548000	že nebyla naplněná dohoda ze strany,
3548000	3551000	která byla vlastně učiněna v vlenském roce,
3551000	3554000	nebyla naplněná ze strany vlné města,
3554000	3558000	tak první návrh byl, že je zamítneme úplně,
3558000	3561000	vzhledem k tomu, že se nedrží dohody.
3561000	3565000	Pak se řeklo, že teda, abychom dostalňují velké téma na zastupitelstvu,
3565000	3567000	což teď víceméně tady je,
3567000	3569000	tak jak jste to otevřel, že jsme výsledku tí,
3569000	3572000	tí, kteří jsou tí zlí, kteří hasičům něco nedávají,
3572000	3573000	protože zachraňují životy.
3573000	3574000	My jsme si to úplně vědomi,
3574000	3577000	ale pokud se hlavně hasiče financuje stát,
3577000	3579000	jsme si všichni taky vědomi.
3579000	3582000	Vždycky něco potřebovali, vždycky za námi došli,
3582000	3583000	vždycky jsme vyšli v stříd.
3583000	3584000	Vždycky tomu tak bylo.
3584000	3587000	A nebylo to o 100 tisícových částkách.
3588000	3591000	Jediné, co chceme, je, aby se na čem dohodneme, to platí.
3591000	3593000	V současné době tomu tak není,
3593000	3596000	proto jsme řekli, že místo 50 tisíc záváme 100 tisíc.
3596000	3599000	V týpadě se naplní dohody, které byly uzavřeny mezi námi,
3599000	3602000	tak vlastně vůbec nebráníme se tomu tu dotaci,
3602000	3605000	nebo ten dar následně navýšit.
3605000	3608000	Je to teďka čistě o tom, bavíme se o vyřazené technice,
3608000	3610000	kterou jste tady s nás zmínil.
3610000	3615000	Prostě víceméně my to akceptujeme,
3615000	3619000	jejich změnu postoje, ale v tu danou chvíli,
3619000	3623000	jako pokud se argumentuje historicky něčím
3623000	3626000	a je nějaká dohoda, že potom nějaká technika
3626000	3632000	bude darována nebo bude poskytnuta městu z línu,
3632000	3636000	a my na základě toho poskytneme nějaké finanční prostředky v minulosti
3636000	3640000	a následně se to tak nestane, tak v tu danou chvíli si myslím,
3640000	3645000	že je naprosto adekvátní to, abychom nebyli tak vstřícní
3645000	3647000	ve chvíli, kdy do jakákoliv žádost,
3647000	3650000	a ve chvíli, kdy se tyto věci, ty historické naplní,
3650000	3652000	tak určitě za sebe já počítám s tím,
3652000	3655000	že tady ten dar navýšíme.
3655000	3657000	To asi je na dovýsvětlení.
3657000	3661000	Není to teďka vůbec o tom, že bychom jakkoliv si podceňovali
3661000	3665000	jakoukoliv práci a podobně, ale prostě nastala změna postoje
3665000	3669000	u hasičů a v tu danou chvíli
3669000	3673000	když se něčem dohodneme, tak to má platit.
3673000	3675000	To je za nás.
3675000	3677000	A hlavně jsme se taky bavili, že je potřeba říct,
3677000	3680000	že na základ těch dohod jsme ty finance dávali vyšší,
3680000	3683000	než bývalo zvykem, než bylo to půl milionu.
3683000	3687000	A proto prostě říkáme, že když to neplatí,
3687000	3690000	tak ve výsledku my tohle zdáváme teďka 100 tisíc
3690000	3693000	a pokud se ty dohody naplní, tak prostě samozřejmě počítám,
3693000	3697000	bo já zase počítám s tím, že se budeme bavit o částce,
3697000	3699000	abychom dorovnali například těch 500 tisíc,
3699000	3701000	nebo možná se budeme bavit zase o něčem dalším.
3701000	3704000	Není to teďka otázka toho, že my bychom stropovali,
3704000	3707000	je tady nějaký zvyk 500 tisíc,
3707000	3709000	ten zvyk jsme několikrát porušili tím,
3709000	3711000	že jsme ho navýšili, tu částku,
3711000	3715000	ale kam ty věci musí platit.
3715000	3717000	To je za nás ten důvod,
3717000	3719000	že tam nyní 100 tisíc.
3719000	3721000	Celá otrpení.
3721000	3725000	Poprosím ještě, Jelomitáče, jste reagovat?
3725000	3728000	Ano, děkuji, pane primátor, jenom dovětek.
3728000	3731000	Já jsem tuto odpověď očekával.
3731000	3734000	Mohu vás v tomto i chápat,
3734000	3737000	ale nemyslím si, že zrovna občan chtěl slyšet to,
3737000	3741000	že něco handlujeme s hlasickým záchranným zborem a městem.
3741000	3745000	Já jsem ty důvody slyšel a nechtěl jsem je zveřejňovat,
3745000	3750000	protože si myslím, že je to věcí vás členů rady a druhé strany.
3750000	3752000	Ale pořád se na to prostě dívám
3752000	3754000	z nějakého dlouhodobějšího hlediska,
3754000	3756000	nějaké continuity toho,
3756000	3758000	že tady ta spolupráce nějak byla nastavená
3758000	3761000	a také té reality toho,
3761000	3764000	že oni nepřichází s něčím, co by jim leželo ve skladu
3764000	3766000	nebo neměli třeba využité.
3766000	3768000	Tam bych měl sám s tím problém.
3768000	3773000	Proto mi ta faktická stránka toho daleko sáhle přesahuje.
3773000	3776000	To, co může třeba probíhat krátkodobě v rámci toho,
3776000	3778000	jak vy říkáte, nedodržení dohod.
3778000	3781000	Podle mě je to zase jenom o nějaké komunikaci a jednání,
3781000	3785000	ale narušovat tím nějakou kontinuitu a vztahy,
3785000	3787000	které tady dlouhodobě byly budované
3787000	3789000	a samozřejmě dál musí pokračovat,
3789000	3792000	já považuji opravdu za nevhodné.
3792000	3796000	Proto mi dovolte podat protinávrh k tomuto bodu návrhové komisy.
3796000	3799000	Děkuju.
3799000	3804000	Děkuji, prosím náměstka, pana Volfa.
3804000	3806000	Dobré, dopoledne taky ode mě.
3806000	3810000	Pane kolego, já na vás budu reagovat, než utečete.
3810000	3815000	My jsme v podstatě loni tady schválili dar pro HZS
3815000	3818000	v nějaké částce přes 1 300 000,
3818000	3824000	což si myslím, že převyšuje ty pravidelné 500 000 přislíbené dary,
3824000	3826000	které dáváme každý rok.
3826000	3830000	A tenhle dar měl být v podstatě využit
3830000	3832000	na nákup vyproštěvacího zařízení.
3832000	3836000	Samo město Zlín zřizuje 12 dobrovolných jednotek hasičů
3836000	3840000	a 13. profesionální jednotku našich hasičů města Zlína.
3840000	3845000	V podstatě technika je zastaralá a musíme ji obnovovat.
3845000	3850000	A neděláme to tak, jak to tady možná trošku zaznělo,
3850000	3852000	že je to něco za něco.
3852000	3854000	Je to nějaká vzájemná výpomoc.
3854000	3857000	My jim pomůžeme nakoupit to, co oni na co třeba nemají rozpočet.
3857000	3859000	Oni nám zase pomůžou v něčem jiném.
3859000	3863000	A pokud naše jednotky nejsou dostatečně vybavené,
3863000	3866000	sami potřebujeme vyměnit vyproštěvací zařízení,
3866000	3868000	které má, já nevím, 20-30 let.
3868000	3872000	Cisterny teďka máme dvě na servisu.
3872000	3874000	Každá bude stát 100 000 servis.
3874000	3877000	Tak v podstatě ty peníze, pokud mají jít do nějaké bezpečnosti,
3877000	3879000	tak je první potřeba si vybavit vlastní jednotky.
3879000	3881000	Dovybavit.
3881000	3883000	A potom můžeme ty dary rozdávat.
3883000	3885000	Takže já to beru tak.
3885000	3887000	Ten návrh samozřejmě na radě byl 500 000.
3887000	3891000	Jak říkal pan primátor, byly návrhy, ať nedáváme ani korunu.
3891000	3894000	Tak jsem rád aspoň za těch 100 000.
3894000	3897000	Ale naprosto souhlasím s tým, jak rada rozhodla,
3897000	3902000	protože máme vlastní povinnosti vůči našim členům jednotek,
3902000	3904000	vůči našim asičům.
3904000	3906000	A ty bychom měli splnit a potom můžeme rozdávat dál.
3906000	3910000	A myslím si, že ty částky, co tady zazněly,
3910000	3913000	v minulém roce to bylo přes 1 300 000,
3913000	3915000	před loni to bylo 800 000,
3915000	3917000	před tým 500, před tým zase 700.
3917000	3920000	Takže ty částky nejsou úplně nejmenší.
3920000	3921000	A vy jste mluvil o Holešovu.
3921000	3925000	Největší města ve Zlínském kraji nedávají víc než 250 000 Kč.
3925000	3928000	Takže když bych to řekl fakt špatně,
3928000	3932000	tak máme skoro předplaceno to, co jsme HZS dali za poslední roky.
3932000	3934000	A já věřím, že se to podaří zase navázat,
3934000	3936000	že ta spoluprace bude pokračovat,
3936000	3939000	ale je potřeba, aby byla maličko zájemná.
3939000	3941000	Takže děkuju.
3941000	3943000	Dobrá, moc krát děkuji za to do vysvětlení.
3943000	3945000	A poprosím pane Juráše.
3945000	3947000	Děkuju za slovo, pane primátore.
3947000	3949000	Já vůbec nepochybuji o upřímném zájemu
3949000	3952000	pana kolegy Mitáčky a o vybavenosti
3952000	3954000	složek integrovaného záchranného systému.
3954000	3956000	A naopak to ocenuju.
3956000	3958000	Poprosil bych ho však, aby nám vysvětlil,
3958000	3960000	proč v pondělí na krajském zastupitelstvu,
3960000	3964000	kdy o podobnou vybavenost žádala policie České republiky.
3964000	3967000	Naopak vystoupil s podnětem, že to je záležitost státu,
3967000	3971000	ministerstva vnitra, které má vybavovat tenhle záchranný sbor.
3971000	3975000	A tady u hasičů říká, že to je záležitost kraje.
3975000	3978000	Druhou věc, kterou bych poprosil vysvětlit,
3978000	3980000	a to jenom jako fakt v dobrém,
3980000	3982000	já nemyslím to nějak ofenzivně,
3982000	3984000	v předchozím bodu bylo vyčítáno,
3984000	3986000	že hospodaříme s deficitem.
3986000	3989000	A teď se tady vlastně přikláníme k nějakému nákladu,
3989000	3991000	které se rada snaží jenom manévrovat
3991000	3993000	z pohledu toho, co udělal předtím,
3993000	3996000	tak jenom jestli byste mi to vysvětlili, děkuji moc.
3998000	4001000	Pohorsím teda o reakce pana Mitáčka.
4001000	4005000	Děkuji. Byl jste přítomen, vím o tom,
4005000	4007000	viděli jsme se tam a slyšeli.
4007000	4010000	Naopak ta moje reakce byla přesně opačená,
4010000	4013000	že v minulých letech policie přicházela s věcmi,
4013000	4016000	které mohly běžně fasovat ve svých skladech.
4016000	4018000	A právě tam z mé strany bylo poděkován,
4018000	4022000	že konečně minulý rok i letos přišly s materiálem a věcmi,
4022000	4024000	které nemohou běžně nafasovat
4024000	4027000	a běžně ministerstvo vnitra nepodporuje.
4027000	4031000	Naopak se tím otvírá ten prostor pro místní zprávu,
4031000	4034000	krajskou zprávu a pro peníze z našeho regionu,
4034000	4036000	protože je to podpora přímočinností,
4036000	4038000	které trápí tady regionální policii.
4038000	4041000	Takže ta moje poznámka byla přesně tímto směrem.
4041000	4043000	Děkuju.
4045000	4048000	A ještě bylo něco k financím?
4052000	4056000	Co se týká těch financí, tak mně to právě nejde dohromady s tím,
4056000	4059000	že na jedné straně vydáváme ty peníze třeba na propagaci videa,
4059000	4061000	které si myslím, že kdyby tady radní vzali svůj mobil,
4061000	4065000	natočili se tam, udělali toho Rios a zveřeněli to za položku nula,
4065000	4067000	tak my na to vydakládáme skoro milion korun.
4067000	4070000	Tak to mi právě přišlo ve vztahu k tomu,
4070000	4073000	jak mohou denně používat naši kolegové hasiči
4073000	4076000	při vyproštěvání našich spoluobčanů.
4076000	4078000	Trošku fakt nefér.
4078000	4081000	To bylo to porovnání s těmi financemi. Děkuju.
4084000	4085000	Já vás jenom poprosím,
4085000	4087000	vy jste tady dvakrát zvěděli nějaké videa za milion,
4087000	4089000	mohl byste mi říct, že to v těch materiálech vidíte.
4089000	4092000	Já si přiznám, že na Raděc teda řešíme všechno možné
4092000	4094000	a v poslední videa, co jsme neřešili,
4094000	4097000	tak jedno video bylo v hodnotě necelých deset tisíc korun.
4097000	4100000	Takže já jenom teda, když teda opakovaně zazdívám
4100000	4102000	na veřejném zastupitelstvu tvrzení,
4102000	4106000	že rada města Zína si objednává jako videa za milion korun,
4106000	4109000	tak bych byl rád teda, kde jste k této informaci přišel,
4109000	4111000	protože já i těch materiálek nevidím, co přiznám.
4115000	4122000	Tak děkuju. Rozpočtové opatření schválená Radou.
4122000	4130000	A je to strana, Katka mi říká 467, tabulka 2.
4130000	4133000	Já taky, než tam nalistuju, tady toho materiálu je hodně.
4133000	4139000	A je tam 700 tisíc na skatepark a 250 na dostavba radnice.
4141000	4147000	Je tam videa a propagace publicita a tyto materiály, tyto věci.
4150000	4155000	Já vás poprosím, na stránce 467 je jenom tabulka
4155000	4158000	a rozpočtová opatření jako pomlčka,
4158000	4162000	jste dvouřádková tabulka, tam to určitě na této stránce to není.
4162000	4178000	Důfám, že máme aktualizovaný program.
4178000	4184000	Já bych jenom chtěla říct, že když se aktualizuje program
4184000	4187000	a vy si uděláte do předešlého programu poznámky
4187000	4189000	a stáhnete si ho, tak ty poznámky zmizí.
4189000	4191000	Takže prosím vás, stáhněte si program z předevčerejška,
4191000	4195000	který přišel a tam to najdete na straně 467.
4195000	4199000	Nemoc se omlouvám, nevím, jak můžu pomoct, je to tabulka číslo 2
4199000	4208000	a je to rozpočtové opatření, které 0248, jako těžko se v tom fakt hledá ta poznámka.
4208000	4215000	Já už potom neaktualizuju, protože já už ztratím své poznámky.
4215000	4220000	Je to navědomí.
4220000	4223000	Můžu přijít se svým počítačem ukázat to.
4233000	4236000	Jo, my to prověříme, protože v současné době, co vykazuje pan Témní,
4236000	4239000	tak rozuměli jsme v milionových částkách, to za prvé,
4239000	4244000	ale prakticky říkám, to je čistě o tom, že samozřejmě v rámci města Zína
4244000	4249000	zhospodaříme adekvátně a není to o tom, že bychom se objednávali videa za milion.
4249000	4254000	Takže já bych jako chápu, že jsme v nějakém období, ale asi...
4254000	4258000	Ještě, jestli můžu, tak v novějším materiálu už je to lépe vyspecifikované.
4258000	4261000	V tom předešlém materiálu je napsané, že se jedná o přesun finančních
4261000	4265000	prostředků dle charakterych výdajů z investis do provozu v rámci akce
4265000	4273000	modernizace z K-Partku Bartoška na uhradu publicity. Akce 700 000. Publicita.
4273000	4277000	To ano, ale to je něco jiného, to není svou žádná videa.
4277000	4282000	Ale tak to čteme my, jo? To jsme se na to chtěli zeptat, proto tady kolega...
4282000	4286000	To nemá s žádnými videí nic společného, takže si to je tistá doměnka,
4286000	4290000	takže já bych potřeba přištěkně si to řekneme, jak tady věci jsou.
4290000	4297000	Ale prakticky tomu tak není, takže já jsem to chtěl si říct právě,
4297000	4299000	jestli jste k tomu přišli, že jsem to opakovaně tady říká. Děkuju.
4299000	4305000	Prosím ještě, jestli ten pan náměstek mě nechala něco říct tomu.
4305000	4312000	Pane primátore, já bych navázal na to, co říkal pan Juráš, ale to říká přesně o tomto.
4312000	4321000	Profesionální hasiči je státní zpráva. My můžeme podpořit a podporujeme v té výši,
4321000	4327000	když to řekneme, a teď se vrátím znovu o tom trendu, o kterém mluvil pan kolega Wolf.
4327000	4334000	500 tisíc tam dáváme, dáváme, přišli, že potřebují člun, aby ho koupili,
4334000	4339000	takže jsme tam dali 1,3, čili když to vypočítáte za poslední čtyři roky,
4339000	4344000	tak se dostanete do toho očekávaného jakési do té zvyklosti 500 tisíc.
4344000	4349000	Potom je druhá věc, když tady vzpomínáme ty občany, jak se my staráme o občany,
4349000	4354000	jako z hlediska požádní bezpečnosti a tady těch lidí,
4354000	4362000	kteří zajišťují bezpečnost a mimořádných situací k podporu našich obyvatel.
4362000	4367000	Tak jenom, když si najdete stranu 55 závěrečného účtu,
4367000	4371000	tak tam vidíte požádný ochrana, integrovaný záchranný systém.
4371000	4376000	My jako jedno z mála měst máme profesionální jednotku hasičů,
4376000	4380000	která na nás stojí závěrečného účtu 14 milionů korun.
4380000	4382000	14 milionů korun.
4382000	4386000	To, co říká pan Mitáček, jak se staráme a jde nám o ty občany,
4386000	4392000	ano, ne o 400 tisíc víc pro hasiče státní,
4392000	4396000	ale my platíme svoji jednotku.
4396000	4398000	Je to celkem taková mimořádnost.
4398000	4400000	Já jsem dokonce byl celkem dost aktivní o tom,
4400000	4402000	aby jsme to nějakým způsobem redukovali.
4402000	4406000	Ono to nejde, protože to právě v tom integrovaném záchranném systému
4406000	4408000	už nějak je zakomponované.
4408000	4412000	Takže vytáhnout to, zajistit tu službu už není vůbec jednoduché.
4412000	4416000	Pokud nám jde do toho občana, tak náš občan od města dostává
4416000	4421000	14 milionů z hlediska rozpočtu na víc, co ne úplně všude je.
4421000	4424000	A druhá věc je, a tady se znovu vracím k tomu,
4424000	4428000	kde máme mi povinnost, že řešíme teďka, paní Bláhová,
4428000	4431000	by vám určitě řekla, jako na Velíkové hasičárno,
4431000	4434000	protože tam nemáme kde zaparkovat vůbec to auto.
4434000	4437000	Jeho předpokladané rozpočet je 8 milionů korun
4437000	4439000	a budeme se bavit teda o tom, jak to nějakým způsobem vyřešíme.
4439000	4444000	Takže já bych teďka řekl, víc na mě doléhá jako,
4444000	4449000	myslím si, že máme o občany víc získat rozpočtu,
4449000	4452000	vynakládáme daleko víc než jinde, to je první věc.
4452000	4455000	Druhá věc, máme odpovědnost a musíme nějakým způsobem
4455000	4458000	dořešit hasiče jako na Velíkové.
4458000	4461000	A teďka jako se omlouvám, ale jestli náme hasičům,
4461000	4465000	jako jsme teďka zrovna v letošním roce nepřijeli jako 400 tisních,
4465000	4468000	oproti zvyklosti, která byla, tak si myslím jako, že si s tím,
4468000	4473000	musí nějak poradit.
4473000	4477000	Dobré, děkuju, poprosím pana Vančuru.
4477000	4479000	No já děkuju, pane primátore.
4479000	4486000	Já přemýšlím na celou tu diskuzi, jestli jsme se dostali tam, kam jsme vlastně potřebovali.
4486000	4491000	Teď to vypadá, že někdo je víc odpovědný, někdo méně odpovědný
4491000	4493000	a někdo víc nebo méně v jiný.
4493000	4500000	Myslím, že bylo fajn, kdyby tyto věci, pokud jsou k nim připomínky, se projednaly v pondělí na klubech,
4500000	4509000	kde bychom si to vysvětlili, asi pravděpodobně nebyl čas, aby tam ze stanu někdo přišel.
4509000	4515000	Ale myslím, že to obecně bychom se na to mohli dohodnout, pokud cítíme,
4515000	4520000	že máme témata, které potřebujeme objasnit, aby jsme si to provrali mezi sebou
4520000	4523000	a pak podle toho výstupu to prezentovali na zastupitelstvu.
4523000	4530000	Myslím, že lidi, kteří se to týká, nakonec si to nezaslouží. Děkuju.
4531000	4535000	Naprosto s vámi souhlas. Děkuju za tu připomínku.
4535000	4539000	Poprosím ještě pan Aleš Eduvka jako předsedu návrové komise,
4539000	4545000	aby přednesl protinávrh, co mu předložil pan Mitáček.
4545000	4550000	Takže dostali jsme písemné znění protinávrhu. Formálně je v pořádku.
4550000	4557000	Je k tomuto bodu a jeho znění je přečtu. To znamená, mělo by se hlasovat
4557000	4562000	o poskytnutí finančního daru ve vši 500 tisíc korun českých pro jasický záchrany
4562000	4566000	sboru Zlínského kraje se sídlem Přílůská 213 7601 Zlín,
4566000	4574000	IČ 7088 7306, na pořízení věcných prostředků dle důvodové zprávy.
4574000	4578000	Dobrá, moc děkuji za to přednesení. Jako se diskusně do další nehlásí,
4578000	4584000	tak v první řadě pojďme hlasovat o tomto protinávrhu, který byl podaný.
4584000	4606000	Pro 9 tento návrh nebyl přijat a prosím pojďme tedy hlasovat o materiálu číslo 8,
4606000	4624000	tak jak byl přednesen v materiálech, to znamená tentokrát od daru ve výši 100 tisíc.
4624000	4630000	Zlínského kraje 6, materiál číslo 8 byl přijat. Materiál číslo 9 je dodatek číslo 10
4630000	4634000	sýkající se smlouvy o veřejných službách přeprave cestujících.
4634000	4642000	Koukumu dotazy. Nikdo se v diskuze nehlásí, prosím pojďme hlasovat materiál číslo 9.
4642000	4662000	Pro 32 materiál číslo 9 byl přijat. Materiál číslo 10 je smlouva o smlouvě budoucího veřejných službách
4662000	4668000	na území, v přeprave cestujících, na území satelitárního města Zlína.
4668000	4676000	Koukumu nějaké dotazy. Nikdo se do diskuze nehlásí, prosím pojďme hlasovat materiál číslo 10.
4686000	4692000	Pro 32 materiál číslo 10 byl přijat. Materiál číslo 11 je implementace
4692000	4699000	integrovaného území strategie. Jsou k tomu dotazy, poprosím pana Vančuru.
4699000	4707000	Střed zájmu. Ano, děkuji. Nikdo další se nehlásí, pojďme prosím hlasovat materiál číslo 11.
4707000	4721000	Pro 33 materiál číslo 11 byl přijat.
4721000	4728000	Materiál číslo 12 týkající se pozemků a majetkoprávní úkonů. Jsou k tomu dotazy,
4728000	4730000	poprosím paní Francovou.
4730000	4739000	Já bych se chtěla zeptat. Tady máme tabulku číslo 7, kdy schvalujeme uzavření kupní smlouvy,
4739000	4746000	s čemž komise majetková přišla se sdělením, že nesouhlasí.
4746000	4753000	Také se nám tady objevuje nesouhlas s odborem městské zeleně.
4753000	4761000	Chtěla jsem zeptat, proč to teda, když jsem se dívala na ten nákres, proč to děláme, jestli je to tak strašně důležité.
4761000	4771000	A s tím vlastně souvisí i tabulka číslo 8, kdy v podstatě se objevují stejné nesouhlasné stanoviska.
4771000	4781000	Takže je tam v podstatě do budoucna ohrožený vstup na pozemky, které bychom mohli potřebovat.
4781000	4788000	Takže jsem se chtěla zeptat, jestli možná to z toho nákresu nechápu úplně dobře.
4792000	4800000	Ale pokud by tam zůstal nějaký zbytek, který by byl nepřístupný městu, tak mně přijde nesmysl to prodávat.
4800000	4807000	Z toho nákresu to není úplně jako jednoznačné, nevyznám se v tom, tak jestli mi to někdo může vysvětlit, proč to děláme.
4812000	4819000	To je ta přístupová komunikace vlastně na zadní pozemky. My jsme to řešili na radě, ale prakticky pokud si pamatuju správně,
4819000	4826000	tak my jsme řešili, že ten přístup vlastně zůstane zachovaný přes jinou lokalitu.
4826000	4837000	Ale teďka poprosím vidím paní vedoucí Úsákovou, jestli by nám v tom úplně řekla, je to vlastně věc týkající se vedle ulice Hořejší.
4837000	4843000	Je to vlastně komunikace v poli, kdybych to nazvala.
4843000	4856000	To není přímo komunikace, je to vlastně průh pole. A v tom jednom případě říkali, že to nedává logiku, jenže město prodává vlastně jako celý ten průh dvěma žadatelům.
4856000	4862000	A je to pozemek, který je jako solitární a není napojený na nic dalšího.
4867000	4876000	To si nemyslím, že by bylo, no, protože to brali jakože u té jedné části, jo, ale ty případy nešly úplně jako souběžně,
4876000	4881000	a my do těch stanovisek už potom nezasahujeme. Takže tím to vzniklo.
4885000	4888000	Děkuju, ještě poprosím pana náměstka Pavla Bradu.
4889000	4896000	Dobré dopoledne všem. Tak já si ještě několik informací k tímto pozemkům. Samozřejmě jsme to detálně probírali,
4896000	4901000	to nejsou přístupové pozemky, jsou to v podstatě nějaké zbytkové pozemky zahrady.
4901000	4907000	V podstatě pokud přišla jedna žádost na ten pozemk, tak jsme dali podnět ze strany majetku,
4908000	4912000	aby se to prodalo jako celek, aby městu nezůstal nějaký tam zbytkový pozemek.
4913000	4918000	A v podstatě udělali jsme znalecký posudek a je to prostě nějaká i reálná tržní cena.
4919000	4925000	A ten pozemek byl pro město nějakým zůsem nevyužitelný a neviděli jsme důvod v tomto případě ho nějak držet.
4925000	4931000	Takže samozřejmě pokud v jiných případech, kdy prostě máme možnost ten pozemek nějak zhodnotit,
4931000	4934000	něco s ním udělat nebo tam něco vybudovat, tak samozřejmě neprodáváme tady,
4934000	4938000	nám to přišlo, nedávalo smysl tento pozomek držet.
4939000	4942000	Dobrá, děkuji. Jsou k tomu nějaké další dotazy?
4943000	4946000	Nikdo se v diskuze nehlásí, tak prostě vzhledem to, že nejsou žádné protinávrhy,
4946000	4949000	tak pojďme hlasovat materiál 612 tak, jak byl předložen.
4949000	4966000	Pro 28, materiál 612 byl přijat. Materiál 613 týkající se majetko právní úkonů,
4966000	4975000	tentokrát o prodej pozemků majiteli objektu Tršnice, který tento objekt chce rekonstruovat,
4975000	4979000	a tam řešili jsme, jaké pozemky k tomu potřebuje,
4979000	4983000	protože v některých místech jsou pod touto budovou podzemní stavby,
4983000	4990000	takže potom se řešilo i využití těch pozemků v okolí Tršnice,
4990000	4993000	s tím, že jsme k tomu přistoupili v podobném duchu,
4993000	4996000	jako jsme přistoupili historicky k objektu obchodního domu.
4996000	4999000	Proto je to vlastně v tomto rozsahu.
4999000	5002000	Jsou k tomu dotazy?
5002000	5012000	Nikdo se diskuze nehlásí, pojďme prosím hlasovat materiál 613.
5013000	5019000	Pro 28, materiál číslo 13 byl přijat.
5019000	5027000	Materiál číslo 14 je dohoda o společném postupu přípravy a realizace stavby s ředitelstvím stavnic Zinského kraje.
5027000	5030000	Jsou k tomu dotazy?
5030000	5034000	Nikdo se diskuze nehlásí, prosím pojďme hlasovat materiál číslo 14.
5034000	5049000	Pro 38, materiál číslo 14 byl přijat.
5049000	5058000	Materiál číslo 15 se týká pozemků, které potřebujeme do budoucna na naší část propojení dální CD 49 a komunikace 1, 49,
5058000	5064000	to znamená tu městskou část nebude obchvat záležné.
5064000	5066000	Jsou k tomu nějaké dotazy?
5066000	5082000	Nikdo se diskuze nehlásí, pojďme prosím hlasovat materiál číslo 15.
5082000	5086000	Pro 37, materiál číslo 15 byl přijat.
5086000	5094000	Materiál číslo 16 týkající se pozemků a směných smluv ze rekonstrukcí místní komunikace Mezní a Michalova.
5094000	5096000	Jsou k tomu dotazy.
5096000	5100000	Nikdo se diskuze nehlásí, pojďme hlasovat materiál číslo 16.
5100000	5114000	Pro 36, materiál číslo 16 byl přijat.
5114000	5118000	Materiál číslo 17, opět pozemky.
5118000	5120000	Jsou k tomu dotazy.
5120000	5126000	Nikdo se do diskuze nehlásí, takže prosím pojďme hlasovat materiál číslo 17.
5126000	5140000	Pro 37, materiál číslo 17 byl přijat.
5140000	5152000	Materiál číslo 18 týkající se prodeje stavby asi na současné době, která se objížívá k parkování na střeše garáží, které jsou v majetku soukromého subjektu.
5152000	5164000	Je to určité narovnání vztahu, protože to parkování, které tam na této ploše probíhá, je asi soukromé za závorou, takže nejedná se o veřejné parkování.
5164000	5166000	Jsou k tomu dotazy.
5166000	5180000	Nikdo se do diskuze nehlásí, prosím pojďme hlasovat materiál číslo 18.
5180000	5184000	Pro 30, materiál číslo 18 byl přijat.
5184000	5190000	Materiál číslo 19 týká předkupního práva k bytovým jednotkám.
5190000	5193000	Jsou k tomu dotazy.
5193000	5199000	Nikdo se do diskuze nehlásí, prosím pojďme hlasovat materiál číslo 19.
5199000	5212000	Pro 37, materiál číslo 19 byl přijat.
5212000	5221000	Pateriál číslo 20 týkající se investiční dotace z rozpočtu na zhodnocení sportoviště ve zprávě společnosti STEZA.
5221000	5224000	Prosím paní Francovou.
5224000	5229000	Já jenom k této investici. My jsme nedávno převzali ty tenisové kurty.
5229000	5238000	A mám takový pocit, že sotva to sportoviště převezmeme, tak i hned to vyžaduje poměrně nemalé finanční náklady.
5238000	5243000	Samozřejmě chápu, zadržování dešťové vody je určitě správná věc.
5243000	5247000	Co mě tady trápí, tak vybudování spevněné plochy pro posezení.
5247000	5250000	Tak doteďka se tam sedělo kde, když se hrál tenis.
5250000	5261000	A teď to musíme jako řešit. Jako, já vím, že 380 tisíc není mnoho, ale v podstatě, jak říká kolega, mohli jsme to dát na siču.
5261000	5269000	Ale jako teď teda neseděli nikde a my to teď musíme zachránit a dát 380 tisíc na to, aby se mělo kde sedět.
5269000	5273000	Tak to mě trošku trápí.
5275000	5278000	Prosím náměstky Jino Bazilovou.
5278000	5289000	Dobré dopoledne všem. Já jsem chtěla nahlásit střed zájmu, ale jinak tady máme pana ředitele Havlíčka, který k tomu může dát určitě fundované vysvětlení.
5289000	5306000	Dobré dopoledne, dámy a pánové, vážení pane primátore. Co se týče posezení na tenisovém areálu Mlacová, tak tam ten areál není jenom o tenise a o tenisových kurtech,
5306000	5319000	ale je to areál, který v podstatě zahrnuje i letní využití ve formě venkovního bazénu. My bychom rádi ten venkovní bazén letos zprovoznili.
5319000	5330000	A co se týká toho posezení, tak ta plocha, která tam byla, tak byla ve špatném stavu, musela se jako předělat, nebo musí se předělat.
5330000	5340000	To znamená, je tam nutná rekonstrukce pro to, když tam budou chodit rodiny s dětmi, tak aby si tam nespůsobili nějaké zranění.
5340000	5345000	Takže to je ten důvod, proč tu plochu tam teď momentálně dáváme dohromady.
5345000	5352000	Já to jenom doplním, tam se jedná o malý bazén, to znamená, on se využíval z pravidla na příměstské tábory a podobné.
5352000	5360000	Vlastně tyto akce, není to o tom, že bychom tam tady další veřejné koupaliště, ale samozřejmě bezpečnostního hlediska, pokud tam se má pořádat zase něco,
5360000	5370000	ať už jsou to tenisové kempy nebo nějaký jiný příměstský tábor, který by v těch letních měsících jako využíval tady to ochlazení, bych to řekl, než není o plavání, to spíš o tom opravdu by se ochlaďili,
5370000	5381000	tak samozřejmě tam musí být dostatečný přístup a který je bezpečný, což se nám teda, což se z pozice stezis technikových, který tam byl jako jeví, že je to potřeba opravit, takže proto to tady máme.
5381000	5383000	Poprosím ještě paní Francovou.
5383000	5390000	Tak já za sebe, jestli nám to přinese příjem, to znamená, že ten bazén pronajmeme, tak to s tím souhlasím.
5390000	5404000	Taky nějaký příjem to určitě přinese, protože my, když to poskytneme k dispozici teda veřejnosti, tak budeme tam vybírat nějaký vstup, tak jak na ostatních koupalištích.
5404000	5412280	Ale je to o tom, že bychom rádi celý ten areál využili a zpřístupnili veřejnosti a to už od teďka od začátku prázdního.
5413000	5415000	Dobrá, děkuji.
5415000	5420000	Níkdo se další do diskuze nehlásí, pojďme tady prostě hlasovat bod číslo 20.
5420000	5435000	Pro 37, materiál číslo 20 byl přijat.
5435000	5440000	Materiál číslo 21 týkající dotací z fondů pro rodinných aktivit z programu A.
5440000	5442000	Zatací na 250 tisíc.
5442000	5446000	Jsou k tomu dotazy nebo střety zájmu?
5446000	5448000	Poprosím paní Francovou.
5448000	5451000	No, já bych chtěla nahlásit střet zájmu.
5451000	5452000	Dobře, děkuji.
5452000	5469000	Níkdo další se do diskuze nehlásí, takže pojďme hlasovat materiál číslo 21.
5469000	5472000	Pro 31, materiál číslo 21 byl přijat.
5472000	5480000	Materiál číslo 22 týkající se dotací na 250 tisíc ze sociálního fondu z programu A.
5480000	5484000	Jsou k tomu dotazy nebo střety zájmu?
5484000	5499000	Nikdo se do diskuze nehlásí, takže prosím pojďme hlasovat materiál číslo 22.
5499000	5504000	Pro 35, materiál číslo 22 byl přijat.
5504000	5511000	Materiál číslo 23 se týká dotací na 250 tisíc ze sociálního fondu z programu C.
5511000	5514000	Jsou k tomu dotazy nebo střety zájmu?
5515000	5520000	Nikdo se do diskuze nehlásí, pojďme tedy prosím hlasovat materiál číslo 23.
5520000	5535000	Pro 37, materiál číslo 23 byl přijat.
5535000	5540000	Materiál číslo 24 je změna ve jmenovitém složení komise v Jaroslavicích.
5540000	5542000	Jsou k tomu nějaké dotazy?
5542000	5549000	Nikdo se do diskuze nehlásí, tak prosím pojďme hlasovat o tom, že v tomto materiálu budeme hlasovat aklamací.
5549000	5566000	Pro 36 a můžeme tedy aklamací hlasovat samotný materiál číslo 24.
5566000	5581000	Pro 30, materiál číslo 24 byl přijat.
5581000	5585000	Materiál číslo 25 je schvální smlouvy o společném postupu zadavatelů,
5585000	5593000	kdy jsme řešili v rámci města a městských organizací možné společné nákupy od různých služeb,
5593000	5598000	přes samozřejmě tady například ty kancelářské potřeby, takže tady je jedna z těch věcí,
5598000	5604000	které bychom rádi do budoucna kupovali společně, abychom se dostali k lepším cenám.
5604000	5607000	Jsou k tomu nějaké dotazy?
5607000	5612000	Nikdo se do diskuze nehlásí, prosím pojďme na stav materiál číslo 25.
5612000	5627000	Pro 36, materiál číslo 25 byl přijat.
5627000	5635000	Materiál číslo 26 je od souhlasení změn v úlevách v dízne v městské hromadné dopravě.
5635000	5646000	Vychází tento materiál vlastně z diskuze z předchozího zastupitelstva, kdy pan Skála přednesl návrh na snížení té věkové hranice pro jízdné zdarma.
5646000	5652000	Po zastupitelstvu proběhla diskuze právě s panem Skálou a s dopravním podnikem,
5652000	5659000	kdy jsme došli ke shodě na tom, že bychom tu věkovo hranici snížili na 75 let, aby to bylo stejné,
5659000	5666000	jako má zlínská integrovaná doprava, aby se nestávaly ty stavy, kdy člověk dojede zlínskou integrovanou,
5666000	5673000	nebo integrovanou dopravu z línského kraje, dojede do zlína a přestoupí na městskou hromadnou dopravu
5673000	5679000	a pokud má 76, 77 let, tak vlastně by musel, tak vlastně u nás platil.
5679000	5686000	Těch případů nebylo úplně mnoho, ale chápeme, že to bylo trochu zmatečné.
5686000	5691000	My jsme spolehali z toho otevření na to, že ve chvíli proběha integrace městské hromadné dopravy
5691000	5697000	do integrované dopravy z línského kraje, tak se vlastně ten věk srovná,
5697000	5702000	jelikož stále aktuálně, že ta integrace není v tomto ohledu dokončená
5702000	5706000	nebo není ještě ustanovaná, tak jsme se dohodli právě i s panem Skálou,
5706000	5712000	že dáme, že ten věk snížíme na 75 let a s tím, že město z límto
5712000	5717000	z největší plenství se, že bude stát nějaké finanční prostředky.
5717000	5722000	Až v praxe nám ukáže, v jaké výši budou, máte v důvodové zprávě
5722000	5730000	vlastně napsáno, jakou částu by se mohlo jednat. Zbavíme se, že by to mělo být zhruba,
5730000	5735000	pokud minimálně, tak jsme město přes 2 miliony korun.
5735000	5739000	Ty pesimistické názory jsou až 5 milionů korun.
5739000	5745000	Uvidíme se, že tu realitu, protože je to určitý odhad, kolik těch seniorů si kupovalo lístek
5745000	5751000	a tak dále. To znamená, uvidíme až z praxe, jakou částu navíc nám to přinese.
5751000	5755000	Tady to snížení TVK ve hranice o 5 let níže. Poprosím pana Skálu.
5755000	5759000	Děkuji za slovo, pane primátore.
5759000	5763000	Vážené dámy zastupitelky, vážení páni zastupitelé.
5763000	5767000	Jak vidíte, na minulém zastupitelstvu jsem to dal jako diskuzní příspěvek.
5767000	5771000	Potom jsme se rozhodli, že o tým nebudem hlasovat.
5771000	5781000	Tak já jsem podal příspěvek jako na dnešní zastupitelství, kde jsem zpracoval jednotlivé aspekty tohoto návrhu.
5781000	5789000	Po jednání s panem primátorem jsme dospěli k závěru, že každý ustoupíme kousek,
5789000	5793000	protože to má nějaké finanční nároky, jak říkal pan primátor.
5793000	5801000	A je potřeba to potom třeba po roce znovu vyhodnotit a ukáže se, jestli je možné ještě jít dále,
5801000	5805000	tak jak jsem navrhoval na těch 70 let, nebo to zůstane na 75.
5805000	5813000	Obrovskou výhodou toho, že se sjednotilo to, že městská hromadná doprava má stejné tarifní podmínky pro seniory,
5813000	5817000	tak jak má krajská doprava.
5817000	5826000	A myslím, že mám docela dost kladných ohlasů na to, že ti seniory opravdu to kvitují,
5826000	5832000	to snížení té věkové hranice, protože i když mají možnost zakoupit senior pasy,
5832000	5836000	tak senior, který jede dvakrát, třikrát za měsíc na úřad nebo do nemocnice,
5836000	5839000	nebude určitě využívat senior pas.
5839000	5848000	Takže já bych poděkoval za ten střicní přístup panu primátorovi a panu náměstkovi Číškovi a dalším,
5848000	5852000	že jsme se dohodli za cenu nějakých ústopků k tomu,
5852000	5858000	že prostě ty seniori to budou mít výhodnější a uvidíme do budoucna, jak se to všecko vyvine.
5858000	5861000	Děkuji vám za pozornost.
5861000	5866000	Moc děkuji za to doplnění. Já bych ještě informoval o jedné věci.
5866000	5869000	To, že o tom dneska budeme hlasovat na ještím zastupitelstvu,
5869000	5873000	tak jsem informoval také starostku Otrokovic, aby o tom věděli,
5873000	5876000	že vlastně my tady tento bod budeme mít.
5876000	5884000	Víceméně pokud ho schválíme, tak Otrokovice jsou připraveny přijmout tento bod také,
5884000	5889000	protože vlastně naše schválení bez schválení zastupitelstva Otrokovic je,
5889000	5893000	jak nechci říct, že bestané, ale je to jenom signálem, který se nepropíše,
5893000	5898000	protože je potřeba vlastně schválení obou dvou vlastníků.
5898000	5903000	Takže to spíš jenom, ať si to upřesníme, že ta informovánost do Otrokovic proběhla.
5903000	5910000	Otvírám diskuzi k tomuto bodu.
5910000	5917000	Do diskuze se nikdo nehlásí, takže prosím pojďme hlasovat o tom,
5917000	5925000	že by od 1.1.2027 byla tato bezplatná přeprava seniorů už od 75 let,
5925000	5929000	kdy ten termín je záměrně staven na 1.1.2027 právě proto,
5929000	5934000	aby město Otrokovice mohli zareagovat na naše usnesení zastupitelstva
5934000	5941000	a následět i dopravní společnost v případě schválení i zastupitelstva města Otrokovice.
5941000	5956000	Pro 36, materiál číslo 26 byl přijat.
5956000	5963000	Materiál číslo 27 je smlouv o poskutní případku společníka mimo základní kapitál
5963000	5971000	do částečně vlastněné společnosti městem, to znamená do společnosti Beraní z lín.
5971000	5976000	Proběhla k tomu v pondělí relativně obsáhlý seminář,
5976000	5978000	někteří jsou zúčastní, někteří ne.
5978000	5980000	Na základě semináře ještě vznikly nějaké otázky.
5980000	5987000	Zcela otevřeně, já za sebe říkám, že ten obecně celý ten princip hokeje,
5987000	5991000	který teď řešíme už opakovaně, tak myslím si, že tady nikoho netěší.
5991000	5997000	A myslím za sebe opravdu, že je v zájmu asi nás všech,
5997000	6002000	učení kroky k tomu, abychom do budoucna tady tuto společnost mě stabilizovanou,
6002000	6006000	ať už tím, že do této společnosti vstoupí soukromý investor,
6006000	6010000	ať už majetkově, nebo s tím, že město svěří svá práva,
6010000	6013000	což teďka probíhá, když řeknu průzkum trhu,
6013000	6016000	tady jsme i získová zpráva byla k tomu zveřejněná včera,
6016000	6020000	s tím, že ten průzkum je už, myslím, od začátku týdne.
6020000	6024000	Zároveň je potřeba říci, že se diskutuje téma
6024000	6029000	s týkou hokejové licence, kdy samozřejmě hokejové licence z historického hlediska
6029000	6031000	je ve vlastnictví hokejového spolku.
6031000	6035000	To znamená, vzhledem k tomu, že hokejový klub, respektive
6035000	6041000	áčkový tým, to znamená to, na co chodí nejvíce diváků,
6041000	6046000	a co má největší sledovanost, a plní to do velké míry také společenskou
6046000	6053000	atraktivitu, když to řeknu města zlínán pro sortu lidí podobně,
6053000	6058000	jak je tomu u divadla, u zoo a u jiných vlastně našich spříspěkových organizací,
6058000	6064000	tak samozřejmě je do budoucna možné diskutovat o otázce,
6064000	6069000	že by tady tata společnost s ručením omezeným vlastně měla kompletní
6069000	6075000	příslušenství k tomu, co vykonává, a zároveň si myslím,
6075000	6080000	že by to v některých věcech mohlo být ku prospěchu, pokud bychom
6080000	6084000	zamezili případným rizikům, které by s ním souvisely.
6084000	6092000	Takže myslím si, že ta otázka není, abychom ji vůbec neotvírali.
6092000	6100000	Každopádně dnes jsme vlastně jenom v té debatě o příkladku,
6100000	6104000	aby společnost vedaní zlín mohla fungovat dále.
6104000	6108000	A myslím si, že kdo chtěl k tomu bližší informace,
6108000	6111000	tak opravdu byl v pondě na tom semináři, kde si myslím,
6111000	6115000	že obsahy informace jste dostali na vše, co jste potřebovali.
6115000	6119000	Poprosím, první srdisku zhlásí pan Janda.
6119000	6123000	Děkuji, pane primátore. Dobrý den, dámy a pánové.
6123000	6126000	Určitě se nepasuji na odborníka hokeje, ale chtěl jsem říct,
6126000	6129000	že v pondělí jsem se účastnil toho semináře.
6129000	6133000	Myslím si, že tam padlo spoustu objasňujících věcí,
6133000	6139000	kdy vedení hokeje nám sdělilo, jakým způsobem hospodařilo,
6139000	6143000	je připraveno řešit ty věci do budoucna.
6143000	6149000	Nicméně ta situace, jak víme, dneska máme na stole materiál
6149000	6153000	za 12,9 milionů korun, takže z hlediska ekonomiky
6153000	6155000	není úplně neoptimálnější.
6155000	6159000	Já jsem měl návrh, kdy jsem chtěl s tímto materiálem,
6159000	6163000	vidět to, jsou to peníze do SROčka, spojit to,
6163000	6167000	aby případný budoucí klient nebo partner,
6167000	6171000	který by nám do hokeje vstoupil, vlastně vlastnil tu licenci.
6171000	6175000	To znamená, nekupoval si jenom ty hráče,
6175000	6179000	ale koupil si něco, co vlastně mu zabezpečuje to,
6179000	6181000	aby tu Maxa Ligu hrál,
6181000	6185000	protože doteď to vlastně zapsaný spolek,
6185000	6189000	který je pod vedením,
6189000	6193000	a my tam vlastně jako město nemáme mimo zlaté akcie
6193000	6195000	žádný veliký vliv, takže chtěl jsem,
6195000	6199000	aby tahleta licence byla převedena tomuto klubu
6199000	6201000	anebo případně zabezpečena
6201000	6203000	na někde úplně samostatné SROčko,
6203000	6205000	které bude vlastnit město a které bude vlastně
6205000	6209000	vždycky rozhodovat a mít vliv na to,
6209000	6211000	aby tato licence
6211000	6213000	zůstala v podstatě
6213000	6215000	ve městě, zůstala pro ten
6215000	6217000	OK. Já čekám, že na základě
6217000	6219000	té diskuze, kterou jsme měli,
6219000	6221000	nebo případně budeme mít,
6221000	6223000	dojde k nějakému komplexnímu řešení,
6223000	6225000	jestli budeme pokračovat
6225000	6227000	tímto směrem, kdy v podstatě
6227000	6229000	po každém období máme významné ztráty,
6229000	6231000	jestli
6231000	6233000	budeme ty věci řešit
6233000	6235000	nejenom ekonomicky, ale i personálně
6235000	6239000	a samozřejmě ta licence je to poměrně zásadní,
6239000	6241000	kdy jsem si vždy myslel,
6241000	6243000	že Maxa Liga by ji měla
6243000	6245000	buď vlastnit,
6245000	6247000	nebo by ji měla mít natolik ochráněnou,
6247000	6249000	což u toho
6249000	6251000	zapsaného spolku, jak se zdá dneska, není.
6251000	6253000	Děkuji.
6255000	6257000	Jak jsem řekl, já si myslím, že tu diskuzi
6257000	6259000	hledně licence můžeme klidně otevřít.
6259000	6261000	Tam si myslím, že na tom není nic,
6261000	6263000	proč bychom to neměli udělat.
6263000	6265000	Každopádně musíme si pak
6265000	6267000	také zjistit, jaké
6267000	6269000	podmínky pro
6269000	6271000	držení této licence
6271000	6273000	stanovuje Český svaz letní hokeje,
6273000	6275000	které já z hlavě určitě nevím.
6275000	6277000	Je to jedna z těch věcí, které vlastně
6277000	6279000	nějakým způsobem může omezit
6279000	6281000	například tady tu debatu,
6281000	6283000	že bychom měli ještě například
6283000	6285000	jednu společnost ruční omezit, která by to vlastnila.
6285000	6287000	Uvidíme, prostě myslím si, že
6287000	6289000	co se týká hokejového klubu,
6289000	6291000	současnou vedení se
6291000	6293000	nikdo nebrání jakýmkoliv diskuzím,
6293000	6295000	protože jsou si vědomi toho, že
6295000	6297000	se snaží odvádět práci,
6297000	6299000	ale samozřejmě je to sport,
6299000	6301000	kdy všichni víme,
6301000	6303000	jaká sezona byla ta poslední
6303000	6305000	a jaké byly predikce před sezonou,
6305000	6307000	vypadala, takže samozřejmě můžeme si říct,
6307000	6311000	že s notnou dávkou štěstí
6311000	6313000	anebo pílem, můžeme si každý říct,
6313000	6317000	jak to dopojme, se na štěstí podařilo dostat do finále.
6317000	6319000	Takže když to řeknu po výsledkové stránce,
6319000	6321000	playoff určitě nebyl problém,
6321000	6323000	základní část byl velký problém.
6323000	6325000	Myslím si, že se z toho
6325000	6327000	všichni v daném klubu ponaučili,
6327000	6329000	ale zároveň říkám,
6329000	6331000	tak jak jsem deklaroval,
6331000	6333000	myslím si, že není problém otevří
6333000	6335000	jakékoliv diskuze.
6335000	6337000	A zároveň
6337000	6339000	já jenom to vnímám tak,
6339000	6341000	že je potřeba si říci,
6341000	6343000	jak to do budoucna
6343000	6345000	máme vnímat z pozice města Zdína
6345000	6347000	vlastně obecně ten,
6347000	6349000	ať už je to hokej, fotbal,
6349000	6351000	nebo jakýkoliv sport,
6351000	6353000	který prostě do nějaké míry
6353000	6355000	město,
6355000	6357000	s partnerem,
6357000	6359000	protože, tak jak jsem řekl,
6359000	6361000	z pozice města
6361000	6363000	se určitě za mě nedržíme
6363000	6365000	toho podílu v rámci
6365000	6367000	v rámci této společnosti.
6367000	6369000	Na druhou stranu určitě
6369000	6371000	zájmu města je, aby tady
6371000	6373000	nejen hokej byl zachován,
6373000	6375000	a je to určitá společenská
6375000	6377000	věc, která
6377000	6379000	zvyšuje atraktivitu města Zdína,
6379000	6381000	za kterou lidé k nám do Zdína dojíždějí.
6381000	6383000	To znamená, tak jak jsem říkal,
6383000	6385000	mimozninských obyvatel,
6385000	6387000	platíme tam 70 milionů ročně
6387000	6389000	a vlastně nikdo s tím nemá tady problém,
6389000	6391000	když to vezmu, a tady
6391000	6393000	vedle toho máme hokej s rozpočtem
6393000	6395000	přes 80 milionů korun,
6395000	6397000	město s ním tam dává
6397000	6399000	10 milionů korun bez DPH,
6399000	6401000	plus tady tyto příplat,
6401000	6403000	plus teďka teda příplatek,
6403000	6405000	a případně případky,
6405000	6407000	které tam probíhaly historicky,
6407000	6409000	to znám vysnáku garáže a podobně,
6409000	6411000	ať se nalijem čistého vína,
6411000	6413000	že to není pouze o těch desetí milionech,
6413000	6415000	ale když to srovnáte,
6415000	6417000	tak ono to plní podobnou společenskou událost,
6417000	6419000	jako nebo společnou společenskou roli,
6419000	6421000	jako například to divadlo,
6421000	6423000	nebo filharmonie, nebo prostě možná i ta zoo.
6423000	6426000	Takže tam je pak otázka toho vnímání,
6426000	6428000	jak to do budoucna máme vlastně si sami všichni vzít,
6428000	6430000	jak to máme brát,
6430000	6432000	protože když to budeme přepočítávat
6432000	6434000	na tady tu společenskou roli
6434000	6437000	a na dotaci na vstupenku,
6437000	6440000	tak samozřejmě se budeme bavit,
6440000	6442000	že dotace na vstupenku do divadla
6442000	6444000	nebo filharmonie je úplně někde jinde,
6444000	6446000	jako násobně jinde,
6446000	6448000	než to dáváme do sportovních akcí,
6448000	6450000	už je to fotbal nebo hokej,
6450000	6452000	volejbal házená, basketbal,
6452000	6454000	ale prostě určitě jsme za to rádi,
6454000	6455000	že tady tyto sporty máme
6455000	6459000	a je to prostě pro některé občany
6459000	6461000	a nejen zlínské občany atraktivní,
6461000	6463000	že tady můžou na tyto sporty dojít.
6463000	6466000	Takže je to vždycky otázka toho vnímání,
6466000	6467000	ale to, co si myslím,
6467000	6469000	že si tady přejeme naprosto všichni,
6469000	6472000	je vyřešit tady problematiku
6472000	6475000	společnosti beraní zlín SRO tak,
6475000	6476000	aby to nebylo téma každým rokem
6476000	6477000	na zastupitelsku,
6477000	6479000	že tam něco musíme doplatit
6479000	6480000	jinak ten spolek nebo respektive
6480000	6484000	společnost s určitým omezeným
6484000	6485000	prostě bude mít problém s cashflow
6485000	6487000	a s dalšími závazky.
6487000	6488000	Takže to si myslím,
6488000	6490000	že je pro nás téma pro všechny
6490000	6492000	a musíme si prostě říct,
6492000	6494000	jaké cesty k tomu vedou,
6494000	6497000	kdy jedna z těch cest je opravdu svěření
6497000	6498000	například těch práv,
6498000	6501000	výkonů práv těch 79% někomu,
6501000	6503000	kdo ten kapitál do toho klubu přinese.
6503000	6507000	A druhá varianta, že to zůstane na městě
6507000	6508000	a my si musíme vyhodnotit,
6508000	6510000	jako jak to zabezpečit tak,
6510000	6512000	aby to nebylo téma,
6512000	6516000	říkáme každý rok nebo nebo vícekrát za rok.
6516000	6520000	Poprosím paní Francovou.
6520000	6523000	Dneska možná naposledy.
6523000	6526000	Je to pravda,
6526000	6527000	já jsem si tady, pane primátore,
6527000	6529000	napsala to, co jste také řekl.
6529000	6532000	Jste za divadlo Zoologická filharmonie.
6532000	6534000	Město hradí rozvoj,
6534000	6539000	podílí se na udržování těch prostor.
6539000	6541000	Tomu všemu já rozumím.
6541000	6545000	Hokej patří mezi atrakce,
6545000	6548000	které navštivují děti, dospělí,
6548000	6550000	seniori, zdraví, postižení.
6550000	6552000	Určitě s tím také souhlasím.
6552000	6556000	Za mě mám trošku výtku spíš k tomuto systému.
6556000	6559000	Mně to přijde nezodpovědné od managementu,
6559000	6562000	že přišli tak pozdě.
6562000	6565000	Mně trápí to, že nám přednesli,
6565000	6569000	že zhodnotili ten stadion, investovali nebo opravili.
6569000	6572000	Teď nevím, pane Juráši, abych to řekla správně.
6572000	6574000	S tím také souhlasím.
6574000	6576000	Myslím si, že se ty kroky měly udělat dopředu.
6576000	6579000	Asi chápu, že tam nastoupili,
6579000	6583000	nebyly úplně dostatečně na to erudovaní,
6583000	6584000	aby jsme...
6584000	6586000	Protože úplně jinak by se nám schvalovalo
6586000	6590000	to dotace nebo schvalovali finance,
6590000	6595000	které klub dal do našeho majetku,
6595000	6598000	než teď v podstatě schvalovat nějaké finance,
6598000	6601000	které chybí na provoz.
6601000	6603000	Mám pocit, že teď to zpětně taháme
6603000	6605000	trošku jak kočku za ocas,
6605000	6607000	aby jsme to teda nějakým způsobem zvládli.
6607000	6610000	My jsme se tady dotazovali v lednu,
6610000	6612000	jak to vypadá.
6612000	6615000	Ta stráta tam byla nižší.
6615000	6618000	Byli jsme ujišťovaní, že se to nějak zvládne.
6618000	6623000	Jediné, co mě tak trošku jako na tom,
6623000	6626000	v pondělí na tom zasedání,
6626000	6627000	zarazilo bylo to,
6627000	6630000	to, že kdyby jsme nešli do playoff,
6630000	6632000	tak by stráta byla ještě větší.
6632000	6634000	Já jako děkuju za to,
6634000	6638000	že se tam pánové z hokeje odkryli,
6638000	6642000	že nám všechno řekli, ukázali čísla, data.
6642000	6644000	Bylo to super, bylo to dobré.
6644000	6646000	Mě to pak ve spoustě věcech přesvědčilo,
6646000	6650000	že je potřeba to vnímat i trošičku jinak,
6650000	6654000	než to, že je to hokej a zase platíme do hokeje,
6654000	6657000	že je to prostě ta atrakce a že nese s sebou peníze,
6657000	6662000	tak, jak nesou jiné sportoviště, kulturní aktivity, společenské aktivity,
6662000	6665000	ale mě vadí ten systém a přemýšlím,
6665000	6668000	jestli je tento management schopný,
6668000	6671000	a to já nevím, dohlídnout na to
6671000	6674000	a vytvořit správnou takovou vizi do budoucna,
6674000	6679000	protože pokud v lednu nedokážeme říct,
6679000	6682000	jak to bude vypadat teď a přemýšlet,
6682000	6684000	že když bychom hráli baráž, tak by to bylo dobré,
6684000	6686000	ale když bychom nehráli ani playoff,
6686000	6689000	tak by to bylo ještě horší, než to teď je,
6689000	6692000	tak toto mě trošku na tom trápí.
6694000	6697000	Já to určitě rozumím, prakticky je potřeba říct si,
6697000	6699000	že současné managementy tam došel,
6699000	6701000	tak došel ještě do větší ztráty,
6701000	6703000	než kterou teďka řešíme,
6703000	6706000	to znamená za ty své roky existence tohoto vedení,
6706000	6711000	se jako nemalá část té ztráty, kterou dneska řešíme,
6711000	6713000	se podařila srovnat,
6713000	6716000	jinak bychom dneska měli něco, co začíná dvojkou,
6716000	6719000	je potřeba říct si, reálný stav, do kterého přišli.
6719000	6723000	Takže si myslím, že ten současný management by měl být schopen
6723000	6726000	to nějakým způsobem do budoucna zase ještě posílit.
6726000	6729000	Na druhou stranu, ty možnosti jsou velmi omezené
6729000	6732000	z důvodu toho, jak ta firma funguje.
6732000	6734000	Tam je ten stav, když samozřejmě,
6734000	6737000	když to, co vám předpokladám příklad na tom semináři,
6737000	6738000	protože já jsem v pohodě mimo zlín,
6738000	6740000	tak jsem se to nemohl účastnit,
6740000	6742000	tak ten stav je, že vlastně obecně celou novou sezonu
6742000	6747000	a fiskální rok, teď to řeknu od fiskální rok 26-27,
6747000	6750000	ty státe, když to řeknu v lednu,
6750000	6752000	kdy končíte původní fiskální rok
6752000	6755000	a potřebujete již podepsat ty hráče,
6755000	6757000	jinak vlastně nemůžete,
6757000	6759000	nejste schopni podepsat,
6759000	6762000	teď to řeknu v červnu, v červenci a tak dál,
6762000	6764000	protože už na trhu prostě nejsou,
6764000	6765000	takže musíte řešit,
6765000	6767000	jdete do naprostého rizika toho,
6767000	6769000	že v lednu podepisujete,
6769000	6771000	v lednu uzavíráte smlouby
6771000	6774000	s hráči dle nějakého plánovaného rozpočtu,
6774000	6778000	který vlastně ve zlíně není navyšovaný za poslední 3 roky,
6778000	6780000	tuším, že není skoro, ne podle mě vůbec,
6780000	6781000	nejsem se tříka jistý,
6781000	6783000	ale myslím si, že není vůbec za poslední 3 roky
6783000	6785000	navyšovaný rozpočet na hráče,
6785000	6790000	ale vlastně máte z toho rozpočtu zhruba 80 milionů korun,
6790000	6792000	tak jediné, co v tom lednu máte,
6792000	6798000	tak je zpravidla pouze finance na propagaci města Zlína,
6798000	6801000	to znamenáte 10 milionů bez DPH
6801000	6804000	a to je všechno z toho 80 milionového rozpočtu,
6804000	6806000	co máte v ruce a věříte tomu,
6806000	6809000	že po sezóně nebo v průběhu té sezóny
6809000	6810000	vlastně ti partneři,
6810000	6813000	kteří nějakým způsobem podporují tedy tento klub,
6813000	6816000	tak ho budou podporovat alespoň ve stejné výši.
6816000	6820000	Můžeme si říkat, jestli je to dobře nebo špatně,
6820000	6821000	má to své výhody, nevýhody,
6821000	6822000	že teď to řeknu,
6822000	6825000	že ve Zlíně těch velkých partnerů není mnoho,
6825000	6828000	to znamená nejsme v situaci,
6828000	6830000	jako jsou některé jiné kluby,
6830000	6832000	kde tady mají 2-3 velké partnery,
6832000	6837000	kteří jim dávají v součtu 20 milionů korun a více.
6837000	6839000	My tu máme jednoho generála,
6839000	6843000	který dává nemalé finanční prostředky,
6843000	6844000	další tři firmy,
6844000	6846000	které jsou také v milionových částkách
6846000	6847000	a potom jste ve statisících,
6847000	6851000	to znamená těch partnerů je snad kolem 60,
6851000	6854000	které smlouvy musíte oběhnout a vůbec je mít.
6854000	6856000	To znamená, když vám někdo z nich vypadne,
6856000	6858000	tak aspoň to riziko je potlačené.
6858000	6861000	Na druhou stranu získat smlouvy od všech 60
6861000	6864000	nebo těch desítek partnerů každý rok
6864000	6866000	je extrémně náročné a zároveň
6866000	6868000	také vlastně vám to nějaký ústem nejisté
6868000	6870000	v rámci té tvorby.
6870000	6873000	Takže to je to, co říkám,
6873000	6875000	že je potřeba otevřít tu otázku,
6875000	6876000	jako jak s tím dál,
6876000	6878000	proto jsme i otevřeli tu otázku,
6878000	6880000	jestli to ten klub nikdo nějakým způsobem nechce
6880000	6882000	těch z nějaké míry,
6882000	6884000	to nemusí být 79%,
6884000	6886000	může být 51% a to je úplně jedno.
6886000	6888000	My teďka neřešíme ten majetek,
6888000	6890000	my řešíme vůbec ten princip toho kapitálu
6890000	6894000	a vlastně hledáme ty cesty,
6894000	6896000	jak to budou se nastavit,
6896000	6898000	protože těch cest moc není,
6898000	6900000	protože já jsem se o tom bavil s jinými primátory
6900000	6902000	napříč s Českou republikou
6902000	6905000	a většina z nich je ve velice podobném stavu,
6905000	6907000	kdy říkají bez toho,
6907000	6909000	aby tak, jak ve fotbale do fotbala vstupují,
6909000	6911000	když to řeknu miliardáři a jiní,
6911000	6914000	kteří ty kluby mají víceméně jako koníček,
6914000	6916000	nebo můžeme mít jako hračku,
6916000	6918000	nebo vlastně tam není o tom,
6918000	6920000	že nějakým způsobem extra vyděláváte,
6920000	6922000	na druhost no ten fotbal aspoň je,
6922000	6924000	má potenciál a můžete,
6924000	6926000	když budete mít dobrý scouting, dobrou výchovu mládeže,
6926000	6928000	tak jste schopni na tom nějakým způsobem vydělat
6928000	6930000	a fungovat asi třeba i v té nule.
6930000	6932000	V hokeji to bohužel není možné
6932000	6934000	a to je to, co řešíme napříč Českou republikou,
6934000	6936000	že vlastně bez toho,
6936000	6940000	vzal někdo, když to řeknu za jako svůj koníček,
6940000	6943000	že ví, že toho vícem bude doplácet,
6943000	6946000	tak v tu danou chvíli to vysí na těch městech
6946000	6948000	a vzhledem k těm parametrům,
6948000	6949000	jaké jsou nastaveny,
6949000	6951000	tak vlastně se to blíží do té podoby,
6951000	6953000	že to je neufinancovatelné,
6953000	6956000	nebo překlopení do té retoriky v těch hlavách všech
6956000	6958000	v rámci té České republiky,
6958000	6962000	že ten sport, konkrétně ten hokej,
6962000	6965000	který ve výsledku už budete mít dobrou výchovu mládeže,
6965000	6968000	tak vás ekonomicky nezabezpečí.
6968000	6970000	Navíc je tam otevřený trh,
6970000	6973000	samozřejmě velké ambice všech možných odcházet
6973000	6975000	i už v mladém věku, kamkoliv,
6975000	6978000	a vy to nejste schopni vlastně jakkoliv zastavit.
6978000	6981000	Když nepodepíšete smlouvy s rodiči
6981000	6984000	dvanáctiletého a desetiletých kluků a tak dál,
6984000	6987000	což samozřejmě zase potřebujete finanční prostředky,
6987000	6990000	a i tak samozřejmě můžou přestoupit do zahraničí,
6990000	6991000	nebo třeba říct,
6991000	6993000	že ten trh v tomto vás úplně neochrání.
6993000	6996000	Takže ten systém,
6996000	6999000	který je tam nastavený z pozice svazu,
6999000	7001000	není úplně šťastný,
7001000	7004000	protože vlastně opravdu je to černá díra,
7004000	7007000	která ačkoliv hrajeme,
7007000	7010000	řeknu pouze druhou nejvyšší soutěž v České republice,
7010000	7015000	tak i této soutěži to začíná být těžce ufinancovatelné,
7015000	7021000	a celý ten hokej v České republice se trošku transformuje do té podoby,
7021000	7025000	že jsou tu extraligové kluby a jejich farmy.
7025000	7028000	Když se podíváte, kolik týmů v první lize
7028000	7031000	je farmou nějakého, jak se říká farmou,
7031000	7034000	prostě s nějakým zpropojená s klubem extraligy,
7034000	7036000	kde je právě ten mecenáž,
7036000	7039000	a ten je pak schopný podepsat,
7039000	7043000	například místo 20 hráčů podepíše 35,
7043000	7045000	a ty zbytlí hráči, aby někde hráli,
7045000	7047000	tak je také pošlet do té první ligy,
7047000	7049000	do té své, na tu svou farmu,
7049000	7051000	a více mi je tím pomáhá tomu rozpočtu,
7051000	7053000	tak už jich není málo,
7053000	7055000	pak jich už začíná být většina.
7055000	7057000	A teď je prostě otázka,
7057000	7059000	celý ten svaz dneska stojí vlastně před otázkou,
7059000	7062000	jak to dobudou se nastavit,
7062000	7064000	ať už samotnou extraligu,
7064000	7065000	samotnou první ligu,
7065000	7066000	vůbec ten princip,
7066000	7068000	protože teďka ta prostupnost je jaká je,
7068000	7069000	to víme všichni,
7069000	7071000	a díky této, dá se říct,
7071000	7073000	z neprostupnosti se to transformuje
7073000	7075000	do tady nějakým zůstem této podoby,
7075000	7078000	a v první lize zůstávají tak dva až tři kluby,
7078000	7080000	kteří neustále řeší,
7080000	7083000	že nechtějí být tím farmářem,
7083000	7085000	ale chtějí být ve výsledku ten,
7085000	7087000	který je mezi těmi, kteří to hrají.
7087000	7090000	Takže kteří vícemě jsou v té extralize
7090000	7092000	a nejsou řekně závislí,
7092000	7095000	ale snaží se fungovat na té nejvyšší úrovni.
7095000	7098000	Takže uvidíme, jak to celé dopadne.
7098000	7101000	Každopádně, jak jsem řekl,
7101000	7103000	je to i otázka toho vnímání,
7103000	7105000	doteď je to bylo vnímáno,
7105000	7106000	je to sport,
7106000	7108000	sport si má na sebe vydělat,
7108000	7111000	je to nějaké historicky takto navnímané.
7111000	7116000	Já za sebe v tomto kontextu jsem strašně moc rád,
7116000	7120000	že ve fotbale máme dlouhodobě jednoho majitele,
7120000	7122000	který vícemě s tomu přistupuje racionálně,
7122000	7124000	ale opravdu jakékoliv ty problémy
7124000	7126000	má ten kapitál, aby to ustál.
7126000	7133000	A vlastně i díky němu hrajeme pořád ve fotbale nejvyšší ligu.
7133000	7135000	Ačkoliv také tam byl sestoup
7135000	7137000	a teď vlastně postup zpátky v minulých letech.
7137000	7140000	Ale je to prostě něco, co v současné době je ten trend,
7140000	7142000	že bez tady těchto, můžeme říct,
7142000	7144000	těch mecenášů nebo toho externího kapitálu
7144000	7147000	prostě to bude neufinancovatelné,
7147000	7151000	pokud se nezvění retorika těch jednotlivých zastupitelů,
7151000	7155000	že to začnou vnímat jako společenskou nepovinnost,
7155000	7160000	ale jako jednu z těch společenských atrakcí,
7160000	7164000	společenských věcí, co je potřeba v tom regionu udržet,
7164000	7167000	aby v tom regionu ti lidé tu atraktivitu měli.
7167000	7169000	Je to otázka, jak se k tomu postavíme.
7169000	7171000	Ty rozpočty jsou však neúprostné,
7171000	7175000	protože ten rozpočet je v současné době
7175000	7179000	víceméně stejný, jako se hrál v posledních letech Extraligy.
7179000	7182000	V posledních letech je potřeba říct,
7182000	7185000	že v poslední roky Extraligy, když se hrál Extraliga,
7185000	7187000	tak město Zlín tam dávalo 16 milionů,
7187000	7189000	a ne 10, to znamená, tam více se podíváte,
7189000	7191000	tam jste pořád, tam jste pořád,
7191000	7194000	je to i ten rozdíl, co tam nějakým způsobem ten rozdíl je.
7194000	7198000	platy hráčů logicky, tak jak zvyšuje vláda,
7198000	7200000	tady ta tarif je o 9% a podobně,
7200000	7203000	prostě víme, co se děje ve společnosti o inflaci,
7203000	7205000	tak logicky ty nároky nějak rostou.
7205000	7208000	A jediné, co já můžu říct si,
7208000	7213000	že když jsem děl rozpočty některých jiných prvolígových klubů,
7213000	7216000	tak jestli někdo debatuje, že se ve zně přeplácí hráči,
7216000	7218000	tak to můžu naprosto vyloučit,
7218000	7220000	protože jsou tu kluby,
7220000	7222000	které jsou například plus 20 milionů,
7222000	7224000	proti tomu to, co máme my.
7224000	7225000	Takže to jenom spíš,
7225000	7227000	zase ještě asi řekneme,
7227000	7229000	že tady naopak ta práce si myslím,
7229000	7231000	že je odváděná velice dobře,
7231000	7234000	že se to ještě dá nějakým způsobem podepisovat tak,
7234000	7236000	jak to dává nějak smysl.
7236000	7238000	Podobně jako v tom fotbale,
7238000	7241000	ti hráči, kteří dojdou s neadekvátním,
7241000	7243000	prostě potřebou nebo nějakou,
7243000	7244000	že prostě je nepodepíšou,
7244000	7246000	tak prostě odchází nám.
7246000	7248000	V tom spíš jenom,
7248000	7249000	ať si to asi řekneme,
7249000	7250000	to tam k tomu je.
7250000	7252000	Poprosím, pane Juráše.
7252000	7255000	Děkuju za slovo, pane primátore.
7255000	7257000	A my máme rádi Zlín.
7257000	7260000	Máme to v názvu Zlín 21.
7260000	7262000	Proto nutně musíme mít rádi
7262000	7263000	Zlínský hokej.
7263000	7268000	Vnímáme to jako naše rodinné dědictví Zlínské.
7268000	7270000	Myslím, že proč tu diskuzi vedeme,
7270000	7272000	spočívá právě v tom,
7272000	7274000	že ten hokej Zlínský máme všichni rádi.
7274000	7277000	Nemůžu podezírat ani náznakem paní Francou,
7277000	7278000	nebo pana Jandu,
7278000	7280000	nebo, nedej Bože, členy rady,
7280000	7281000	nebo vedení města Zlín,
7281000	7283000	že by jim nešlo o hokej.
7283000	7285000	Proto to v nás vyvolává takové emoce,
7285000	7286000	když se nám nedaří,
7286000	7287000	jsme naštvaní,
7287000	7289000	nechce se nám dotovávat peníze,
7289000	7291000	když se nám daří,
7291000	7292000	máme rozjásané davy lidí,
7292000	7294000	fandící na stadionu
7294000	7296000	a cítíme se být těmi zlíňáky.
7296000	7298000	Fajno.
7298000	7300000	Takže to je ten náš vstup.
7300000	7302000	Co dneska řešíme?
7302000	7304000	Já myslím, že řeknu tři takové body za nás,
7304000	7305000	ať to zazní.
7305000	7306000	Ten první je,
7306000	7308000	že my to vnímáme tak,
7308000	7311000	že řešíme aktuální situaci
7311000	7313000	financování hokeje.
7314000	7316000	Souhlasíme naprosto s tím,
7316000	7318000	že je možné,
7318000	7321000	řešit i budoucnost toho hokeje.
7321000	7324000	A s tím nutně souvisí i to,
7324000	7325000	zdá,
7325000	7327000	má všechno,
7327000	7329000	co se kolem toho hokeje motá,
7329000	7331000	to znamená včetně hokejové licence,
7331000	7334000	býti či nemá býti navedeno
7334000	7337000	do společnosti s ručením omezeným,
7337000	7339000	která v této chvíli
7339000	7343000	hraje tu druhou nejvýšší soutěž.
7343000	7346000	Ta diskuze by ale měla proběhnout,
7346000	7347000	to znamená,
7347000	7349000	má město míti hokej,
7349000	7351000	nemá míti hokej,
7351000	7354000	v jakém rozsahu tam má být zapojeno,
7354000	7356000	co má případně poskytovat zaplnění,
7356000	7358000	co naopak zaplnění poskytovat,
7358000	7359000	nemá.
7359000	7361000	Nemyslím si,
7361000	7364000	že tyto diskuze patří sem v této chvíli
7364000	7366000	a je vhodné je spojovat právě
7366000	7369000	s aktuální finanční situací hokeje.
7369000	7371000	Je to totiž otázka budoucnosti,
7371000	7373000	kterou potřebujeme dobře diskutovat.
7373000	7376000	Za druhé, utíkají nám drobné detaily
7376000	7378000	při té diskuzi, kterou tady dneska poslouchám,
7378000	7380000	tak já to jenom rychle povím,
7380000	7383000	bez nějakého záměru působit
7383000	7386000	nějakým způsobem mentorsky.
7386000	7390000	Přece jen ve spolku má město vliv
7390000	7392000	na obsazení generálních manažerů.
7392000	7395000	Bez jeho hlasů ho nejde ani povzvolit,
7395000	7397000	ale ani odvolat.
7397000	7400000	To znamená, město drží kontrolu
7400000	7402000	nad výkonou mocí.
7402000	7405000	Město má hlas, který neumožňuje
7405000	7407000	bez jeho souhlasu tu licenci
7407000	7410000	převést, využít, prodat.
7410000	7413000	Čili město je schopno si v tom prosazovat
7413000	7415000	tu svoji působnost podle libosti,
7415000	7417000	čili v zásadě je to na městě,
7417000	7419000	kam se to bude posouvat
7419000	7421000	a znovu říkám, je to za mě opravdu
7421000	7423000	otázka té budoucí diskuze,
7423000	7425000	jakým způsobem hodláme
7425000	7427000	naplňovat tu vizi toho klubu.
7427000	7430000	No a konec konců za třetí,
7430000	7431000	tady to ještě nezaznělo,
7431000	7433000	já jsem v pondělí byl na té diskuze také
7433000	7435000	a nechci řešit detaily,
7435000	7437000	jestli je to opravdu nebo investice,
7437000	7439000	to jsme si myslím pověděli.
7439000	7441000	Nicméně ten zvolený technický způsob řešení
7441000	7443000	poskytnutí nějakých peněz
7443000	7445000	formou peněžitého příplatku
7445000	7447000	do vlastního kapitálu
7447000	7449000	nám zachovává určitou míru elasticity.
7449000	7453000	To znamená, že pokud by hokej fungoval báječně,
7453000	7455000	dobře se mu dařilo díky tomu,
7455000	7459000	že bude hrát první pětce,
7459000	7461000	k tomu se ještě vrátím,
7461000	7464000	tak když ta ekonomika bude vycházet,
7464000	7466000	tak město může za určitých úvách
7466000	7468000	si ty peníze odebrat zpět.
7468000	7470000	No a v neposlední řadě,
7470000	7471000	já to tady ještě nezaznělo,
7471000	7473000	máme tady zástupce hokeje,
7473000	7475000	ne úplně to vrchlové vedení,
7475000	7478000	ale ten vyšší management bez pochyby ano.
7478000	7481000	Na té prezentaci byly dva závazky.
7481000	7483000	A i tady řeknu,
7483000	7484000	protože jsem je takto zavnímal.
7484000	7487000	Ten závazek číslo jedna říká,
7487000	7489000	my jsme to vybrali tak,
7489000	7493000	aby jsme hráli následující sezónu v TOP 4.
7493000	7495000	Tak já to tak veru,
7495000	7496000	že to tak bude,
7496000	7498000	pevně v to doufám a věřím.
7498000	7500000	A komentoval jsem to způsobem,
7500000	7501000	ale je to váš závazek,
7501000	7503000	takže buď s vámi nebo bez vás.
7503000	7505000	A druhá,
7505000	7507000	když nám ty peníze poskytnete,
7507000	7510000	budeme mít vyrovnané hospodaření
7510000	7512000	v následující sezóně.
7512000	7515000	Tak já to tak beru jako závazek.
7515000	7516000	Jestli tady budu,
7516000	7517000	a nestalo by se to,
7517000	7519000	tak budu tady pánům na té lavici vzoru připomínat,
7519000	7521000	že to zaznělo.
7521000	7522000	Děkuju.
7522000	7523000	Děkuju.
7523000	7524000	Děkuju.
7524000	7525000	Děkuju.
7525000	7526000	Děkuju.
7526000	7527000	Děkuju.
7527000	7528000	Děkuju.
7528000	7529000	Děkuju.
7529000	7530000	Děkuju.
7530000	7531000	Děkuju.
7531000	7532000	Děkuju.
7532000	7533000	Děkuju.
7533000	7534000	Děkuju.
7534000	7535000	Děkuju.
7535000	7536000	Děkuju.
7536000	7537000	Děkuju.
7537000	7538000	Děkuju.
7538000	7539000	Děkuju.
7539000	7540000	Děkuju.
7540000	7541000	Děkuju.
7541000	7542000	Děkuju.
7542000	7543000	Děkuju.
7543000	7544000	Děkuju.
7544000	7545000	Děkuju.
7553000	7555000	Děkuju.
7555000	7556000	Děkuju.
7558000	7559000	Děkuju.
7559000	7564720	To jsem já říkal všem, ať už je to generální manažer, spojitný manažer, nebo i trenér,
7564720	7569960	on to na tom ledě neodehraje, takže samozřejmě je to potřeba nějakým způsobem dobře poskládat,
7569960	7576960	ale vždycky to bude stát a padat na výkonu těch hráčů a tedy je potřeba jim vytvořit ty podmínky
7576960	7581600	a motivaci k tomu, aby hráli co nejlépe a byli, teď řeknu, rádi za to, že hrát za zlý,
7581600	7584880	a nějakým způsobem se to brali k srdci.
7584880	7589480	Co se týká vyrovnáného rozpočtu, nikdo si nepřeje nic jiného už několik mnoho let,
7589480	7594480	a já jenom připomenu možná ty poslední roky, ještě ji zpřed a nahledneme do té extraligy historicky,
7594480	7600840	tak generální partner v těch nejsilnějších letech dává tařka 20 milionů korun a město tehdy 16 k tomu,
7600840	7606760	a ten rozpočet nebyl o moc vyšší než je nyní, tak já jenom tím si říct, že jsme o plus 10 let
7606760	7611480	a bavíme se, že jak město a ten generál dává ty části nižší,
7611480	7616480	a ve výsledku vlastně čekáme něco podobné výsledky,
7616480	7620480	ale samozřejmě bez toho významného generálního partnera je logické,
7620480	7626480	nebo ne logické, ale bohužel ten stav, že se to sbírá po kouskách
7626480	7631480	a pak je ten prostě problém, že se začíná s nějakou predikcí, že se něco dožene
7631480	7635480	a když se to nedožene, tak to pak způsobí tento problém, který tady máme
7635480	7640480	a je potřeba znovu jenom zdůraznit, že to, co tady je dneska, je víceméně věc týkajícíce několika let.
7640480	7644480	Není to, protože se bavíme, že toto tady vzniklo poslední měsíc.
7644480	7648480	Ale je to tak. Tak poprosím pana Mitáčka.
7648480	7654480	Děkuji, pane primátore, za slovo. Kolegině kolegové, já jsem chtěl začít tím,
7654480	7660480	že navazují na diskuzi předcházející oplnění slivů a závazků mezi městem a ostatními.
7660480	7665480	A také si to moc přeji, já potvrduji slova pana Juráše, nejenže to tam bylo vyřečeno,
7665480	7668480	ty závazky, ale oni tam dokonce byly písemně představeny.
7668480	7672480	Chci poděkovat vedení radnice za to, že vůbec ten seminár zorganizovalo
7672480	7676480	v tom formátu, ve kterém proběhl. Velmi děkuju všem přítomením,
7676480	7680480	protože dlouho nepamatuju seminár, kde byl byl účastnout taková
7680480	7686480	zástupnost zastupitelů přítomných a tak dobrá, otevřená,
7686480	7692480	upřímná debata, dlouhá, která proběhla. A zároveň poděkování vedení klubu
7692480	7698480	nebo společnosti za představení a odkrytí všech čísel, které nám doteď
7698480	7704480	v ozovkách nebyly nikdy ukázány a nebyly přístupné. A potvrduji slova pana primátora
7704480	7712480	představy občanů, které vychází z nějakých pověr, pomluv,
7712480	7716480	se naprosto nepotkávají s realitou, která v té ekonomice hlavně
7716480	7720480	v odměňování je. Také považuji odměňování hráčů
7720480	7726480	a manažerů za běžné, standardní, dokonce bych někde řekl i průměrné.
7726480	7732480	Nicméně mě tam velmi zaujívala jedna věc a to byla otevřená diskuze,
7732480	7738480	co vlastně dál a které ty modely by mohly být vůbec ve hře.
7738480	7742480	Ať už s tou licencií nebo bez té licence. A jenom tohle to mi dává
7742480	7746480	jako dobrou naději pro mě osobně, že jsme ochotni tu cestu hledat,
7746480	7750480	otvíráme si k tomu tu diskuzi, což je nesmírně fajn,
7750480	7754480	a že přemýšlíme všichni nad tím, jaké jsou možnosti vůbec,
7754480	7758480	jak si s tím hokejem poradit s jedním společným cílem,
7758480	7764480	aby ten hokej tady zůstal a mohl dál tady fungovat. Děkuju.
7764480	7768480	Děkuju za ten příspěvek. Jak jsem řekl, já si myslím,
7768480	7772480	že o hroby to oddělilo. Dneska to hlasujeme něco, co je potřeba vyřešit.
7772480	7778480	A vedle toho, když se řeknu vedení města a obecně,
7778480	7781480	když se řeknu asi v rámci jakýchkoliv diskuzí,
7781480	7784480	my jsme opakovaně deklarovali, že prostě se toho podílu nedržíme.
7784480	7788480	A vzhledem k tomu, že tu diskuzi prostě vnímáme do té budoucnosti,
7788480	7792480	které jako potřebnou, tak prostě i proto jsme vlastně začali zjišťovat možnosti,
7792480	7795480	jestli vůbec někdo má nějakým způsobem zájem do toho,
7795480	7799480	kovo vstoupit nebo se na tom nějak podílet, proto byl vlastně vyhlášený,
7799480	7803480	nebudu říkat předeběžně tržní konzultace, je to vícemě průzkum trhu,
7803480	7809480	kdy v současné době my to vůbec nevážeme, jestli licenci má spolek nebo sročko,
7809480	7813480	je to prostě otázka toho, že potom nějakých dalších jednání my vůbec zjišťujeme,
7813480	7818480	jestli někdo má vůbec potenciální zájem se do toho začít podílet.
7818480	7822480	A významně podílet, není to otázka jako jednotek milionů,
7822480	7830480	že nám někdo dá garanci, že si svěříme 79% a dostane Andrá závazek,
7830480	7833480	že bude dávat do klubu 2 miliony ročně, to asi bychom se nedohodli.
7833480	7838480	Takže proto říkám, že se musíme bavit o významu a to jsou ty postupné otázky,
7838480	7841480	které tady dneska zaznívají, které do budoucna musíme řešit.
7841480	7847480	To znamená, bude tam někdo s námi nebo jsme na to zůstali sami v současné době.
7847480	7850480	A na základě toho se pak můžeme posunout dál.
7850480	7857480	To znamená, teď má to být zhruba měsíc, měsíc a půl otevřené tady ten průzkum.
7857480	7861480	Uvidíme, jestli se nám do toho někdo přihlásí, kdy my v současné době říkáme,
7861480	7867480	že kdokoliv o to má zájem, tak jakkoliv se do toho vstoupí,
7867480	7870480	jestli tam dá nějaký svůj model takový nebo jiný.
7870480	7876480	Pro nás je to zajímavé, abychom věděli, v jakých intenciích ten dální subjekt uvažuje,
7876480	7879480	ale zároveň potřeba vědět, jestli vůbec nějaký existuje.
7879480	7884480	Takže to je vlastně, proč my jsme tuto iniciativu udělali a uvidíme,
7884480	7889480	jak to nám vlastně přinese a na základě toho já beru, že se budeme bavit dál,
7889480	7896480	jak s tím do budoucna vlastně opravdu vůbec tady s tím rodinným stříbrem nachládat.
7898480	7901480	Poprosím pana Sáhu.
7901480	7907480	Bych se podíval do historie, jak se vlády a králové a jiní starali o ty skvělý věci,
7907480	7914480	například sportovní aktivity, nějaké ty lazarety, ale také o třeba univerzity.
7914480	7919480	A neexistoval případ, že by někdo založil třeba univerzitu nebo něco takového
7919480	7923480	a negarantoval trvalo ekonomické zabezpečení.
7923480	7929480	Třeba nejstarší švédská univerzita dostala devětset farem tomu zníku,
7929480	7933480	což oni pak třeba před stolety chápali jako těžko koulí na noze,
7933480	7938480	ale dneska je to biznis, ze kterého celá ta univerzita žije.
7938480	7944480	Takže univerzitní hokej, ano, ale já teď jenom chci říct,
7944480	7948480	že my se chováme pořád jak kdyby ještě nedospělé,
7948480	7952480	protože ten středověk už to řešit uměl a my to řešit neumíme.
7952480	7957480	Takže jenom a kdo je za to vysít? No ten majitel, to je město,
7957480	7963480	tak mají třeba sednout a vymyslet ten model, který zajistí trvalou udržitelnost, že?
7963480	7968480	A nakonec Evropa se vráci k tomu slovíčku udržitelnost,
7968480	7973480	i když z pohledu té logiky věcí udržitelnost je špatné slovo,
7973480	7977480	protože to znamená už neposun dopředu, tak jinými slovy,
7977480	7982480	když jsme na konstantní hranici, tak jdeme dolů, je to je první krok dolů.
7982480	7991480	Ale to udržitelné zachování těch aktivit, které město si vezme jako své vlastní to stříbro,
7991480	7996480	tak tomu je třeba věnovat pozornost a vymyslet ten model ekonomicky.
7996480	8000480	A to se omlouvám, takže to je všechno. Děkuji.
8003480	8007480	Dobrá, moc která děkuju všem, kteří přispěli do této diskuze.
8007480	8013480	A děkuji se nikdo další nehlásí, tak já bych vás chtěl poprosit,
8013480	8016480	že budeme hlasovat materiál číslo 27.
8016480	8031480	Pro 34, materiál číslo 27 byl přijat.
8031480	8037480	Materiál číslo 28 týkající se rozpočtového opatření,
8037480	8040480	týkající se právě tohoto předchozího bodu.
8040480	8044480	To znamená, abychom ty finance, které jsme schválili v předchozím bodě,
8044480	8048480	mohli dát, tak musíme vytvořit rozpočtového opatření.
8048480	8051480	Jsou k tomu dotazy? Nejsou.
8051480	8054480	Takže prosím pojďme hlasovat o materiálu číslo 28.
8064480	8068480	Pro 35, materiál číslo 28 byl přijat.
8069480	8075480	Materiál číslo 29 je vydání změny číslo 6 zemního plánu.
8075480	8081480	Vydání změny číslo 6 znamená, že dnešním dnem bychom potvrdili územní plán
8081480	8086480	tak, jak byl postupně projektantem a zapracován.
8087480	8090480	Zcela otevřeně víme, že k nám došly nějaké dopisy,
8091480	8093480	které rozporují některé změny.
8094480	8097480	Já za sebe říkám, že i zde bychom byli rádi,
8097480	8100480	kdybychom postupovali stejným systémem jako změny číslo 5,
8100480	8103480	to znamená schválili tento balík změn jako celek
8103480	8108480	a pokud je tam jakýkoliv problém, tak aby lidé využili svého práva,
8109480	8111480	který je rok od schválení zastupitelstva,
8111480	8114480	to znamená od dneška na další rok,
8115480	8118480	to znamená řekněme do 17.6.2027,
8119480	8122480	se můžou ke každé jednotlivé změně odvolat k soudu
8122480	8126480	a vlastně říct ty své důvody, proč si myslí, že to je špatně.
8126480	8129480	Důvodem je toho, že my z pozice zastupitelstva
8129480	8132480	jinak nemáme, máme jedinou možnost jinou,
8132480	8135480	a to je to, že vrátit celý ten územní plán přepracování
8135480	8139480	s nějakým zadáním, kdy to zadání samozřejmě neznamená,
8139480	8141480	že bude akceptováno daným projektantem.
8141480	8144480	Tam je potřeba říct si, že město jenom doporučuje,
8144480	8147480	nikoli přímo zadává nebo může rozhodnout.
8147480	8151480	Takže proto i já za sebe říkám, že v těchto případech
8151480	8153480	už je jednodušší to schvál jako celek,
8153480	8156480	a pokud má někdo k jednotlivým bodům z toho celého balíku problém,
8156480	8160480	ať si ho prostě řeší tou cestou, které zákon umožňují.
8161480	8163480	Poprosím paní Blahovou.
8164480	8168480	Dobré dopoledne, hlásím v tomto bodě střed zájmu.
8168480	8172480	Dobře, děkuji, poprosím pana Vančuru.
8172480	8176480	Děkuji, také střed zájmu a týká se i toho následujícího bodu,
8176480	8178480	po kterém budeme hlasovat, děkuji.
8178480	8181480	Ano, dobře, a poprosím pana Jandu.
8181480	8184480	Primátore, taky bych rád nahlásil střed zájmu, děkuji.
8184480	8186480	Dobrá, mozka, děkuji.
8186480	8189480	Níkdo se další do diskuze k tomuto bodu nehlásí,
8189480	8192480	takže střed zájmu máme nahlášeny a pojďme prosím hlasovat
8192480	8194480	o materiál číslo 29.
8198480	8210480	Pro 26, materiál číslo 29 byl přijat.
8210480	8213480	Materiál číslo 30 je zrušení usnesení,
8213480	8216480	s tím, že se schovujeme jenom nové.
8216480	8219480	Celý celý materiál se týká posunu termínu příjemu
8219480	8224480	nebo akceptace žádostí, které se projeví ve změni číslo 7.
8224480	8226480	Je to z důvodu toho, že dnes my jsme plánovali,
8226480	8230480	že dneska na zastupitelstvu budeme schovat zadání změny číslo 7,
8230480	8234480	kdy vzhledem k procesním věcem jsme nakonec přistoupili k tomu,
8234480	8238480	že dneska budeme schovat pouze rozhodnutí o pořízení,
8238480	8241480	ale nebudeme tady mít hlasování o zadání.
8241480	8243480	Tím pádem jsme chtěli zase víc říct všem,
8243480	8247480	kteří ty žádosti ještě zase podávali dál s myšlenkou,
8247480	8251480	že to bude sice do osmičky, ale tím, že jsme posunuli ten termín,
8251480	8254480	tak jim chceme víc říct a posunujeme termín,
8254480	8262480	že ty žádosti, které přišly po 31. třetí a dojdou do 19.6.,
8262480	8268480	což je doznířka, tak budou ještě zapracovány právě do změny číslo 7.
8268480	8273480	Důvodem, proč 19.6. je ten, že naopak jsme zvažovali,
8273480	8276480	jestli to nejde do 15.6. zpětně,
8276480	8279480	protože jsme nechtěli zase se stát do té podoby,
8279480	8283480	že najednou tam přistane 20, 30, 40 žádostí úplně jako nových,
8283480	8287480	kdy pokud by se tohle stalo, tak vlastně bude velmi ohrožen
8287480	8295480	neli nereálná možnost schvální té zadání té změny v září.
8295480	8300480	Takže proto je ten termín teďka 19.6., abychom více méně akceptovali to,
8300480	8305480	co tam k dnešnímu dni už došlo a na co jsme relativně připraveni
8305480	8310480	a bereme, že po určitých dohodách například,
8310480	8314480	aby některé orgány nevyužili celou svou lhůcu 30 dnů,
8314480	8318480	ale něco kratší, tak jsme to schopni bezpečně nachystat na září
8318480	8322480	a v září pak schválit celou tu změnu a i s těmi věcmi,
8322480	8324480	které přijdou, přišli teďka později.
8324480	8326480	To znamená, přišla nám takové fairové řešení
8326480	8329480	a proto je to tady dneska takhle na stole.
8329480	8332480	K tomu nějaké dotazy?
8332480	8348480	Nikdo se do diskuze nehlásí, tak prosím pojďme hlasovat materiál číslo 30.
8348480	8352480	Pro 33, materiál číslo 30 byl přijat.
8352480	8356480	Materiál číslo 31 je právě to rozhodnutí o pořízení změny číslo 7,
8356480	8360480	to znamená, dneska jenom schválíme, že 7 chceme pořídit,
8360480	8365480	to nám umožní začít řešit výběrové řízení na budoucího projektanta,
8365480	8370480	to znamená začít ty věci připravovat, abychom nestratili řekněme ty dva měsíce prázdnin
8370480	8374480	a budeme na tom moci pracovat dál, vyhlásit veřejnou soutěž
8374480	8379480	a samotné zadání budeme tedy schvalovat v září, na zářivém zastupitelstvu.
8379480	8382480	Poprosím pana Vančuru.
8382480	8385480	Děkuju, střed zájmů, prosím.
8385480	8387480	Dobrá, děkuji.
8387480	8391480	Je někdo další? Do diskuze se někdo další nehlásí,
8391480	8394480	takže prosím pojďme hlasovat materiál číslo 31.
8395480	8409480	Pro 32, materiál číslo 31 byl přijat.
8409480	8414480	Materiál číslo 32 je již zmíněná novela obecně závazné vyhlášky,
8414480	8422480	kde se mění vlastně u akce Neuronight Opener,
8422480	8428480	takže nebude z noci z 6. na 7. 8., ale má být ze 7. na 8. 8.
8428480	8434480	To znamená, byla tam ani spíš administrativní chyba, kterou tímto rovnáme,
8434480	8438480	a akce bude moci takto proběhnout zpátka na sobotu.
8438480	8444480	Zatímco předtím to bylo ze čtvrtka na pátek, což by bylo horší, což by samozřejmě asi nedávalo smysl
8444480	8449480	z nočního klidu a že lidé se v pátek chodí normálně do práce z pravidla i přes prázdiny,
8449480	8455480	takže tady by to bylo asi, tady předpokládám, že na opravu byla administrativní chyba,
8455480	8462480	nejspíše nejspíše u nás, nechci řešit, jestli to bylo, že protože při podání si předpokládám,
8462480	8466480	že ten termín není páteční. Jsou k tomu nějaké dotazy?
8466480	8471480	Nikdo se do diskuze nehlásí, prosím pojďme nosav materiál číslo 32.
8482480	8486480	Pro 36, materiál číslo 32 byl přijat.
8486480	8490480	Tímto jsme vyčerpali všechny body, které jsme dneska na programu hlasování
8490480	8497480	a já otvírám diskuzi po dnešním zastupitelstvu,
8497480	8501480	jestli to máte nějaké body. Poprosím paní Francovou.
8502480	8505480	Já teda slibuji, že se pokusím naposledy.
8505480	8509480	Já bych poprosila k tabulce, o které jsme se tady bavili,
8509480	8513480	protože se trošku pozměnila.
8513480	8517480	Jedná se právě o to rozpočtové opatření, které jsme dostali na vědomí,
8517480	8524480	kde je, jestli už jsme ji dohledali, nebo jestli to mám přečíst,
8524480	8528480	je to číslo 9, romeno 9Z 2007, tabulka číslo 2,
8528480	8534480	kde uvolňujeme 700 tisíc na modernizaci skateparku Bartoška,
8534480	8538480	teda přesunujeme z investic právě na uhradu publicity.
8538480	8543480	Já bych poprosila, protože vidím, že jste to tak nějak jako nečekali tento dotaz,
8543480	8547480	já bych poprosila, jestli byste mi k tomu napsali, o co se přesně jedná,
8547480	8550480	kdo tu publicitu bude zajišťovat, v jakém rozsahu,
8550480	8554480	jestli jsme to soutěžili klidně písemně, ať to tady teďka neřešíme.
8554480	8556480	Děkuju.
8556480	8562480	Určitě jo, tam není problém, jako tady přesně vím, o co se jedná,
8562480	8566480	já to řeknu hned potom, to víceméně si tomu sedneme,
8566480	8569480	nebo řekneme si, co a jak, my jsme vzali určité úpravy,
8569480	8573480	řešili jsme nějaké věci v rámci těch veřejných řízení,
8573480	8577480	to znamená, pak si k tomu dáme vědět, jak to bylo myšleno,
8577480	8582480	ten systém se vyvíjí, toto byly určité nějaké pilotní projekty,
8582480	8587480	a bude to do budoucna řešeno jinak, ale že si řekneme, proč to tam takhle je.
8587480	8590480	Poprosím pana Jandu.
8590480	8595480	Děkuji, pane primátore, já jsem chtěl poděkovat za opravu mostu na Vršavě,
8595480	8601480	kterou jsem urgoval, děkuji za to, že to proběhlo dokonce místo dvou dnů v jednom dnu,
8601480	8606480	takže konečně se z takového vlastně jediného krajského dřevěného mostu
8606480	8611480	asi můžu říct, stálo něco normálního, co se dalo přejít, přejet,
8611480	8614480	protože předtím to trošku připomínalo tankodrom,
8614480	8617480	takže chtěl jsem poděkovat za občany, chtěl jsem poděkovat za sportovci,
8617480	8621480	že se to podařilo, snad to nebudeme příště honit tak,
8621480	8625480	aby to bylo v takovém stavu tak dlouho, ale výsledek je výborný,
8625480	8628480	takže děkuji za to.
8628480	8631480	Dobrý, moc krát děkujem.
8631480	8634480	Nikdo další se poprosím, že pana Mitáčka.
8634480	8637480	Omlouvám se, pane primátor,
8637480	8640480	že jsem to vstoupil na poslední chvíli.
8640480	8642480	Jenom samozřejmě v souvislosti s otevřením
8642480	8646480	nového úseku dálnice 249 do Frištáku je jasné,
8646480	8649480	že veškerá navigace přivádějící lidi k zoo povede
8649480	8654480	tou zkratkou od koní ze zadu k hlavní bráně.
8654480	8657480	Poprosím jenom, máme nějaké informace nebo plán,
8657480	8660480	co s tou komunikací, jestli vůbec máme možnost do toho,
8660480	8664480	my jako město nějak vstoupit s návrhem na posilnění, rozšíření
8664480	8667480	nebo úpravu té komunikace alespoň dočasně,
8667480	8668480	tak aby zvládala ten nápor.
8668480	8671480	Dneska máme dokonce na stole materiály o rozvoji zoo,
8671480	8676480	kde ta ambice milion návštěvníků je fakt očekávaná, predikovaná,
8676480	8681480	tak pochopitelně je to téma, které, jak víte, opakovaně tady zvedám,
8681480	8685480	a teď mě to začíná trápit o to víc, protože vím,
8685480	8688480	co je to za komunikaci, každý den skoro tam jezdím
8688480	8693480	a každý den jsou tam nové čáry od barvy od policie po nějakém střetu.
8693480	8699480	Tak chci toto rizikové místo co nejrychleji eliminovat s vaší pomocí,
8699480	8702480	s pomocí kraje, samozřejmě možná i dalších účastníků,
8702480	8705480	ale toto já považuji za absolutní riziko při tom nájezdu
8705480	8708480	nebo rozjezdu návštěvníků zoo. Děkuju.
8708480	8711480	My jsme s krajem diskutovali už dva roky zpátky,
8711480	8715480	víc než dva roky zpátky jsme začali řešit přesně tady tento stav,
8715480	8720480	že se to chystá. To znamená, kraj postupně opravuje tam ty komunikace,
8720480	8727480	které jsou vlastně směrem manžů z Frištáků na Lukov a vlastně takto.
8727480	8730480	Řešili jsme také, že by bylo vhodné začít řešit tuto komunikaci,
8730480	8735480	která vlastně povede na zoo, protože z největší pravěpodobností se začne dít to,
8735480	8740480	že lidé sedou z dálnice a v současné chvíli nebudou pokračovat kolem Frištácké přehrady
8740480	8745480	a nebudou jezit tou standardní cestou, ale budou se vracet do Frištáku přes Frišták
8745480	8748480	a stama na zoo, to znamená povedou tou zadní cestou.
8748480	8755480	S krajem jsme o tom mluvili, probíhají tam určité přípravy s krajem a je to krajská cesta,
8755480	8760480	takže oni s ním počítají a uvidíme, jak rychle se jim podaří,
8760480	8764480	protože samozřejmě někam není to otázka, že bychom to otevřeli před půl rokem,
8764480	8769480	řešíme to už roky a kraj v tom to je, když to řeknu, vstřícný, aktivní,
8769480	8773480	jakým způsobem prostě to vnímá a chce prostě Sarme tam ty věci řešit,
8773480	8778480	ale tak, jak jsme se tu bavili, bohužel ty věci trvají,
8778480	8782480	ty přípravné práce netrvají v měsíce, bohužel.
8786480	8787480	Poprosím ještě pana Mitáčka.
8787480	8790480	Ano, děkuju, pane primátore. Děkuju za to, že to vnímáte,
8790480	8794480	nebo všichni, co tam bydlíme, žijeme, jezdíme, tak to víme denně.
8794480	8799480	Pochopitelně na kraji se o tom vedou diskuze a to řešení se hledá.
8799480	8803480	Já se chci vrátit ještě k nějakému tématu z minulosti v této oblasti
8803480	8808480	a to bylo téma na stole, které bylo přesunout hlavní bránu do jiných částí ZOO,
8808480	8811480	otevřít jiné nové parkovací plochy s tím spojené,
8811480	8814480	tak se chci zeptat, jestli v tomto je nějaký posun v tom návrhu
8814480	8818480	nebo se od něho úplně ustoupilo, případně ještě můj dávný návrh
8818480	8824480	vyřešit tu šílenou křižovatku před hlavním vstupem kruháčem. Děkuji.
8824480	8830480	Co se týká přesunu vstupu, to téma pořád existuje.
8830480	8836480	Na druhou stranu je to otázka právě teď i těch debat vlastně toho příjezdu z Frištáků
8836480	8840480	a vůbec teda reakce na to, protože posunovat to ještě zase dál,
8840480	8845480	tak je otázka, jestli je to to správné. To znamená, vyhodnocují se různé varianty
8845480	8850480	právě i ve spolupráci s krajem. Takže to téma bych jenom odpověděl,
8850480	8856480	že existuje a ještě toho řešení je. Co se týká křižovatky,
8856480	8860480	tam jsme s krajem jednali, ale zatím neúspěšně.
8864480	8867480	Jenom bych ještě možná vyopravil pro vás pro všechny jednu věc,
8867480	8870480	co já jsem to vždycky všude ve všech médiích říkal,
8870480	8873480	ale vzhledem k tomu, že jsem zaznamenal na sociálních sítích zase,
8873480	8878480	je používáno. Dále to, že kamiony budou jezít do Frištáku,
8878480	8884480	prosím vás, není tomu tak. Dálnice D49 do Frištáku je skloudová nad tím,
8884480	8888480	že je tam omezující, je tam značka do 12 tun.
8888480	8894480	Je to z důvodu toho, že v rámci celého řízení řesedo má vlastně povoleno
8894480	8900480	nebo má tam tento zákaz kamionů s tím, že povolení využívání dálnice D49
8900480	8908480	ty kamiony bude až ve chvíli, kdy tato dálnice povede do Lípy.
8908480	8911480	Tak jenom spíš, kdyby se vás někdo ptal, tak vlastně ten stav,
8911480	8915480	kdybyl doteď, když to řeknu do toho Lešova, když to bylo otevřené,
8915480	8923480	tak by měl zůstat dál. Takže jenom spíš, když se vás vybude ptát nebo někteří z vás něco šíříte
8923480	8927480	na sociálních sítích, tak jenom ať to víte, že to tak úplně není.
8927480	8933480	Moc vám děkuju, pane primátor, za tento dovětek, který je velmi důležitý
8933480	8937480	a sám jsem taky zaznamenal na sociálních sítích tyto náznaky debaty
8937480	8942480	a bylo by dobré toto možná i někde oficiálně víc tlačit i kolegové zastupitelky,
8942480	8948480	zastupitele, že opravdu ta obava z toho, že se naraz tady vytvoří kilometrové kolony
8948480	8952480	kamionu před Kauflandem od Frištáku je samozřejmě nesmysl.
8952480	8955480	To je opravdu hloupo za dezinformace.
8955480	8960480	Nehledě na to, že nemají kam v centrum města projet, prostě do podjezdu nikdo nevěde
8960480	8964480	a objíždě to kolem Čepkova nebo přes Jižní svahy, tak nevím, která navigace
8964480	8968480	a kdo tam jako možná balkánský kamion, možná ano, takže to zkusí,
8968480	8972480	ale nikdo příčetný tam ani kdy v životě nepojde. Takže děkuju za to,
8972480	8976480	tohle bylo velmi důležité a děkuju, že jste to i řekl.
8976480	8980480	Dobrá, děkuju. Poprosím ještě náměstka Michala Číška.
8980480	8984480	Já bych chtěl jenom doplnit, že ten zákaz kamionu nebo vozidl na 12 tun je tam
8984480	8988480	od prvopočátku, už v prvním vyjádření vlastně k EI.
8988480	8992480	Tak možná, když někam něco napíšete, tak si to zkuste uveřit
8992480	8996480	a třeba mi napsat. A já vám to rád sdělím. Děkuju.
9000480	9002480	Dobrá, děkuji.
9002480	9004480	Vzhledem tomu, že nikdo se do diskuze nehlásí,
9004480	9008480	tak já bych vám chtěl poděkovat za dnešní konstruktivní jednání.
9008480	9012480	Jsem za to velice rád a popřeval bych vám tímto pěkné prázdniny.
9012480	9018480	Pozval bych vás na městský festival Zlín žije.
9018480	9024480	Zároveň bych chtěl poděkovat filmovému festivalu za opravdu krásnou reprezentaci města Zlína.
9024480	9026480	Myslím si, že se tento ročník opravdu znova povedl.
9026480	9032480	Takže děkuji z tohoto místa panu Čestmíru Vančurovi jako prezidentovi i celému jeho týmu.
9032480	9038480	A věřím tomu, že ta spolupráce bude pokračovat i v dalších letech a bude to přinášet opět radost nás všech.
9038480	9044480	Takže se hlásí pan Vančura a já vás poprosím, jestli byste se mohl ještě utišit. Děkuji.
9044480	9048480	Omlouvám se, jestli jsem se pozdě přihlásil.
9048480	9052480	Jsem moc rádi, že festival dopadnul, jak dopadnul.
9052480	9059480	Myslím, že se daří precizovat práci nejenom s partnery, ale především s městem.
9059480	9062480	A doufám, že jste si to taky povšimli.
9062480	9069480	Takže moc děkujeme všem složkám, které se na tom podílali s městem.
9069480	9073480	Hodně lidí to zasáhlo. Stejně tak, jako hodně lidí ve Zlíně.
9073480	9078480	Takže sluší se, a rád to dělám, poděkovat i občanům za toleranci.
9078480	9086480	A samozřejmě vedení z města, kde plánujeme už i, jak bychom mohli spolupracovat do budoucna.
9086480	9095480	Takže ještě jednou moc děkujeme a zase doufám, že se spolu se všemi v příští roku vidíme.
9095480	9097480	Přejeme hezké prázdniny.
9097480	9101480	Taky moc krát děkuji a čeká nás také, že polovně srpna bar umreli.
9101480	9104480	Tak jenom, ať víte, snad už se ani na ně nezapomínám.
9104480	9106480	Dneska jsme o ní hlasovali mimochodem.
9106480	9110480	Takže moc krát děkuji své pěkné prázdniny a v září se uvidíme.
9116480	9124480	Bůž dashboard se uděl beyond.
9124480	9127480	Pak víte.
9127480	9132480	Ben snadím tu, na vzکří se vidíme a needkujeme víte Mama
9132480	9137480	Cośovíteců o ní Calle a l potřečí v září se udělalih saidout.
