start	end	text
0	860	prezentovali.
26420	27780	Vážené dámy,
27780	30040	vážení pánové, zahuji dnešní
30040	31840	28. řádné zasání
31840	33220	zastupitelstva města Zdína.
33800	35980	Netene vás všechny, srdečně vítám.
36680	37760	Vzle prezence je přítomen
37760	39020	dostatečný počet členů,
39700	41780	aby zase zastupitelstvo mohl usnášet.
42240	44160	Omluvení jsou pan Martín Pášma,
44440	45560	paní Zuzana Píšerová,
45700	48100	pan Josef Kocháň a pan Pavel Sekula.
48800	49780	Pozdější příchod nahlásil
50300	52380	pan Tomáš Dudák a pan Bronislav Janda.
53320	53780	V distanční účasti
54320	56160	se nepřilásil žádný
56160	58340	pardon, žádný
58340	60020	z členů zastupitelstva
60020	62640	a vítám tímto i pana Tomáši Dudáka,
62760	64240	který zvládl dorazit včas,
64380	65440	takže za to moc krát děkuju,
65600	68160	že preventivně nahlásil,
68860	69820	ale nakonec všechno stihl,
69920	71440	takže jsem za to rád.
71440	77940	Tak, k ověření zápisu z dnešního zasedání
77940	79420	určitýtočně zastupitelstva,
79600	80840	a to pana Zdeňka Lacinu
80840	82340	a pana Stanislava Skálu.
83200	85100	Zápis z 27. zasedání
85100	85820	zastupitelstva
85820	87220	ze dne 18. června
87220	89240	2026 byl bez přípomínek
89240	90640	ověřen a podepsán.
91720	93020	Vážení členové zastupitelstva,
93020	94900	nyní provedeme volbu
94900	95880	návrhové komise.
96620	97700	Do návrhové komise
97700	99280	návrhové tytočně zastupitelstva,
99460	100360	a to jako představkyní
100360	101740	paní Moniku Špalkovou
101740	103820	a jako členy pana Pavla Simkoviče
103820	105040	a pana Lubomíra Trauba.
105400	106700	Máte k tomu to návrhu?
106780	107560	Někdo připomínky?
109640	110600	Nikdo se nehlásí,
110660	111900	takže prosím, pojďme hlasovat
111900	113180	o návrhové komise tak,
113280	113960	jak jsem ji navrhl.
123020	126540	Pro 32.
127020	129400	Návrhové komise byla schválená
129400	132120	a náměstek Merech Alánek
132120	132920	se ještě hlásí,
133020	134120	že teda hlasovat také pro,
134260	134940	aby byl 33.
135680	137000	Každopádně na hlasování
137000	137740	to nic nemění.
138040	139680	Návrhové komise byla schválená
139680	140980	a do zápisu to bude uvedeno.
143320	145300	Tradiční technická připomínka
145300	146160	vzhledem k tomu,
146240	148460	že zjednání zastupitelstva města Zdína
148460	149140	je pořizovan
149140	150420	audiovizuální záznam,
150520	151740	který je online přinášen.
151880	153000	Žádám všechny diskutují,
153020	154760	s ohledem na příslušná zákon
154760	156700	na ustanovení o ochraně osobních údajů,
156780	157640	aby ve svých projevech
157640	158340	neuváděli,
158460	160540	po případě minimalizovali
160540	162020	používání osobních údajů
162020	167440	a pouze na tento odkaz
167440	170960	se odkázali přímo do materiálů.
171960	172940	Jako dalším bodem
172940	173960	je vystoupení občanů,
174100	175620	takže předávám teďka slovo
175620	176360	panu tajemníkovi,
176440	177600	který nás provede tímto bodem.
179000	180060	Děkuji, pane primátore.
180640	181560	Dobré ráno,
181560	183340	vážené dámy, vážení pánové.
183340	190760	Dle jednacího řádu
190760	191940	zastupitelstva města Zlína
191940	193020	od stavce dvě článků
193020	194280	sedm vystoupení občanů,
194380	195560	sděluji, že máme celkem
195560	197040	čtyři osoby přihlášené
197040	198500	z veřejnosti k vystoupení
198500	199220	k tomuto bodu.
200820	201820	Chci jen upozornit,
201900	204440	že délka jednoho vystoupení
204440	205340	jsou čtyři minuty.
205480	207260	Prvním vystoupením je pan Hruza,
207960	209240	požádám ho k mikrofonu
209240	210860	na téma ohodnocení činnosti
210860	212120	zastupitelstva města Zlína
212120	213580	na konci volebního období.
213580	234080	Dobrý den, dámy a pánové,
234160	235500	dobrý den, pané primátore.
235500	239500	V dnešním vystoupení bych chtěl
239500	241260	pohodnotit činnost
241260	244520	z desedícího zastupitelství,
244880	246960	ale mě bych chtěl poukázat
246960	250440	na nejnesplněné sliby.
251060	253540	Tak mezi to počítám
253540	256820	již dříve řadu let
256820	259160	požadovaný přechod
259160	261100	z ulice Zámecké
261100	262740	k dvou zastávkám
262740	265900	na zastávku MHD.
266780	268680	Takže to tam není
268680	269820	do dnešního dne,
269820	272220	územní plán to obsahoval,
272320	274440	ovšem do toho zasáhla
274440	275980	komise městní části,
276100	279300	která vyhledla jiné místo,
279880	282440	že takže potnikateli vyhověla,
282620	283300	tak proč ne,
283420	284920	když dával dovolev
284920	286400	dvakrát dvěsta tisíc.
287020	289600	No a takže ten přechod
289600	290240	tam není,
290240	290980	protože tam,
291360	292240	jak se oni domnívali
292840	294140	a udělali
294140	296320	pro to, jako úpravu
296320	298000	těch chodníků a tak,
298000	299440	tak to neplatí,
299560	301780	protože to neschvalila policie.
302200	302840	Dále pak,
303260	304720	do dnešního dne,
305580	306980	tady není
306980	310780	Česká obchodní inspekce.
311180	312860	Ona tady bývala ve čtvrtek,
313280	315100	vždycky, ale jenom občas.
315100	317180	Takže nakonec
317180	320560	to zrušili úplně.
321060	323380	Takže tady ve Zlíně není,
323460	326280	v krajském městě je Brně.
326820	327660	Tak já myslím,
327780	329180	že to není dobré.
329340	331760	Tady, když občané se nemůžou
331760	334840	na Českou obchodní inspekci obrátit,
334840	337640	že to nahrává nějakým šmejdům
337640	339220	a podobným lidem,
339380	340900	kteří nechtějí,
341020	343140	aby nad něma byla nějaká kontrola,
343140	344260	tady fungovala.
345040	347600	No, dále jsem tady slíbil
347600	349880	už před dvěma lety,
350200	352220	že připomenu před volbama
352220	354900	ty, kteří odsouhlasili
354900	356740	zvědnutí těch domovní daní.
357420	358460	Já jsem platil
358460	360260	na začátku v roce
360260	364520	2354 Kč.
364520	366420	V dnešní době
366420	368840	a to podotýkám,
369000	371400	že před rokem to potom snižovali,
371400	375020	platí jim 3177.
375320	377480	Je to enormní nárůst,
377820	379140	nejvíc v celé republice.
379660	383540	Takže to není dobré pro tady občany.
383700	385040	Já myslím, že ten,
385200	387860	kdo si postaví svoje vlastní bydlení,
388860	391920	že je přínosem pro obyvatele.
391920	393760	Co si budeme vykládat?
393880	395000	Kolik se toho staví?
395340	398220	Kdo tady postavil ty jižní zvahy?
398840	400300	Sídliště Podhoří,
400680	403300	sídliště Malenovice,
403800	404720	Kvítkovice.
405060	406040	I to bylo bitvu,
406160	407560	to postavili bolševici,
407680	409220	to si musíte přiznat.
409680	411940	Kdyby tyto stava tady nebyla,
412100	413420	tak kde by ti lidé bydleli?
413420	415980	To byste nemohli z toho zlína dělat,
416100	417100	krajské město.
418040	419760	A teďka co stavíte?
419880	421720	Staví se především tady
421720	423900	fabriky pro nezaměstnané.
424300	426220	Do toho počítám hlavně ty školy.
426620	428920	Já nevím, kam je budete dávat.
429280	431180	Je velký nadpočet úředníků,
431600	433580	ten by se měl snížit
433580	436160	minimálně o jednu třetinu.
436680	438360	Víte, jaký to je rozpočet,
438460	439660	co to všechno se bere?
439660	443400	Všady to má dopad na to.
443420	448080	No a místo, abyste tady podporovali ty lidi
448080	449780	a vy tak dáte akorát,
449920	452840	tak už to padlo ta odměna,
453020	454740	když si napíše bydliště.
454920	458720	No tak já už o tom nechci
458720	461800	tady dále stále mluvit.
462020	464800	No tak já s tou dopravou také.
465180	467760	Tak hustá doprava je úplně neskutečná.
467760	472040	Postavili jste sice velice pěkné dětské říště
472040	475700	tam pod ulicí.
475700	478480	To je Sokolská pokračování.
478740	480420	Ovšem je to v dolině
480420	483380	a ve špěré ty spodiny jdou dolů.
483580	485340	No a jinak by to bylo pěkné.
485700	487700	No a nic děkuji za slyšení
487700	490080	a končím s pozdravem
490080	491320	bývalým hrůz.
491320	493440	Nesmím zvedat ruku, aby neřekli,
493560	495560	že hajluju hrůza na ranici.
496260	496880	Tak děkuji.
497200	498720	Dalším vystupujícím poprosím
498720	500020	pana Antonína Zelinku
500020	503380	ve věci plánování dopravy.
503380	509620	Dobrý den všem přítomným.
511960	513340	Všimněte si prosím,
513340	515320	že město Zlín až dosud
515320	518480	zkapacitňuje svůj dopravní skelet.
519460	523060	Toto má stejný tragický konec.
523800	525580	Vyčerpání rezervních ploch
525580	528080	pro dopravu
528080	530520	a 20 let chybějící vnější
530520	532620	dopravní obslužnost obchvat.
533380	534800	A to jsme my
534800	537460	ve Zlíně právě teď.
538400	541080	Máme až 17 průdé křižovatky,
541080	543180	ale od obchodního domu
543180	546180	na Otrokovice musíme kolem kostela.
546900	549080	Máme tež vybouraný roh budovy,
550140	552080	aby se vyhnuli dva dětské kočárky
552640	556540	a nějaký ten chodec v patě křižovatky.
557420	558720	Víme také, co dělat,
559140	560080	ale celá desetiletí
560080	564200	to ignorujeme.
565000	568780	A já žádám o odpověď proč.
569780	572240	V platné strategii města Zlína
572240	573740	do roku 2030
573740	576460	z úkolu D1.2
576460	577500	plyne mantra
577500	578880	řešení dopravy.
579760	580980	Dopravu města Zlína
580980	583500	řešne novou obslužnou komunikací
584220	585500	mimo město
586020	587500	na náklady Hřosedl
588200	589500	a to od studie
590200	591380	po kolaudaci.
591920	594260	Proč nejdeme touto cestou,
594960	596760	když Hřosedl preferuje
596760	598500	obchvatý měst,
598580	601420	aby zachránili lidem životní prostředí.
601420	605640	Také v generálu dopravy
605640	606520	města Zlína
606520	608680	je uvedena varianta C
608680	609380	Zlínka.
610180	610980	Tuto poctu
610980	612900	jsem si nezasloužil
612900	615700	zhruba
615700	617300	třicetinásobným
617300	619660	trápením se u tohoto pultíku.
620540	621340	Zpracovatel
621340	622580	generálu dopravy
622580	625000	by bez mé varianty
625000	625900	musel vracet
625900	626760	honorář.
628080	628860	Varianta A
628860	629740	totiž byla
629740	632900	technický omyl
632900	634500	v podobě městského tunelu.
635320	636080	Varianta B
636080	636700	tvořila
636700	637780	čtyřproudá
637780	639420	nadzemní pravobřežka,
640160	640820	kterou před
640820	642160	18 lety
642160	643340	zařízlo
643340	644580	ministerstvo dopravy
644580	645100	s tím,
645840	646620	že by vytvořila
646620	648040	další průtah městem
648040	650260	bez atributu obchvatu.
653000	654860	Dopravní zatížení
654860	656500	v této variantě
656500	658280	střídy Tomáše Batí
658280	659000	mělo přejít
659000	660000	na pravobřežku.
661180	662280	Z tohoto pohledu
662280	662880	ztrácí
662880	664700	a také
664700	667800	ztratila také
667800	669320	poštenská příčka
669320	670800	90%
670800	672060	své původní
672060	673720	důležitosti.
675720	677280	Jak to,
678060	679020	že dopravní
679020	679820	odbor
679820	680920	magistrátu
680920	682280	přišel
682280	683800	s předvolebním
684860	686500	prioritou
686500	688040	první etapou
688040	689420	pravobřežky.
694380	695500	Přejmenování
695500	696880	nábřežní ulice
696880	698040	na pravobřežní
698040	699540	při zachování
699540	701220	počtu dopravních pruhů
701220	702800	dává záruku,
703360	704180	že skavba
704180	704960	bude mít
704960	706720	nulový vliv
706720	708080	na současnou
708080	708800	dopravní,
709000	710560	současný dopravní
710560	711440	skelet města.
711440	713460	Moc mne mrzí,
713760	714340	že se ani
714340	715520	jeden z vás
715520	716960	nepostavil
716960	718080	a
718080	728000	nepostavil tomu
728000	728620	a řekl
728620	729160	dost
729160	733180	dost
733180	734580	dopravnímu
734580	740720	zpoždělání města.
740840	742040	Děkuji za pozornost.
744480	745460	Děkuji za
745460	746520	dodržení času.
747440	748620	Odpovíme samozřejmě
748620	749380	do 30 dnů,
749420	749880	tak jak je
749880	751220	uvedeno na přihlášce
751220	752180	k vystoupení.
752600	753420	Třetím vystoupící
753420	754260	pan Šaur,
755220	755780	rozšíření
755780	756580	parkovacích míst
756580	757440	z ubytového domu
757440	758740	v ulici Věžové domy.
759840	760200	Prosím,
760260	760780	máte slovo.
761440	763060	Vážený pane primátore,
763200	765040	vážené paní zastupitelky,
765700	767480	vážení páni zastupitelé,
768200	769000	dovolte mi dnes
769000	769600	vystoupit
769600	770180	problému
770180	770860	parkování
770860	771880	věžových domů,
772020	772540	konkrétně
772540	772920	v domu
772920	773920	číslopopisné
773920	775040	861.
775760	776340	Jsem rád,
776420	777200	že po měsících
777200	777860	jednání
777860	778960	už konečně máme
778960	779660	v ruce něco
779660	780640	konkrétního,
781020	781720	a to studií
781720	783600	proveditelnosti.
784420	785460	Za tuto studii
785460	786560	městu děkuji.
787420	788140	Obyvatelé
788140	789840	domu 861
789840	790920	při tom od začátku
790920	791760	nepožadovali
791760	792780	nic nereálného.
792940	793780	Předložili jsme
793780	795280	konkrétní návrh,
795420	796420	konkrétní místa,
796580	797500	situační plán
797500	798540	a také podporu
798540	800400	22 z 29
800400	801560	bytových jednotek,
801720	803320	který 76 %.
803320	805640	A nyní máme
805640	806680	výsledek odborného
806680	807440	posouzení.
807640	808800	Studie nabízí
808800	809800	dvě varianty.
810360	811220	Varianta dvě
811220	812080	přináší
812080	813140	sedm nových
813140	813780	podelných
813780	815020	parkovacích míst
815020	815740	a vyžaduje
815740	816540	kácení
816540	817600	čtyř stromů.
818320	819120	Varianta jedna
819120	819660	přináší
819660	820340	patnáct
820340	820820	nových
820820	822120	parkovacích míst
822120	823040	a vyžaduje
823040	823860	kácení
823860	824960	šesti stromů.
825900	826820	A právě tady
826820	827480	bych chtěl
827480	828920	zastupitele požádat,
829420	830320	aby se na věc
830320	831460	podívali také
831460	832140	prakticky.
832140	834100	Těch současných
834100	834540	sedm
834540	835260	podelných
835260	835740	míst
835740	836440	v podstatě
836440	837540	odpovídá tomu,
837980	838900	co obyvatelé
838900	840020	v tomto prostoru
840020	841100	už nezdělají.
841740	842220	Auta
842220	843080	zde podelně
843080	843720	parkují
843720	844340	i nyní.
844900	845620	Problem je,
846040	847060	že při otáčení
847060	847740	a najíždění
847740	848880	musí zasahovat
848880	850120	na chodní.
851220	852140	Varianta dvě
852140	853280	tedy podle
853280	854600	našeho názoru
854600	855220	především
855220	856100	legalizuje
856100	857720	a stavebně
857720	858380	upravuje
858380	859040	stav,
859560	860600	který už
860600	861460	v určité
861460	862120	podobě
862140	862920	existuje.
864060	865000	Varianta 1 je
865000	865860	něco jiného.
866260	867720	Ta skutečně přináší
867720	868820	15 nových
868820	870060	parkovacích míst
870060	871040	a podle
871040	871820	samotného
871820	872880	závěru studie
872880	873940	je z hlediska
873940	875380	parkovací kapacity
875380	876240	výhodnější.
876740	877080	Ano,
877600	878280	varianta 1
878280	878840	znamená
878840	879440	kácení
879440	880820	šesti vzrostlých stromů.
881060	882020	To nespochybňuji.
882020	883560	ale právě
883560	885440	proto podle mě
885440	887620	nyní není správnou
887620	888320	odpovědí
888320	889140	variantu 1
889140	890640	rovnou zamítnout.
891540	892020	Studie
892020	893080	sama říká,
893360	894620	že rozhodující
894620	895660	bude stanovisko
895660	896780	odboru zeleně.
897560	898000	A také
898000	898620	uvádí,
898800	899760	že při předběžném
899760	900460	projednání
900460	901100	neznesla
901100	901600	policie
901600	902680	České republiky
902680	903820	k žádné z variant
903820	905500	zásadní připomínky.
905500	906820	Proto vás
906820	907780	dnes žádám
907780	908160	o jednu
908160	909280	konkrétní věc.
909960	910800	Nenechávejme
910800	911760	variantu 1
911760	913180	v této fázi
913180	913840	skončit.
915220	915800	Prosím,
916100	916700	aby město
916700	917180	zadalo
917180	918280	její další
918280	918880	projektové
918880	919900	zpracování
919900	920860	a nechalo
920860	921480	přesně
921480	922120	prověřit,
922280	922780	jak lze
922780	923660	minimalizovat
923660	924740	zásah do zeleně,
925340	926320	jak ochránit
926320	927320	okolní stromy,
927940	928540	jaké jsou
928540	929800	přesné možnosti
929800	930560	v souvislosti
930560	931500	s inženýrskými
931500	932020	sítěmi
932020	933020	a jaké
933020	933540	budou
933540	934380	skutečné
934380	935040	náklady.
935500	937200	Teprve potom
937200	938500	můžeme udělat
938500	939280	odpovědné
939280	940660	konečné rozhodnutí.
941800	942540	Podle studie
942540	943740	je orientační cena
943740	944520	varianty 1
944520	945700	přibližně
945700	947920	962 tisíc
947920	948660	korun,
948780	949320	včetně
949320	949900	DPH.
950900	952000	Za tuto částku
952000	953020	bychom získali
953020	954480	15 nových
954480	955980	parkovacích míst.
956620	957280	To samozřejmě
957280	958560	není malá částka,
959060	959800	ale dovolte mi
959800	960520	připomenout,
960660	961420	že se bavíme
961420	962200	o problému,
962300	963280	který se netýká
963280	964360	jednoho člověka,
964360	965900	ani jednoho auta.
965900	966920	Týká se
966920	967860	celého domu
967860	969140	a širší lokality
969140	970280	věžových domů.
971280	972620	Proto vás dnes prosím,
973120	974060	dejte variantě
974060	974960	1 šanci.
975520	976660	Ne schválením
976660	978600	kácení stromů,
978860	979820	ale schválením
979820	980440	jejich
980440	981860	dalšího
981860	982860	odborného
982860	984100	zpracování.
985100	986060	A dovolím si
986060	986820	položit
986820	987900	poslední otázku.
987900	989200	Může nám
989200	989620	dnes
989620	990460	vedení města
990460	991060	slíbit,
991520	992120	že varianta
992120	993180	1 nebude
993180	993740	odložena
993740	994500	do šuplíku,
995280	995840	ale bude
995840	996920	bez zbytečného
996920	997560	odkladu
997560	998480	dále projektově
998480	999340	připravována
999340	999700	tak,
1000200	1001200	aby o její
1001200	1001900	případné
1001900	1002620	realizaci
1002620	1003320	mohlo
1003320	1004340	být skutečně
1004340	1004960	rozhodnuto.
1005960	1006520	Děkuji.
1006520	1008740	Děkuji vám
1008740	1010560	za dodržení
1010560	1011060	časového
1011060	1011620	limitu.
1012960	1013480	Pan primátor
1013480	1014200	v Koste
1014200	1014780	určitě vám
1014780	1015180	nebude mít
1015180	1015700	slibovat,
1015900	1017060	to asi tady
1017060	1017580	v současné,
1017640	1018100	že mám dneska
1018100	1019000	poslím zastupitelst
1019000	1019720	města Zdína,
1020020	1020480	to asi není
1020480	1021340	úplně to zprávné.
1021960	1022420	Každopádně
1022420	1022840	to, co vám
1022840	1023440	můžu určitě
1023440	1024060	deklarovat,
1024120	1024300	je to,
1024720	1026360	že ty varianty
1026360	1026820	byly dány
1026820	1027460	z důvodu toho,
1027560	1028080	aby se všechny
1028080	1028640	vyhodnotily,
1028800	1029800	takže nemyslím si,
1030040	1031440	že varianta číslo 1
1031440	1032300	bude hozená
1032300	1033240	jako do šuplíku
1033240	1033740	nebo prejď.
1033840	1034360	Bude to všechno
1034360	1035060	vyhodnocovat,
1035160	1035640	ale samozřejmě
1035640	1036360	je to otázka,
1036880	1037740	jak se k tomu
1037740	1038480	postaví také
1038480	1040020	životní prostředí
1040020	1041040	a jiné orgány,
1041120	1041540	které vlastně
1041540	1042860	potom povolují
1042860	1043320	tu stavbu.
1043860	1044380	Takže jenom
1044380	1045320	ta deklarace
1045320	1045860	určitě je
1045860	1047560	a uvidíme,
1047680	1048180	jak to nás
1048180	1048960	nebude vyhodnoteno.
1049940	1050560	Děkuji.
1050920	1051980	My studií
1051980	1052620	považujeme
1052620	1053760	za začátek
1053760	1054680	další etapy,
1055040	1055960	nikoli v konec
1055960	1057100	našeho požadavku.
1057500	1058040	Děkuji vám.
1058200	1058900	Chtěli bychom,
1062300	1063260	a rozhodneme o ní
1063260	1064260	až na základě
1064260	1066660	dokončeného projektu
1066660	1067900	všech potřebných
1067900	1068560	stanovisek.
1068740	1069060	Děkuji.
1069320	1069880	Děkuji vám.
1070740	1072240	Poslední přihláškou
1072240	1074320	je pan Pavel Veverka
1074320	1076960	k změně územního plánu.
1077080	1078040	Chcete vystoupit teď?
1078460	1079280	Ten bod změny
1079280	1080180	územních plánů
1080180	1081260	je zařazen
1081260	1082060	v řádném programu.
1082120	1082880	Chcete vystoupit teď?
1083360	1083960	Dobře.
1084520	1085920	Máte čiři minuty.
1086600	1087360	V programu
1087360	1088520	vašeho zastuptelsa
1088520	1089260	jsou tři změny
1089260	1090100	územního plánu.
1090520	1091200	Jedna změna je
1091200	1092660	podali jsme
1092660	1093460	žádost o změnu
1093460	1094640	územního plánu
1094640	1097160	z plochy
1097160	1099000	pydlení
1099000	1100000	jako rezervy
1100000	1102000	na plochu pydlení.
1102700	1103640	Podle informací,
1103740	1104180	které mám,
1104240	1105260	tak snad by se to
1105260	1105860	mělo zamítnout.
1106020	1107000	Jedná se o lokalitu
1107000	1108080	Příruky Pančava
1108080	1109500	na ulici
1109500	1111400	Želechovická.
1111780	1112600	Já jsem celou dobu
1112600	1112960	vlastně,
1113280	1113940	když se zpracoval
1113940	1114540	územní plán,
1114820	1115960	žádal o tuto změnu.
1116580	1117020	Bohužel
1117020	1119840	vždycky bylo zamítnuto
1119840	1121660	s tím, že tato naše ulice,
1121860	1123300	která vlastně běží
1123300	1124140	mezi zahrádkama,
1124480	1125300	tak zahrádky
1125300	1126160	nad touto ulicí
1126160	1126880	jsou stavební
1126880	1127420	a my,
1127740	1128600	kteří jsme po cestou,
1128980	1129680	pořád máme,
1130300	1130800	jsme měli
1130800	1132360	charakter zahrad.
1132360	1134180	Z hlediska
1134180	1135960	urbanistického si myslím,
1136060	1139180	že se nejedná o žádný zásah.
1140280	1141860	Dá se to i technicky vyřešit
1141860	1144080	připojení domu na vodu
1144080	1145000	i na kanalizaci.
1145220	1145980	Elektrika tam je,
1146080	1146900	takže si myslím,
1147000	1147820	že to zamítnutí
1147820	1149060	této žádosti
1149060	1149940	je podle mě
1149940	1151700	zcela zbytečné.
1152440	1153020	To je vlastně
1153020	1154160	všechno,
1154220	1154840	co bych chtěl říct.
1155180	1155860	Já si říkám,
1156140	1157920	deset let snažím
1157920	1158560	o tuto změnu,
1158660	1159180	ale bohužel
1159180	1161420	je to jako peřina.
1161540	1162340	Když do ní boucháte,
1162440	1163960	tak se nic neděje.
1164480	1164700	Čili
1164700	1167200	jestli je možné
1167200	1168220	se na to ještě znovu
1168220	1168820	podívat
1168820	1169300	a zkusit,
1169340	1169880	zkusit třeba
1169880	1170660	udělat tu změnu,
1171020	1171520	že by se tady
1171520	1172620	tento pozemek
1172620	1173900	mohl změnit
1173900	1174720	na pozemek
1174720	1176120	stavební.
1176460	1177300	Tak to je asi všechno.
1177380	1177820	Děkuji moc.
1185820	1186760	Já jenom,
1186840	1187660	abychom si srovnali,
1187740	1188440	co schvaluje
1188440	1189280	zastupitelství
1189280	1189680	města Zína
1189680	1190560	dneska.
1191360	1192320	My z pozice
1192320	1193660	zastupitelství
1193660	1194340	města Zína
1194340	1195820	nemáme v gestci
1195820	1196380	a nemáme
1196380	1197560	zákona pravomoc
1197560	1199000	měnit územní plán,
1199120	1199700	jakože bychom
1199700	1200640	my tady řekli
1200640	1201400	toto ano,
1201500	1201940	toto ne.
1202520	1203320	My aktuálně
1203320	1204440	doporučujeme,
1204900	1206380	co projektant
1206380	1206960	má,
1207140	1207740	když to řeknu,
1208440	1209120	zvážit,
1209300	1209720	bych to řekl,
1209780	1210300	že my řekneme
1210300	1211080	doporučujeme
1211080	1212340	k zapracování,
1212440	1212880	ale co bude
1212880	1213780	zapracováno,
1213860	1214360	už je potom
1214360	1215240	na projektantovi.
1216180	1216700	Každopádně
1216700	1218520	stav je ten,
1218660	1219340	že samozřejmě
1219340	1219960	jsme si ty
1219960	1220860	jednotlivé lokality
1220860	1222200	vyhodnocovali,
1222300	1223380	na mnoha lokalitách
1223380	1224740	jsme fyzicky byli,
1224880	1225620	ať už
1225620	1226840	pan náměstek,
1226940	1227180	který má
1227180	1227720	v současné
1227720	1228300	bev gesty
1228300	1228920	územní plán
1228920	1229480	nebo přímo
1229480	1230500	pracovníci
1230500	1231900	daného odboru
1231900	1233280	a na základě
1233280	1233960	toho padla
1233960	1234980	doporučení,
1235100	1235640	jestli teda
1235640	1236340	ano nebo ne.
1237000	1237600	Já bych tím to
1237600	1238460	chtěl rovnou říct,
1238820	1239340	a to už
1239340	1240200	sice předbíhám
1240200	1240820	těm bodům,
1241220	1241820	stav je ten,
1241920	1242440	že my máme
1242440	1243420	dohodu aktuálně,
1243560	1244420	že co se týká
1244420	1245820	změny územního plánu
1245820	1246380	číslo 7,
1246540	1247240	která je rozdělená
1247240	1247860	na ABC,
1248260	1248540	s tím, že
1248540	1250060	A se změní textová část,
1250160	1250920	za B jsou tady
1250920	1252280	ty jednotlivé změny
1252280	1253020	od občanů,
1253180	1253780	případně firm,
1253920	1254680	které nám došly,
1255220	1255500	to je to,
1255500	1256380	co jsme schvalovali
1256380	1257180	vždycky jako více
1257180	1257980	netradičně tady
1257980	1259160	na tom zastupitelstvu,
1259300	1259860	tak vlastně tam
1259860	1260780	i změna 7C,
1260960	1261480	která je
1261480	1263140	jakoby koncepční změnou
1263140	1264380	toho územního plánu.
1264900	1265700	A dohoda je ta,
1265700	1268020	že budoucí projektant,
1268120	1268760	kterého vlastně
1268760	1269540	musíme například
1269540	1270420	ještě vysoutěžit,
1270820	1271560	tak dostane
1271560	1273800	jak samozřejmě
1273800	1274860	ty změny 7B,
1275180	1275980	tak dostane také
1275980	1277420	všechny aktuálně
1277420	1278740	nedoporučené změny,
1278740	1280260	které v 7B dáváme
1280260	1281920	jako, že nedoporučujeme.
1282860	1283760	Případně změny,
1283860	1285000	které došly teďka,
1285080	1285420	jakž to řeknu,
1285500	1286460	ještě v tom mezidobí
1286460	1288660	a nejsou dnešní,
1288740	1289340	nejsou vůbec
1289340	1290620	najednání zastupitelstva.
1290840	1291200	A protože,
1291260	1291600	když bude dělat
1291600	1292840	koncepční změnu,
1292960	1294020	tak aby se na to podíval,
1294220	1295040	jak vůbec lidé
1295040	1295800	tady uvažují,
1295880	1296880	co vlastně požadují.
1297280	1297920	A tím pádem,
1298080	1298680	pokud dneska
1298680	1299780	je v 7B
1299780	1300640	něco dáno
1300640	1301620	jako nedoporučeno,
1301860	1303020	tak není vyloučeno,
1303020	1304080	že v rámci
1304080	1305660	koncepční změny 7C
1305660	1307180	se bude řešit
1307180	1308520	vlastně celá ta lokalita
1308520	1309900	a může nastat ta změna,
1310360	1312000	ačkoliv my jsme v Bčku
1312000	1312280	řekli,
1312380	1313480	že to nedoporučujeme.
1313880	1316100	Takže tím bych chtěl jenom říct,
1316460	1318120	že víceméně to,
1318200	1318700	co jsem chtěl říct
1321600	1322320	a já se dívám,
1322440	1324140	že tady ten bod váš
1324140	1326120	máme jako nedoporučeno.
1327240	1328500	S tím,
1328640	1329580	že jak říkáte,
1329720	1332260	je tam lokalita
1332260	1334640	rekreáčních zahrádek
1334640	1335880	a ona,
1336180	1337380	jako ta rezerva,
1337440	1337700	pardon,
1338720	1339820	rezerva na bydlení,
1339880	1340320	kde jsou vlastně
1340320	1341220	aktualné zahrádky
1341220	1342460	a ona se tak jako postupně
1342460	1344380	ještě řekl ze všech stran
1344380	1345640	jako odebírá
1345640	1346880	a postupně se mění
1346880	1348900	na to bydlení individuální.
1349020	1349600	To znamená,
1350060	1351580	z našeho pohledu
1351580	1352900	nebo z pohledu odboru,
1352980	1354200	který si to vyhodnocoval,
1354640	1356040	tak aktuálně bylo,
1356200	1357440	že je tam prostě ta,
1357580	1358040	bych řekl,
1358800	1360000	zahrádkářská kolonie,
1360140	1360760	bych to nazval,
1360920	1361800	prostě je tam tady
1361800	1362460	tento stav,
1362560	1364420	který je tam vhodné zachovat,
1364420	1367140	ale vzhledem k tomu
1367140	1369040	samozřejmě nějakým způsobem
1369040	1373120	se tomu postaví
1373120	1375340	ta koncepční změna,
1375480	1376220	tak je možné,
1376340	1377540	že se to změní jako celek,
1377640	1378260	jako když se chce
1378260	1379240	celá ta lokalita.
1379640	1381240	Nikoliv pouze ten jeden váš pozemek,
1381320	1383220	protože té koncepční změny
1383220	1384300	se opravdu řeší
1384300	1386620	nikoliv jednotlivé pozemky,
1386820	1388380	ale celkový přístup.
1388880	1389860	A může se stát,
1389980	1390640	že vzhledem k tomu,
1390640	1393000	že tady opravdu je to obklíčené
1393000	1395120	bytovým bydlením individuálním,
1395260	1397680	že místo toho jedné parcely
1397680	1399020	se změní všechny,
1399220	1400520	aby to dávalo smysl
1400520	1401760	v té koncepční verzi.
1401880	1404000	Takže tím jenom za sebe říkám,
1404100	1405200	že dneska to máte
1405200	1406860	v materiálu 7B
1406860	1407820	jako nedoporučeno
1407820	1408640	z důvodu toho,
1408740	1410740	že vytrhávat jeden pozemek
1410740	1411860	není úplně logické
1411860	1413240	a je to nějaký vstup
1413240	1415120	vlastně vůbec do té kolonie,
1415740	1418000	ale v 7C je otázka,
1418080	1419440	jestli ten projekt tam postaví
1419440	1420240	a vzhledem k tomu,
1420300	1420980	jak já to vidím,
1421120	1422440	tak ta pravděpodobnost,
1422620	1424020	že se to změní,
1424220	1425220	rozhodně není malá.
1425660	1426240	Takhle to řeknu.
1426340	1427600	A poprosím ještě náměstka
1427600	1428460	pán Hlavare Lutví,
1428520	1429100	který má v gesti.
1430660	1431940	Dobré dopoledne všem.
1432800	1433560	Já bych možná nám řekl
1433560	1434600	několik slov k tomu.
1434740	1436400	Ze strany stavební komise
1436400	1437980	tento pozemek nebyl doporučen,
1438080	1439200	probíhala ohledně toho
1439200	1440080	samozřejmě diskuze
1440080	1440920	a již to,
1441020	1442280	co zmínil pan primátor,
1442660	1443780	že by se měla koncepčně
1443780	1444960	přistoupit v celé lokalitě,
1445020	1445660	tak to bylo řečeno
1445660	1446840	i na té stavební komisii.
1447260	1449140	A včera byl pravděpodobně
1449140	1449940	někdo od vás,
1450060	1451040	se se mnou potkával
1451040	1452200	a já jsem jim řekl to tež,
1452280	1454540	že tady to docela dává smysl
1454540	1456640	a nicméně nemůžeme
1456640	1458060	ten pozemek vydělit
1458060	1459020	jako jeden pozemek
1459020	1459860	a ostatní nechat.
1460020	1460780	Takže je třeba k tomu
1460780	1461840	přistoupit koncepčně,
1462700	1464240	dát samozřejmě podněty
1464240	1465760	ze strany ostatních majitelů
1465760	1467800	a v nějakém dalším návrhu
1467800	1468600	územního plánu.
1468720	1469360	Po případě teda,
1469360	1470600	pokud by to bylo součástí
1470600	1471840	těch našich koncepčních změn,
1472280	1473100	tak by to bylo možné
1473100	1473840	jako zařadit.
1474060	1475020	Já jsem říkal,
1475100	1476260	kdyby se o tom jako vědělo
1476260	1477280	a připravilo se to
1477280	1478820	souhlas dalších
1478820	1480120	jako vlastníků pozemků,
1480220	1481340	tak byla reálná šance,
1481440	1482300	že se to mohlo změnit.
1482460	1483540	Ohledně tohoto pozemku
1483540	1484940	konkrétně probíhala
1484940	1485520	dlouhá diskuze
1485520	1486560	na stavební komisii
1486560	1488320	a vzhledem k tomu,
1488380	1489220	že to je vydělána
1489220	1490280	jenom jako jednotlivá část,
1490380	1491580	tak proto to nebylo doporučeno.
1491580	1492960	Děkují.
1494220	1494880	Prá, děkujeme.
1496680	1497960	Tímto vlastně byl
1497960	1499840	poslední vystupující,
1500000	1501480	takže budeme pokračovat
1501480	1502520	dále v programu,
1504640	1506400	kdy dalším bodem je
1506400	1507440	schválení programu
1507440	1508860	dnešního zasedání zastupitelstva
1508860	1511220	a v úterý 15. září
1511220	1512440	byl uvolněn aktualizovaný
1512440	1513860	doplněný návrh programu
1513860	1514840	o dva materiály,
1515340	1516180	takzvaně na stůl.
1517000	1517820	Jedná se o zprávu
1517820	1519600	kontrolně výboru zastupitelstva
1519600	1522680	a materiál týkající se pozemků.
1523200	1524120	Tyto materiály
1524120	1525520	jste spolu s ostatními
1525520	1526780	obdrželi v elektronické podobě
1526780	1527640	a v programu jsou
1527640	1529360	očíslovány tak,
1529600	1531520	jak byly dodatečně zařazeny.
1532820	1534020	Chce bych se tedy tímto zeptat,
1534060	1534740	jestli má někdo
1534740	1535860	k navrženému programu
1535860	1538120	návrhy nebo připomínky.
1540820	1541760	Nikdo se nehlásí,
1541860	1542440	takže prosím,
1542980	1543760	pojďme hlasovat
1543760	1545780	o dnešním programu
1545780	1546940	tak, jak byl navržen.
1549600	1559240	Pro 26.
1560520	1562680	Program dnešního zastupitelstva
1562680	1564160	byl přijat.
1564980	1566720	Navazujeme tedy bodem číslo 4,
1566920	1567460	což je zpráva
1567460	1568360	o úplnění rozpočtu
1568360	1569260	statutárního města
1569260	1570640	z dína k 30. 6.
1570640	1572960	a poprosím náměstka
1572960	1574240	Mirka Chalánka
1574240	1575640	o úvod k tomuto materiálu.
1577640	1578680	Dobrý den,
1579400	1580180	vážené kolegyně,
1580240	1581040	vážení kolegové.
1582300	1583380	Já pár slov
1583380	1585260	k tomuto materiálu.
1586520	1587800	Pokud bude debata,
1587980	1588460	diskuze,
1588560	1590080	samozřejmě budeme reagovat.
1590080	1592600	V tuto chvíli
1592600	1594060	máme
1594060	1596520	za sebou půlroční plnění,
1596720	1597100	takže
1597100	1599660	asi ty nejdůležitější
1599660	1601140	informace jsou,
1601240	1601920	jak se nám
1601920	1603780	týkají vlastně
1603780	1605340	plnění toho rozpočtu
1605340	1606740	z hlediska příjmů.
1607340	1608300	Ty nás asi zajímají
1608300	1609220	v tuto chvíli nejvíc,
1609280	1610220	jak vypadá situace,
1610320	1611200	protože to je věc,
1611320	1612420	kterou nemáme úplně
1612420	1613380	ve svém moci,
1613380	1614140	takže tady jsme
1614140	1615260	odkázaní vlastně
1615260	1616840	na rozpočtové určení
1616840	1617140	daní,
1617220	1618120	to, co nám dává,
1618240	1618740	jak se vůbec
1618740	1619700	zdaří ekonomice
1619700	1623000	naší republice.
1623880	1625080	Dobrá zpráva je,
1625300	1626500	že to plnění
1626500	1627540	je v souladu
1627540	1627840	s tím,
1627900	1629140	jak jsme si to naplánovali,
1629360	1630300	což je opravdu
1630300	1631840	jako dobrá zpráva.
1633680	1634500	Je to plnění
1634500	1634980	rozpočtu
1634980	1637160	30.6.
1637680	1638640	Já můžu říct,
1638740	1639720	že my samozřejmě
1639720	1641080	ten vývoj toho rozpočtu
1641080	1641660	sledujeme
1641660	1643540	i v každém
1643540	1644660	následujícím měsíci,
1644780	1645720	takže teď jsem schopen
1645720	1647240	doplnit ještě informace
1647240	1648460	týkající se července
1648460	1649020	a srpna
1649020	1651100	a ta zpráva je příznivá
1651100	1651420	v tom,
1651580	1652780	že vlastně
1652780	1654060	to plnění
1654060	1654560	opravdu
1654560	1655240	tak, jak trošku
1655240	1656100	ze začátku
1656100	1657420	a v průběhu
1657420	1658180	hlavně
1658180	1659320	ten červen
1659320	1659840	vypadalo,
1660060	1661440	že začínáme
1661440	1662800	ztrácet dech,
1662940	1664860	tak ten červenec
1664860	1665460	a srpen
1665460	1667120	byly velmi dobré,
1667220	1667880	hlavně z hlediska
1667880	1668960	vývoje DPH
1668960	1670480	a jsme
1670480	1671360	prostě na té trajektorii
1671660	1672800	kterou potřebujeme.
1673780	1674240	Já jenom,
1674280	1675400	když se na to podíváte
1675400	1676200	z hlediska toho
1676200	1677580	meziročního srovnání,
1678120	1679320	tak vidíte,
1679560	1681380	že je tam nárůst
1681380	1683160	co se týče
1683160	1684500	toho daňového příjmu,
1684880	1685780	ale je potřeba vzít
1685780	1686400	v úvahu,
1686620	1686880	že rok
1686880	1689540	2025 a 2026
1689540	1690620	má jednu základní
1690620	1692840	rozdíl
1692840	1693220	a to je,
1693340	1694820	že nepedagogický pracovníci
1694820	1695500	jsou dneska
1695500	1696920	vlastně zhrazení
1696920	1698240	z provozních výdajů
1698240	1699700	a my na ně dostáváme
1699700	1700860	prostřednictvím příjmu
1700860	1701740	peníze.
1702120	1702600	To znamená,
1702700	1704360	že to je těch 187 milionů,
1704440	1706080	které tam jsou.
1707220	1708660	Obecně bych řekl tak,
1708780	1709700	jako jestli chceme mít
1709700	1711020	meziroční nárůst
1711020	1712620	zejískat daňových příjmů
1712620	1714360	na sdílených daních
1714360	1715280	4%,
1715280	1716200	tak my potřebujeme
1716200	1717240	ten meziroční různí
1717240	1717920	kde na úrovni
1717920	1720660	minimálně 17%,
1720660	1722140	což v tuto chvíli
1722140	1723680	se daří
1723680	1724700	a vypadá to tak,
1724780	1725620	jako že by to bylo
1725620	1726900	naplněné a splněné,
1727060	1728980	což je pro ten rozpočet
1728980	1729920	strašně důležité,
1730020	1730740	protože to je
1730740	1731620	největší částka
1731620	1732260	toho příjmu.
1732680	1733900	My máme na sdíleních daních
1733900	1735260	přes 2 miliardy,
1735400	1737860	takže každá desetina procenta
1737860	1739540	tam hraje velkou roli.
1740920	1741720	Co se týče
1741720	1743540	potom té výdajové strany,
1743540	1745860	takže z líska provozních výdajů
1745860	1746640	jsme někde tam,
1746740	1747660	kde jsme chtěli být,
1747780	1749020	nějakých 40 milionů.
1749460	1750080	Měli jsme tam,
1750440	1753540	pardon, 49% plnění,
1754020	1754800	měli jsme tam nějaké
1754800	1755540	více náklady
1755540	1758500	spojené jako s růstoucí cenou
1758500	1759420	pohony hmot,
1759840	1761200	kdy jsme museli dofinancovat
1761200	1762320	technické služby,
1763340	1766260	takže nějaký náklad,
1766320	1767680	více náklad se nám tam projevěl,
1767760	1769300	ale z líska těchto
1769300	1770440	procentického plnění
1770440	1771140	jsme pořád tam,
1771220	1772180	kde bychom měli být.
1772180	1775080	Potom je záležitost
1775080	1775820	investičního,
1776280	1777480	investic vlastně tak,
1777540	1778560	jak se nám daří plnit,
1778700	1779940	takže já si myslím,
1780020	1781120	že to číslo někde
1781120	1782520	na úrovni 30%
1782520	1784220	k tomu terminu
1784220	1785080	30.6.
1785580	1786760	To znamená,
1786800	1788040	že to jsou ty peníze,
1788140	1789700	které už jsme opravdu zaplatili,
1789920	1793360	tak není špatné samozřejmě.
1793640	1795680	Teď budou ty rozhodující měsíce,
1795780	1797480	hlavně říjen, listopad,
1797480	1802580	které už budou určovat,
1802940	1805020	jak se nám daří ty investice
1805020	1807400	realizovat a jak to funguje.
1808480	1811480	Takže to je jen takový krátkej úvod,
1811580	1813140	pokud budou samozřejmě nějaké dotazy,
1813280	1813840	tak zodpovím.
1813840	1817560	Děkuji za ten úvod
1817560	1818740	a otvírám diskuzi
1818740	1819560	k tomuto bodu.
1823720	1826640	Tak, do diskuzi se hlásí pan Dudák,
1826740	1828400	takže poprosím pana Dudáka.
1830080	1831660	Dobré ráno, dámy a pánové.
1832520	1834020	Já se omlouvám za ty zmatky
1834020	1835820	s tím pozdním příchodem.
1835820	1838540	Já jsem původně měl jiný program,
1838760	1839820	ale vzhledem k tomu
1839820	1841900	čtvrtečnímu mailu,
1841980	1843700	kdy jste nám zadali práci,
1843700	1845480	tak jsem musel program změnit,
1845580	1846640	proto tady jsem šťast.
1847720	1849340	A teď je k bodu,
1849620	1850720	kterém se bavíme.
1851340	1853060	My jsme to řešili na finančním výboru.
1853280	1854960	Já fakt jsem velmi rád,
1855040	1857660	jak se pro mě až nepochopitelným způsobem
1857660	1859740	vyvíjí ekonomická situace
1859740	1860680	České republiky,
1860760	1863560	že ty příjmy z výběru daní
1863560	1865740	jsou lepší než...
1865740	1867540	My jsme předpokládali respektive
1867540	1869100	náš poradce města,
1869960	1870820	takže jsem rád,
1871000	1873560	že město drží konzervativní linku
1873560	1875820	a ta realita je lepší.
1876500	1878260	Ale musíme si taky říct,
1878340	1880880	to nejsou úspěchy,
1881480	1883420	za které by měly být korunovány
1883420	1884060	naše hlavy.
1884220	1885880	To jsou prostě příjmy peněz
1885880	1887900	daňových poplatníků na straně příjmu.
1888780	1889920	Pro mě je to skvělá zpráva,
1890060	1891520	ale není to naše zásluha.
1891520	1894380	Já tam bohužel stále nevidím
1894380	1897040	dostatek na té stránce výdajové
1897040	1898020	nějakých úspor.
1898560	1899980	My se sice držíme rozpočtu,
1900080	1900720	to je fajn,
1901240	1903600	ale stále náš názor je,
1903720	1904660	že by ten rozpočet
1904660	1906860	v některých mandatorních výdajích
1906860	1909320	hlavně osobních nákladů
1909320	1911600	nebo větších provozních nákladů
1911600	1913980	měl být na příští rok
1913980	1915220	více střídmi.
1915220	1916360	To je za nás.
1916480	1916820	Děkuji.
1922280	1923540	Tak já jenom.
1924780	1925960	Kdybych to chtěl trošku odlehčit,
1926060	1926360	tak jsme,
1926560	1927580	a nemyslím, že nějak ve zlém,
1927660	1928580	tak jsme slyšeli už
1928580	1929980	názor občana,
1930080	1931560	že máme od třetinu snížit počty.
1932440	1934600	Tak možná to je ta cesta,
1934840	1937120	ale ne to už říkám trošku z nadsázku,
1937200	1938840	protože víme samozřejmě,
1938840	1940700	že my se snažíme
1940700	1942040	tu optimizaci dělat průběžně
1942040	1944760	a pan témník na tom úslovně pracuje
1944760	1946140	a proto jsme také už schvalovali
1946140	1947020	na radě v tomto roce
1947020	1948660	několikrát úpravy
1948660	1951320	vlastně oprů podoby magistrátu.
1952100	1954540	Takže samozřejmě ty rezervy,
1954780	1955880	co můžeme říkat,
1955960	1957820	i v těch personálích
1957820	1959220	nebo optimizacích procesů,
1959400	1960720	jsou, budou vždycky
1960720	1963040	a musíme je postupně odstraňovat
1963040	1964140	s tím a prosto souhlasím.
1964360	1965780	Ale poprosím o reakci ještě
1965780	1967420	náměstka Mirka Chalánka,
1967420	1968880	protože samozřejmě jsou i věci,
1969000	1970820	které my neumíme ovlivnit.
1971340	1973780	Vy, to, co se na nás ještě chystá,
1973780	1974880	změna tabulek
1974880	1976120	a další věci,
1976260	1977500	které vlastně seřejmě
1977500	1978880	nám zase ten provoz navýší,
1979020	1980200	protože je to rozhodné
1980200	1982680	vláda
1982680	1984000	nebo jiný nadřízený orgán.
1984560	1986240	Poprosím ještě náměstka Mirka Chalánka.
1987280	1987720	Děkuji.
1988620	1989760	Děkuji, pane primatore.
1990000	1990980	Já jenom krátká reakce
1990980	1991660	na pana Dudákova.
1991740	1993220	Ano, já s tím souhlasím.
1993300	1994380	Tento materiál je o tom,
1994380	1996180	jak se nám daří plnit to,
1996280	1997360	co jsme si naplánovali.
1999120	2000640	Můžeme mít samozřejmě
2000640	2001740	různej názor na to,
2001740	2002960	jak ty položky z hlediska
2002960	2006180	toho provozu mají vypadat.
2007140	2009120	Dneska dobrá zpráva pro nás je,
2009360	2011080	že prostě se ten příjem
2011080	2012200	daří plnit.
2012200	2017540	Čili to, co jsme si naplánovali,
2017600	2018620	s tím můžeme počítat.
2018860	2020780	Pro tu ekonomiku je strašně důležitý
2020780	2023760	kontinuita a jakási předvídatelnost,
2024020	2025600	což teďka
2025600	2027060	taky je potvrzeno,
2027160	2028400	což je dobrá zpráva.
2028600	2029960	Pro ty, co budou sestavovat
2029960	2032120	rozpočet příště,
2032200	2033520	že můžou se o něco
2033520	2036280	nějaké meziroční srovnání
2036280	2038560	a tak dále pracovat s těmi daty.
2039020	2040780	Samozřejmě můžeme se líšit v názoru,
2040880	2042360	co tam má být zahrnuto a co ne.
2042840	2043900	To si myslím, že je debata
2043900	2045280	potom v prosinci ohledně
2045280	2047240	sestavení rozpočtu na další období.
2048240	2050100	Já si myslím, že pro tuto chvíli
2050100	2051780	je strašně důležité opravdu
2051780	2053520	jednak pracovat,
2055520	2056280	řekl bych,
2056280	2058060	konzervativně
2058060	2059040	s těmi příjmy,
2059160	2059820	protože
2059820	2063320	přece jenom ta situace
2063320	2065920	je trošku taková turbulentní.
2066340	2067160	A druhá věc je,
2067300	2067800	vzhledem k tomu,
2067840	2069200	že nás čekají nějaké výdaje,
2069380	2071600	hlavně z ohledně dopravy,
2072040	2072980	tak aby jsme byli schopni
2072980	2074120	předvídatelně
2074120	2075500	ten rozpočet nastavit
2075500	2077480	minimálně v nějakém středně dobém horizontu,
2077560	2078660	což jsou 4-5 let.
2082820	2085220	Děkuji za tu odpověď
2085220	2086400	a nikdo další
2086400	2088200	se do diskuze nehlásí,
2088340	2089120	takže já poprosím,
2089200	2089980	pojďme hlasovat
2089980	2091260	o materiál číslo 4.
2102580	2104100	Pro 25,
2104580	2106420	materiál číslo 4 byl přijat.
2107060	2107960	Materiál číslo 5
2107960	2109340	jsou rozpočtová opatření,
2110000	2111080	navýšení a přesuny,
2112480	2113240	jsou k tomu dotazy.
2115220	2118040	Poprosím Janu Bazilovou.
2119580	2120460	Dobré dopoledne,
2120540	2121300	dámy a pánové,
2121360	2122660	já teda nemám žádný dotaz,
2122740	2123940	jenom bych chtěla nahlásit
2123940	2125620	střed zájmu ve všech bodech,
2125740	2126820	které se budou týkat
2126820	2128120	společnosti STESA
2128120	2129300	v dnešním programu.
2129640	2129980	Děkuji.
2131100	2131960	Dobrá, děkuji.
2133240	2135260	Níkdo další se do diskuze nehlásí,
2135360	2135840	takže prosím,
2135840	2137400	pojďme hlasovat materiál číslo 5.
2149000	2150360	Pro 25,
2150900	2153960	materiál číslo 5 byl přijat.
2154660	2156540	Materiál číslo 6 je poskytnutí
2156540	2158280	finančního daru
2158280	2160280	zboru hasičů.
2160700	2161860	Konkrétně se bavíme
2161860	2163560	o našich hasičích,
2163700	2165320	tady ne krajských,
2165420	2165720	to znám,
2165800	2167340	co se týká stanice ve Zlíně,
2168120	2171380	kdy po požáru 34. budovy
2171380	2173680	jsme s nimi vstoupili do jednání
2173680	2174880	a dohodli jsme se,
2175380	2178880	že s třeším
2178880	2180280	pomůžeme
2180280	2183360	nicméně napravit techniku
2183360	2184200	nebo vlastně věci,
2184360	2185720	které jsou v současné době
2185720	2186720	pro mě s otazníkem,
2187240	2188320	jestli budou mít hrazeny
2188320	2189240	z ministerstva
2189240	2191300	a samozřejmě bereme
2191300	2192220	a ta dohoda zní,
2192320	2194160	že pokud se ty věci
2194160	2195920	podaří jim získat
2195920	2197180	z rozpočtu státu,
2197720	2199380	tak tento dar jim samozřejmě
2199380	2200320	zůstane zachován
2200320	2201520	a bude použit
2201520	2202760	na nákup
2202760	2204620	provozních potřeb,
2204740	2205400	jako jsou například
2205400	2206200	ochranné obleky
2206200	2207960	nebo jiné pomůcky
2207960	2210680	pro sbor hasičů
2210680	2211720	tady na naší
2211720	2213140	Zlínské stanici.
2213140	2216240	Poprosím pana Dudáka.
2218360	2219320	Děkuji za slovo,
2219380	2220140	pane primátore.
2220280	2220740	Já jenom
2220740	2223220	technickou otázku mám.
2223340	2224060	Tam se hovoří
2224060	2225520	v těch dvou bodech,
2226280	2227420	že je to příspěvek
2227420	2228380	na techniku,
2228520	2229580	která byla poškozena
2229580	2230760	během toho zásahu,
2230960	2231820	kde jistě odbědli
2231820	2232660	skvělou práci.
2234300	2235200	Plně tomu nerozumím,
2235280	2235880	jestli jim vznikla
2235880	2236640	nějaká škoda
2236640	2237140	způsobená
2237660	2239140	nějakým
2239780	2240620	činitelem.
2240620	2242260	jestli bychom tu škodu
2242260	2243220	neměli vymáhat
2243220	2243800	potom,
2243920	2245580	kdo ten problém
2245580	2246240	způsobil
2246240	2247080	nebo jestli se to
2247080	2248040	nekryje z pojistky.
2250540	2251760	Ten stav je ten,
2251880	2253280	že by tam zbyla
2253280	2254300	nebo nějaká
2254300	2255020	výrazná škoda.
2255140	2255720	Je potřeba říct,
2255720	2257940	že na 34. budově
2257940	2260200	dle mých informací
2260200	2261120	první jednotka,
2261220	2262260	která na místo dorazila,
2262420	2263680	tak byly naši městčí
2263680	2265200	jako profesionální hasiči.
2265200	2266760	To znamená převážná
2266760	2267540	většina hadíc
2267540	2268280	a podobných věcí,
2268360	2269120	které tam zůstaly,
2269280	2270600	tak byly z našich
2270600	2272640	hasičář,
2272680	2273340	nebych to řekl.
2273940	2274740	A to je věc,
2274840	2275480	kterou jsme řešili
2275480	2276160	v rámci rady
2276160	2277020	do vybavení
2277020	2277660	jak naší
2277660	2278540	profesionální jednotky,
2278680	2279600	tak našich
2279600	2280660	dobrovolných hasičům,
2280740	2281520	kteří následně byli.
2282180	2283500	A bavíme se o část
2283500	2285080	kolem 2 milionů korun,
2285160	2285680	které jsme na to
2285680	2286460	vlastně uvolnili
2286460	2288040	jak na náhradu
2288040	2288580	té techniky,
2288580	2289680	tak na celé do vybavení.
2290380	2291620	K tomu vlastně
2291620	2292720	řešíme tady opravdu
2292720	2293780	krajské hasiče,
2294280	2294980	kteří samozřejmě
2294980	2296360	odvedli velký kus práce
2296360	2298360	a jsou tou prioritní sílou,
2298480	2299260	která vlastně potom
2299260	2299600	samozřejmě
2299600	2300320	celý ten požád
2300320	2300940	zase řešila.
2301600	2303040	A jsou tam
2303040	2304140	vlastně položky,
2304400	2306320	které jsou,
2306400	2308080	když to řeknu pro ně,
2308220	2309360	relativně standardní
2309360	2310200	pro zásah,
2310520	2311200	to znamená
2311200	2312500	více mě ten zákon
2312500	2313120	nebo respektive
2313120	2314760	jejich postupy,
2314840	2316140	principy počítají s tím,
2316240	2317460	že by to měly dostat
2317460	2318280	nahrazeno.
2318880	2319580	Ale je tam pořád
2319580	2320380	ten otazník,
2320460	2322500	protože jsou v té situaci,
2322620	2324080	kdy samozřejmě neví,
2324320	2325360	jestli to opravdu
2325360	2326240	reálně dostanou
2326240	2327200	nebo to prostě jim
2327200	2327800	bude řečeno,
2327920	2328940	tady si to odepište
2328940	2330980	a v nějakém příštím roce,
2331100	2331760	až budete řešit
2331760	2332640	provozní rozpočet,
2332680	2333440	jak si to dovybavte
2333440	2334000	a podobně.
2334920	2335960	Proto my jsme vlastně
2335960	2337420	zareagovali tímto způsobem,
2337580	2339360	že chceme,
2339480	2340240	aby ta jednotka
2340240	2340920	byla,
2341540	2342160	pro vož,
2342180	2342540	řeknu,
2342660	2343380	akce schopná
2343380	2344180	na 100%,
2344180	2344820	bych to řekl,
2344920	2345560	nebo jak se říká
2345560	2346600	na 110%,
2346600	2347420	protože seřejmě
2347420	2348360	na 100%
2348360	2349360	musí být pořád,
2349900	2350500	ale chtěli jsme,
2350660	2351340	aby ty věci
2351340	2352440	na ně nemuseli čekat,
2352520	2353000	nemuseli mít
2353000	2353760	s otazníkem.
2354260	2354820	Tím pádem
2354820	2356000	jsme se dohodli,
2356060	2356560	že ten dar
2356560	2357300	tady vlastně
2357300	2358040	jim dáme,
2358520	2359100	ale zároveň
2359100	2360080	proto jsme v tom daru
2360080	2360860	vlastně uvedli
2360860	2361800	a udělali jsme
2361800	2364020	ten druhý bod,
2364180	2364720	což je vlastně
2364720	2365960	na provozní potřeby
2365960	2367280	a to znamená,
2367420	2368580	že jsou schopni
2368580	2369520	vlastně za to
2369520	2370640	nakoupit věci
2370640	2371640	na dovybavení
2371640	2372380	těch hasičů,
2372480	2372940	kteří vlastně
2372940	2373900	na té stanici jsou,
2374500	2375120	například
2375120	2376200	třívrstvými obleky
2376200	2377180	a nebo nějakými
2377180	2378280	ochrannými pomůckami.
2378720	2379060	To znamená,
2379160	2379580	v případě,
2379680	2381360	že si jim to podaří
2381360	2382580	na ministerstvu,
2382800	2383180	případně
2383180	2384360	na jich nadřízných orgánech
2384360	2385660	opravdu získat
2385660	2387040	ve krátké době
2387040	2387980	ty finanční prostředky,
2388080	2388780	které by nahradili
2388780	2389580	ty věci,
2389580	2390420	které potřebují
2390420	2391760	z důvodu toho požáru
2391760	2392940	na 34. budově,
2393420	2395840	tak ty finanční prostředky,
2395840	2397640	které my dneska darujeme,
2398120	2399360	tak budou využity
2399360	2400820	ve prospěch vlastně
2400820	2401560	vybavení
2401560	2403700	naší stanice ve Zlíně.
2408060	2408760	Jsou k tomu
2408760	2409580	nějaké další dotazy?
2411420	2411980	Prostě jim
2411980	2413440	pana náměstka Vlofa.
2414560	2416320	Já bych chtěl poděkovat
2416320	2417580	panu privátorovi,
2418080	2419260	ale vy jste teďka
2419260	2420540	komentoval druhý bod,
2420660	2421600	který přijde až
2421600	2423440	s darem pro HZS,
2423440	2425780	tady tenhle bod
2425780	2426660	vlastně číslo šest
2426660	2428540	je poskytnutí daru
2428540	2429920	našemu sboru
2429920	2430800	dobrovolných hasičů.
2431860	2432600	My jsme už vlastně
2432600	2434320	během rady,
2434840	2436960	jasně po tom zásahu
2436960	2438180	té 34. budovy,
2439300	2440160	schválili odměnu
2440160	2440740	pro naše
2440740	2441620	dobrovolné hasiče
2441620	2442260	z města Zlína.
2443020	2443680	Tam byla částka
2443680	2444720	asi 800 tisíc
2444720	2446280	a většina těch jednotek
2446280	2447640	splňovala tu částku,
2447760	2448840	která se dala
2448840	2449940	odsouhlasit na radě.
2450340	2451160	A pouze štípa
2451160	2452200	má tu částku výšší,
2452280	2453080	protože tam byly
2453440	2454080	dlouhou dobu,
2454160	2455220	ten zásah byl dlouhý,
2455360	2456260	střídali se tam vlastně
2456260	2457620	u cisterny pouze
2457620	2458780	hasiči,
2459240	2460280	takže to je poslední
2460280	2461740	zbytek z těch darů,
2461840	2462720	který ještě nebyl
2462720	2464200	dořešený
2464200	2464540	a je potřeba
2464540	2465360	to tady dneska schoválit.
2466780	2467520	Moc káro děkuji
2467520	2468260	za tu opravu,
2468360	2469300	já se moc ovlouvám všem,
2469380	2469880	já jsem přišel
2469880	2470780	nadpis dar hasičů,
2470860	2471940	tak jsem automaticky bral,
2472020	2472720	že to je tady ten
2472720	2473800	pro krajské,
2473880	2474620	takže moc káro děkuji
2474620	2475380	za to doplnění,
2475780	2476520	takže toto je vlastně
2476520	2476980	ten dar,
2477120	2477240	který,
2477300	2477760	jak jsem říkal,
2477820	2478440	že jsme uvolenili
2478440	2479280	našim hasičům
2479280	2479880	z toho částku
2479880	2480960	zhruba s kolem
2480960	2481700	dvou milionů korun,
2481760	2482300	tak toto je jedna
2482300	2482880	z těch položek,
2482980	2483360	kterou vlastně
2483360	2484240	my jsme nebyli schopni
2484240	2485320	schválit v radě,
2485400	2485760	protože,
2485840	2486860	jak říká pan náměst,
2486920	2487600	tak už to bylo vlastně
2487600	2488280	výšší než
2488280	2489620	na co má rada gesty,
2489720	2490420	takže tento bod
2490420	2491300	číslo šest je
2491300	2492760	týkající se tady
2492760	2493480	tohoto,
2493580	2493920	řeknu tady
2493920	2495020	tohoto do vybavení
2495020	2496360	a bod číslo sedm
2496360	2496600	mě to,
2496640	2497660	co jsem já komentoval,
2497840	2498280	to je vlastně
2498280	2498720	ten dar
2498720	2499920	těm krajským hasičům,
2500020	2500420	omlouvám se
2500420	2502300	za mou chybu.
2503500	2504220	Poprosím ještě
2504220	2504800	náměstka
2504800	2505480	Mirka Chalánka.
2506700	2506900	Tore,
2507080	2508120	já jenom v rychlosti,
2508940	2510180	určitě se tím
2510180	2510780	budeme zabývat,
2510840	2511760	jestli tam vzniká
2511760	2513220	nějaký pojistný nárok
2513220	2514540	jako v těch věcech.
2515020	2516220	Jinak ten rozklad,
2516480	2517760	rozklad komu
2517760	2519740	na co dáváme peníze
2519740	2521460	je rozpočtové opatření,
2522080	2523100	které jsme schválovali
2523100	2524280	tabulka číslo 13,
2524280	2525940	nás, rozpočtové opatření
2525940	2527540	34, tak se tam vidíte
2527540	2528340	ten rozklad jako
2528340	2529240	co na co je
2529240	2530440	i s komentářem
2530440	2533380	na co je to použité.
2536240	2537800	Morská děkuji za to doplnění
2537800	2539740	a jsou k tomu nějaké dotazy?
2542320	2543660	Do diskuze se nikdo nehlásí,
2543740	2544520	tak teda prosím pojďme
2544520	2544940	hlasovat
2544940	2546340	bod číslo 6.
2554280	2558840	pro 35.
2559440	2560440	Materiál číslo 6
2560440	2561200	byl přijat.
2561340	2562140	Materiál číslo 7
2562140	2562780	je poskytnutí
2562780	2563740	finančního daru
2563740	2564580	tentokrát už,
2564620	2565280	jak jsem říkal,
2565940	2567200	z Asickému záchrannému zboru
2567200	2568060	z Línského kraje.
2569760	2570540	Tak vysvětlení
2570540	2571300	už máme za sebou.
2572860	2573680	Tak poprosím,
2573720	2574280	jestli jsou k tomu
2574280	2574920	nějaké dotazy.
2576320	2577460	Poprosím pana Mitáčka.
2577460	2580660	Děkuji, pane primátre,
2580720	2581040	za slovo,
2581120	2582220	drahé kolegyně Kulagové.
2584700	2586040	Já jsem si to chtěl nechat
2586040	2587160	v to vystoupení svoje
2587160	2588020	k oběma bodům,
2588100	2588800	samozřejmě jenom jednou,
2588860	2589340	abych se pořád
2589340	2589980	nepřihlašoval.
2590880	2591360	Tak jenom tady
2591360	2592700	doplnění předchozí diskuze,
2592820	2594540	samozřejmě vyslaná jednotka
2594540	2596160	zasahující pod jednotným
2596160	2597840	velením hasičského záchranného zboru,
2598340	2599080	to znamená jednotka
2599080	2600200	i dobrovolných hasičů,
2600900	2602180	tak její zásah
2602180	2603440	samozřejmě žádné pojistce
2603440	2604640	nepodlejá a škody,
2604800	2605500	které vzniknou,
2606120	2607460	jsou na úkor
2607460	2609100	toho zásahu státu
2609100	2609640	nebo města.
2611100	2612220	Jenom taková technikália.
2612640	2613840	Nicméně teď se ale vrátím
2613840	2614960	k tomu,
2616860	2617680	jakým způsobem
2617680	2618260	se přistoupili
2618260	2619440	k podpoře těch hasičů
2619440	2620900	a protože
2620900	2623680	k němu připojili
2623680	2625840	svůj komentář
2625840	2626920	a připojujete
2626920	2627760	i své finance,
2628560	2629900	tak musím na to reagovat.
2629900	2634400	Vývoj pro mě osobně
2634400	2635140	vzhledem k tomu,
2635180	2635800	co jsme tady měli
2635800	2636960	na minulém zastupitelstvu
2636960	2637960	a následně město
2637960	2639360	bylo vystaveno
2639360	2639960	vlastně
2639960	2641480	událostí,
2641540	2642720	která je natolik mimořádná,
2642820	2643980	že nemá v historii
2643980	2645620	této země obdoby,
2645720	2646520	to znamená požár
2646520	2647160	výškové budovy
2647160	2648240	a následně její zřícení,
2648300	2649360	nemáme takovou zkušenost,
2650860	2651960	tak už v době
2651960	2652720	toho zásahu
2652720	2653480	jsem byl ve spojení
2653480	2654400	s panem Hejtmanem,
2655260	2655880	s ředitelem
2655880	2656920	hasičů krajských
2656920	2659240	a snažil jsem se pro ně
2659240	2661260	získat finanční podporu
2661260	2662960	a mým cílem bylo
2662960	2663760	získat podporu
2663760	2665080	ve výši jednoho milionu korun.
2666920	2668320	Město k tomu přistoupilo
2668320	2669240	a přistupuje dnes
2669240	2669900	s návrhem
2669900	2671720	poloviny této částky.
2672420	2673780	Hejtmanství na sebe
2673780	2674880	vzalo ten zbytek
2674880	2676140	do toho jednoho milionu korun
2676140	2677320	s tím, že ještě k tomu
2677320	2678760	připočítávám ten příspěvek,
2678900	2680160	který byl na minulém zastupitelstvu.
2680160	2682840	A protože to není malá částka,
2683220	2684780	je to velká symbolika
2684780	2686900	a velký dar,
2687480	2689240	tak je na místě vám poděkovat samozřejmě.
2691040	2692760	Nebudu dneska vůbec komentovat to,
2692820	2695220	jakým způsobem ten proces proběhl,
2695860	2697220	nezaslouží si to dnešní
2697220	2698380	poslední zastupitelstvo
2698380	2700780	ani ta důstojná chvíle toho,
2700840	2701840	že pro někoho je to možná
2701840	2703000	poslední zastupitelstvo
2703000	2704300	v jeho politické kariéře.
2705580	2706740	Proto mi dovolte,
2706880	2707920	abych vám tedy poděkoval
2707920	2708720	za tento přístup,
2708720	2709960	děkuji za podporu hasičů,
2709960	2711580	za náhradu věcí,
2711780	2712700	které tam nechali,
2712840	2714960	ztratili a nebo byly poškozené.
2715700	2716540	V skutečnosti je to,
2716600	2717500	co jste už nastínili
2717500	2718740	v tom popisu toho procesu,
2718860	2721280	že ano, hasiči mohou být
2721280	2723260	sanováni za ztrátu této techniky
2723260	2723920	nebo vybavení,
2724060	2725880	nicméně ten proces je poměrně dlouhý,
2726380	2727380	bývá až součástí
2727380	2729100	následných rozpočtů a návrhů.
2729580	2730000	To znamená,
2730080	2730920	tento náš přístup,
2731000	2731840	tato rychlá pomoc
2731840	2734400	je vlastně sanace a možnost,
2734600	2736280	aby si tu techniku pořídili
2736280	2739040	a dovybavili se co možná nejdříve.
2739880	2741700	Takže ještě jednou za mě poděkování.
2741840	2742080	Jsem rád,
2742140	2743420	že se pro mě osobně
2743420	2744980	i pro hasiče podařilo naplnit
2744980	2748000	ten slibovaný dar
2748000	2749600	v té výši toho jednoho milionu korun.
2749600	2751380	Bavím se o profesionálních hasičích
2751380	2752660	a poděkování tedy
2752660	2754520	jak radě města,
2754840	2756480	tak radě žlínského kradě.
2757260	2759260	Potažmo dnešním zastupitelům BOKUT.
2759360	2759980	Toto schválíme.
2760040	2760260	Děkuju.
2763660	2765680	Morská děkuju za ten přístup.
2765860	2766460	Každopádně,
2766600	2767320	abych jenom chtěl říct,
2767320	2768900	že vlastně o tom jenom zastupitelstva
2768900	2770780	se řebně uběhla ještě nějaká doba
2770780	2772460	včetně kusů práce.
2772700	2773320	To znamená,
2773880	2775300	byli jsme také jednání s hasičem
2775300	2776340	a nějakým způsobem
2776340	2777380	jsme si vyříkali ty věci,
2777560	2778160	které probíhaly.
2778300	2779400	Takže myslím si,
2779500	2780480	že ta situace je
2780480	2783520	mezi městem a krajskými hasiči
2783520	2784840	na konstruktivní,
2785120	2786000	stabilní úrovni.
2786900	2787800	A je potřeba říct si,
2788160	2789540	že krajské hasiče
2789540	2790580	jsme například v loňském roce
2790580	2791700	potvořili také částkou
2791700	2793100	kolem milionu korun a tak dál.
2793100	2793720	To znamená,
2794080	2794440	myslím si,
2794560	2796260	že město Zlín vůči krajským hasičům
2796260	2798140	vychází dlouhodobě vstříc,
2798140	2799600	minimálně v tomto hlavním období,
2800040	2801740	kdy ty částky jsou pravidelně,
2801900	2804260	pravidelně prostě v minimální část,
2804380	2805540	takovým těch 500 tisíc
2805540	2807440	a letos to v tom součtu
2807440	2808240	bude vlastně také.
2808360	2809520	Takže myslím si,
2809640	2810820	že ta spolupráce je dobrá.
2811020	2812240	Prostě některé věci se,
2812540	2812960	když to řekl mu,
2813000	2813660	neúplně povedly,
2813740	2814980	na druhou stranu jsme si je vyříkali,
2815140	2816140	takže za mě pokračujeme
2816140	2817640	normálně konstruktivně dál.
2817840	2819160	Takže myslím si,
2819400	2820880	že je to jedině správně.
2821380	2822360	Poprosím pana Juráše.
2822360	2825720	Dobrý den, dámy a pánové.
2826120	2828120	Děkuji panu primátorovi za slovo.
2828620	2829880	My si samozřejmě vážíme
2829880	2831720	té podpory ze strany města,
2831880	2832500	kterou poskytuje
2832500	2834240	hasičskému záchrannému zboru,
2834620	2836780	ať už jeho profesionální části
2836780	2838300	nebo zboru dobrovolných hasičů,
2838500	2839920	které financuje město Zdlín.
2840760	2842400	Zásah byl z naší strany
2842400	2844320	vnímán jako velmi profesionální,
2844980	2845560	byl dobrý.
2846280	2847900	Ta zmínka o náhradě škody,
2847900	2849440	já si snad dovolím drobně
2849440	2851940	pana Mitáčka poupravit.
2852360	2853660	Protože to není tak,
2853760	2856380	jak říká v zásadě.
2856480	2857540	Ano, samozřejmě,
2857600	2859420	že si platíme daně právě proto,
2859600	2861100	aby jsme tam nelítali z křížbary vody
2861100	2863140	a nehasili tu věc sami,
2863540	2865920	ale známe také excesici protiprávnost.
2866360	2868720	Inými slovy, zapálíš-li si to sám,
2869360	2871020	pak po tobě budeme chtít tu škodu,
2871140	2872200	kterou jsi způsobil.
2872580	2874260	Skočíš-li do rozbouřené řeky,
2874320	2875400	aby jsi si zaplaval,
2875400	2877860	tak po tobě budeme chtít ty náklady,
2878000	2878980	které nám vzniknou
2878980	2881280	z hlediska integrovaného záchranného systému.
2881660	2883140	Zde to ještě rozlišeno nemáme.
2883600	2884660	To znamená, nevíme,
2884780	2886280	zda asi, či budou žádat
2886280	2887860	z hlediska té protiprávnosti
2887860	2888760	nějakou náhradu,
2888840	2890760	která byla způsobena případně excesem,
2891160	2892400	ať už vlastníka budou výčin
2892400	2893580	některého z těch uživatelů.
2893960	2894900	A to je jenom to doplnění.
2895160	2895540	Děkuji moc.
2895540	2899180	Děkuji za to doplnění.
2899340	2900640	Já možná mám pro vás informaci.
2900780	2902180	Vyšetřování samozřejmě probíhá,
2902300	2904180	jsou vyšetřovány různé scénáře
2904180	2906520	a předpoklad je,
2906760	2908140	že nebude to vyšetřování
2908140	2910060	ukončeno dříve než v březnu příštěho roku,
2910220	2911440	protože samozřejmě ta situace
2911440	2912520	není úplně jednoduchá.
2913520	2914420	A vlastně tím,
2914500	2915540	že se ta budova zřítila,
2915540	2917160	tak samozřejmě jakékoliv důkazy
2917160	2919940	jsou v těch sutinách
2919940	2923880	a o to víc těžko prokazutelné
2923880	2925140	u případného soudu.
2925140	2927280	Takže situace není úplně jednoduchá
2927280	2927960	v tomto hledu,
2928100	2930160	každopádně za mě to hlavní je,
2930260	2931180	že se nikomu nic nestalo,
2931700	2933440	což považuji nikoli za malý,
2933500	2934480	ale za velký zázrak
2934480	2935120	a myslím si,
2935260	2936280	že za to zaslouží všichni
2936280	2937300	velké poděkování
2937300	2938360	a i poděkování,
2938420	2938880	jak se říká,
2938960	2939880	trošku tomu štěstí,
2940100	2941780	že v těch situacích,
2941780	2943880	kdy padaly kusy objektů,
2943900	2944860	že to nikomu netrefilo,
2945020	2945620	takže myslím si,
2945840	2948180	že velké poděkování na místě
2948180	2949060	a věřím tomu,
2949060	2952200	že zase nás to všechny
2952200	2953320	posune o kousek dál
2953320	2954340	až už přístupu
2954340	2955620	mnoha věcem
2955620	2956440	a věřím tomu,
2957280	2959620	že se v budoucnu
2959620	2960940	s takovým požáry nepotkáme,
2961040	2962260	že se asi nepřijeme nic jiného.
2963160	2963880	Vyská děkuji.
2964880	2965440	Poprosím
2965440	2967140	náměstka Mirka Chalánka.
2967140	2970460	Já děkuji za slovo,
2970600	2971140	paní primátore.
2971540	2972020	Já jenom,
2972220	2973120	protože vlastně
2973120	2973840	v tomto,
2974980	2975860	v této sestavě
2975860	2976520	tady sedíme
2976520	2977680	naposledy,
2978100	2979020	tak si dovolím
2979020	2980480	takovou bilanci toho,
2980920	2981920	protože minulé jsme se bavili,
2982060	2983920	kdokoliv dává peněz
2983920	2984760	krajským hasičům
2984760	2985260	a tak dál.
2985720	2986260	Tak v momentě,
2986320	2987600	kdy schválíme tento materiál
2987600	2988940	zahrnujících 500 tisíc,
2989060	2990540	tak za toto volební období
2990540	2991840	jsme krajským hasičům,
2991900	2993260	krajským hasičům
2993260	2993980	poskud ty dary
2993980	2994500	vyvýšit
2994500	2996660	1 372 tisíc korun.
3000840	3002380	Dobrá, děkuji za to doplnění,
3002780	3003720	což potvrduje to,
3003780	3004400	co jsem říkal,
3004520	3005500	že jsme rozhodně víc
3005500	3006640	než na půl milinu ročně
3006640	3008500	a takže si myslím,
3008620	3010060	že určitě nemáme
3010060	3010960	za co stydět.
3011320	3011760	Poprosím,
3011960	3012100	pana,
3012400	3013260	ještě poprosím nám
3013260	3013920	jezka pan Hlavrát,
3013980	3015080	jenom zkazatechnickou.
3016100	3016940	Dobré odpoledne,
3017000	3018220	já jsem jenom hlasoval,
3018300	3018720	jsem samozřejmě
3018720	3019420	pro tento dár
3019420	3020620	a jenom se to nezaznamenalo
3020620	3021220	v tom záznamu,
3021300	3021780	takže prosím,
3021880	3023220	aby to můj
3023220	3025300	můj souhlas samozřejmě
3025300	3026340	s poskytuním tohoto daru,
3026400	3027580	aby to bylo upraveno
3027580	3028280	v tom hlasování.
3028380	3028580	Děkuji.
3030340	3031300	Jo, to se týká
3031300	3032100	bodu číslo 6,
3032220	3032520	prosím,
3032520	3034140	že se to asi
3034140	3035480	dáme si pozorat,
3035560	3036180	co to zaznamená,
3036340	3036680	případně,
3036760	3037340	že by tam nějaká
3037340	3038220	technická závada,
3038340	3039360	tak to určitě budeme řešit.
3039920	3040440	Poprosím,
3040660	3041600	pana Česmíra Vančuru.
3043320	3044360	Děkuji, pane primátore,
3044600	3045040	já myslím,
3045100	3045920	že v tom děkování,
3046000	3047700	že bychom mohli poděkovat
3047700	3048920	nebo měli poděkovat
3048920	3050660	také občanům,
3050740	3052840	kterých si ten požar dotknul.
3052960	3054400	Některý poměrně výrazně
3054400	3055960	omezili jich podnikání.
3056580	3056840	Myslím,
3056840	3058700	že to v celku
3058700	3060200	zvládli dobře,
3060400	3061960	takže určitě patří
3061960	3064260	i jim uznání.
3065400	3065840	Děkuji.
3067300	3068040	Určitě ano,
3068200	3068660	já si myslím,
3068880	3070080	že my bych chtěl
3070080	3070780	to děkování
3070780	3071740	mít cožká toho požaru
3071740	3072720	z celé té čtvrté budovy.
3072920	3073300	Já si myslím,
3073420	3075760	že je na místě.
3075760	3078420	můžeme s lidícem se podívat,
3078520	3079300	no se rád děkovali to,
3079360	3080620	že už ta budova je úplně dole,
3080680	3081720	že už to nikoho neohrožuje.
3081900	3082680	To taky můžeme říct,
3082740	3083860	že je tak velice dobře,
3083940	3084460	že to se to půjde
3084460	3085440	za tak krátkou chvíli.
3086400	3086740	Myslím si,
3086860	3088200	že té práce odvedené
3088200	3089580	od začátku
3089580	3090500	až do současné doby
3090500	3091520	je tam opravdu hodně.
3092520	3093580	A věřím tomu,
3093660	3096460	že já vždycká jsem se vyjadřoval
3096460	3097120	i do těch médií,
3097180	3098260	když se na to všichni měs čišní ptali,
3098400	3098900	tak já říkám,
3098900	3100020	že jediné, co si přeji,
3100100	3100940	je, aby tím,
3101020	3101900	že už se nikomu nic nestalo,
3101980	3102580	za což jsem rád,
3102700	3104460	takže v této lokalitě
3104460	3105560	nevznikne další prluka
3105560	3106820	a bude tam co nejdříve
3106820	3108420	opravdu nějaká stavba,
3108520	3109420	která bude ku prospěchu
3109420	3110380	rozvoje města Zlína,
3110780	3111360	ať už občanů,
3111420	3112140	tak podnikání.
3113300	3114440	A poprosím náměstka
3114440	3115200	pana Wolfa.
3117400	3117920	Děkuji.
3118180	3119320	Já bych možná ještě doplnil
3119320	3120960	tu podporu HZS,
3121120	3122480	není jenom ta finanční,
3122880	3123320	peněžní,
3123840	3125540	ale aktuálně máme
3125540	3127020	před memorandem
3127020	3128640	z lesama města Zlína,
3129260	3130280	které budou vlastně
3130280	3132740	moct hasiči využívat
3132740	3133440	při kurzu
3133440	3136860	vlastně na motorovou pilu,
3138080	3139680	takže je to docela náročné
3139680	3140300	jak časově,
3140380	3142460	tak na počet těch zhozených stromů,
3142460	3144340	na počet instruktorů,
3144960	3146500	takže je to takový
3146500	3147440	jeden z těch věcí,
3147480	3148760	co my se jim snažíme víc říct,
3148800	3149720	aby nemuseli jezdit někde
3149720	3150480	na kromě řízko
3150480	3151520	nebo na hostínské vrchy,
3152020	3153280	ale budou vlastně tady ty kurzy
3153280	3154200	dělat přímo ve Zlíně
3154200	3156220	na našich lesích okolí vlastně,
3156220	3157580	jak kdyby té jejich centrální stanice.
3159740	3160980	Dobrá, moc krát děkuju
3160980	3162460	za potvrzení
3162460	3163780	a za informace,
3163860	3164600	jak hledám potvrzení to,
3164640	3165800	že ta spolupráce funguje.
3166300	3167060	My jsme za to rádi
3167060	3169900	a myslím si,
3169900	3172080	že nikdo si nepřeje nic jiného,
3172160	3173360	než aby ta spolupráce
3173360	3173880	se složkama
3173880	3175140	integrovanou záchrannou systému
3175140	3176440	byla velice dobrá
3176440	3177760	a zároveň,
3177880	3179040	abychom je ideálně
3179040	3180240	nikdo nikdy nepotřebovali.
3181700	3182020	Tak,
3182420	3184000	nikdo další se diskuse nehlásí,
3184460	3185160	poprosím,
3185160	3185920	pojďme hlasovat
3185920	3186960	o materiál číslo 7.
3197960	3199580	Pro 36.
3200520	3201800	Materiál číslo 7
3201800	3203560	byl přijat.
3204120	3205140	Materiál číslo 8
3205140	3205940	jsou výsledky
3205940	3206500	hospodaření
3206500	3207620	obchodních společností
3207620	3208640	a obecně
3208640	3209640	prospešných společností
3209640	3210500	s majetkou účastí
3210500	3211160	města Zlína.
3211880	3212720	Jsou k tomu dotazy.
3212720	3217480	Nikdo se do diskuze nehlásí,
3217580	3217840	prosím,
3217920	3218520	pojďme hlasovat
3218520	3219600	materiál číslo 8.
3219600	3234440	Pro 25.
3234760	3236140	Materiál byl přijat.
3237180	3238000	Materiál číslo 9
3238000	3238540	jsou výsledky
3238540	3239080	hospodaření
3239080	3240040	k 30. 6.
3240480	3241640	2026.
3241840	3243080	Příspěchových organizací
3243080	3243820	s řizovaným,
3243820	3244460	s řizovaným
3244460	3245040	statutárním
3245040	3245780	městem Zlínem.
3246400	3247160	Jsou k tomu dostazy.
3247340	3248460	Poprosím pana Dudáka.
3248460	3252340	Děkuji za slovo,
3252420	3253120	pane primátore.
3253220	3254240	Má největší obava
3254240	3255300	je logicky
3255300	3257280	hledně dopravního podniku,
3257420	3258240	který je náš
3258240	3259920	největší,
3261440	3262600	finančně nejvíce
3262600	3264140	podporovaná společnost.
3264460	3264740	Vidím,
3264840	3265540	že se letos
3265540	3266900	ten hospodářský výsledek
3266900	3267780	zmenšil
3267780	3268820	o 9 milionů
3268820	3270300	vůči
3270300	3271600	prvnímu polovětí
3271600	3271820	roku
3271820	3272660	25.
3272660	3274500	pět
3274500	3275520	a při tom
3275520	3276400	výnosi
3276400	3276940	rostly
3276940	3278460	asi o nějakých
3278460	3279320	pět procent.
3280320	3280920	Významně tam
3280920	3282060	rostou osobní náklady.
3282280	3282500	Já jsem
3282500	3283800	úplně sem nedohledal
3283800	3284100	teď
3284100	3285140	informací,
3285320	3285620	kolik
3285620	3286380	my jsme tam
3286380	3287900	dali tu naši podporu,
3288780	3289340	ať formou
3289340	3290040	příspěvku,
3290120	3290400	nebo
3290400	3291100	dokrytí
3291100	3291940	prokazatelné
3291940	3292480	ztráty,
3292640	3293380	jestli je stejná
3293380	3293940	jako v prvním
3293940	3294380	polovětí
3294380	3295280	loňského roku,
3295420	3295700	pak když
3295700	3296480	tomu tak je,
3297340	3298380	tak jestli je tam
3298380	3299420	nějaká aktivita
3299420	3300640	na úspory,
3300740	3301600	protože úspory
3301600	3302160	vidíme
3302160	3303400	v pohledu
3303400	3304220	investic,
3304400	3305360	že na energie
3305360	3305800	klesla
3305800	3306060	zhruba
3306060	3306940	4 miliony,
3307040	3307280	což je
3307280	3307900	pravděpodobně
3307900	3308180	dané
3308180	3310080	elektrofikaci,
3310220	3310920	prostě
3310920	3312820	elektrickým
3312820	3313680	pohonem,
3313780	3314160	několik
3314160	3314900	těmi
3314900	3315620	spalovacími
3315620	3316020	motory,
3317280	3318620	ale úspory
3318620	3319120	jiné
3319120	3319740	tam nevidím.
3319840	3320200	Děkuji.
3321100	3325920	Já poprosím
3325920	3326500	náměstka
3326500	3327380	Mirka Chalánka.
3330740	3332360	My v tuto chvíli
3332360	3333200	to bereme
3333200	3334160	jako průběžné
3334160	3335320	hodnocení
3335320	3335680	těch
3335680	3336860	toho
3336860	3338920	hospodářského
3338920	3339500	výsledku.
3341740	3343320	Já bych řekl,
3343420	3344560	že nepočítáme,
3344840	3345700	že by stráta
3345700	3346160	se pohla
3346160	3347100	mimo schválený
3347100	3347640	rozpočet
3347640	3348320	a v tuto chvíli
3348320	3348900	ani nemáme
3348900	3349760	takové indicie.
3351100	3356480	Dobrá,
3356560	3356800	moc krát
3356800	3357040	děkuju
3357040	3357800	za to doplnění.
3358920	3359400	Níkdo další
3359400	3360060	se do diskuze
3360060	3360720	nehlásí,
3360920	3361140	tak
3361140	3362120	prosím,
3362220	3362680	pojďme hlasovat
3362680	3363640	materiál číslo 9.
3363640	3377340	pro 27,
3377760	3378660	materiál číslo 9
3378660	3379360	byl přijat.
3379740	3380580	Materiál číslo 10
3380580	3381780	je změna číslo 11
3381780	3382720	z řizovací listiny
3382720	3384340	naší ZOO.
3384340	3386940	jsou k tomu dotazy.
3389300	3390040	Níkdo se do diskuze
3390040	3390640	nehlásí,
3390720	3391080	tak prosím,
3391180	3391720	pojďme hlasovat
3391720	3392740	materiál číslo 10.
3404160	3405360	Pro 35,
3405720	3406600	materiál číslo 10
3406600	3407300	byl přijat.
3407720	3408820	Materiál číslo 11
3408820	3410100	je projekt
3410100	3411000	podpora řízení
3411000	3412220	IT a jazlínské aglomerace.
3412220	3416220	jsou k tomu
3416220	3417300	další dotazy.
3419500	3420780	Níkdo se do diskuze
3420780	3421360	nehlásí,
3421440	3421800	tak prosím,
3421900	3422480	pojďme hlasovat
3422480	3424220	materiál číslo 11.
3435040	3436320	Pro 25,
3436580	3437440	materiál číslo 11
3437440	3438220	byl přijat.
3438860	3439900	Materiál číslo 12
3439900	3440460	týkající se
3440460	3441340	implementace
3441340	3443460	integrované územní
3443460	3443960	strategie
3443960	3444840	zlínské aglomerace
3444840	3446800	a tradiční materiál,
3446920	3447780	který tady mýváme,
3448320	3449100	jsou k tomu dotazy.
3451740	3452900	Nikdo se do diskuze
3452900	3453520	nehlásí,
3453620	3453960	tak prosím,
3454060	3454580	pojďme hlasovat
3454580	3455900	materiál číslo 12.
3466680	3468020	Pro 26,
3468220	3469060	materiál číslo 12
3469060	3469800	byl přijat.
3470360	3471420	Materiál číslo 13
3471420	3473500	je jeden z prvních bod
3473500	3474320	týkající se
3474320	3475440	změny územního plánu
3475440	3476180	číslo 7,
3476320	3478740	kdy tímto bodem
3478740	3480140	rozhodujeme o rozdělení
3480140	3481660	vlastně té změny,
3481740	3482940	kterou my jsme schvalovali
3482940	3484560	na minulém zastupitelstvu,
3484640	3485160	že schvalujeme,
3485280	3486980	že se změna udělá,
3487060	3487400	to znamená,
3487480	3488460	schvalovali jsme pořízení,
3488640	3489400	ale vlastně my jsme to
3489400	3490040	jako v celku,
3490160	3491220	takže teďka rozhodujeme
3491220	3491520	o tom,
3491600	3492260	že se to rozdělí
3492260	3493260	na jednotlivé části
3493260	3493900	ABT.
3493900	3495660	Jsou k tomu dotazy?
3497660	3499040	Nikdo se do diskuze nehlásí,
3499120	3500100	tak prosím pojďme hlasovat
3500100	3501360	materiál číslo 13.
3512240	3513560	Pro 30,
3514020	3515080	materiál číslo 13
3515080	3515800	byl přijat.
3516160	3516900	Materiál číslo 14
3517580	3519140	je účení zastupitele
3519140	3520860	ke spolupráci
3520860	3521700	s pořizovatelem
3521700	3523480	pro pořízení změny.
3524820	3526540	Já bych tady jenom poprosil
3526540	3528360	o drobnou změnu
3528360	3529660	v usnesení,
3529780	3530700	protože vzhledem k tomu,
3530780	3532800	že máme poslední zastupitelstvo
3532800	3533840	a blíží se nám volby,
3534020	3534940	tak my v současné chvíli
3534940	3535780	tam máme napsané,
3535920	3537060	že se to má týkat
3537060	3538560	konkrétně
3538560	3540080	pana náměstka Pavla Brady
3540080	3541640	a já jenom poprosím,
3541720	3542660	aby se to zobecnilo
3542660	3543560	do té podoby,
3543560	3545700	že to bude člen
3545700	3546960	zastupitelstva,
3547540	3548560	který bude mít právě
3548560	3549620	to dané pověření,
3549980	3551980	abychom to pak nemuseli
3551980	3552600	se hned měnit
3552600	3553940	na všem dalším zastupitelstvu.
3554100	3554800	Takže jenom poprosím,
3555240	3555560	myslím si,
3555640	3556320	že je to logické
3556320	3557740	a že se to takto zobecní
3557740	3559860	a není to nic proti ničemu
3559860	3560340	a uvidíme,
3560420	3560920	kdo to bude mít
3560920	3561380	v tom další
3561380	3562440	vloubní období v gesty.
3564180	3565200	Poprosím pana Juráše.
3566460	3567580	Děkuju, pane primátore.
3568060	3569120	Já to jel odlehčím.
3569280	3570160	My jsme si taky říkali,
3570240	3570920	jestli víte něco,
3570920	3571680	co nevíme my
3571680	3573700	z hlediska nadcházejících voleb,
3573700	3575880	ale třeba zpřeba Pavloji
3575880	3576540	se to podaří
3576540	3576820	i vzhledem,
3576900	3577880	myslím na kandidátce.
3578840	3580860	Jak bude to pověření vypadat?
3581160	3582120	Jako vybere ho rada
3582120	3583060	nebo budeme znovu
3583060	3583720	o tom hlasovat
3583720	3584760	jako zastupitelstvo?
3586820	3587620	Vypadá to tak,
3587720	3588060	že vždycky
3588060	3589720	na ústavujícím zastupitelstvu
3589720	3590520	se schvaluje
3590520	3590900	vlastně,
3590960	3591480	se schvalují
3591480	3592280	jednotlivé posty
3592280	3593780	v radě,
3594300	3595120	včetně gestí.
3595680	3596360	Takže tím pádem
3596360	3597400	vlastně u někoho,
3598100	3599500	některého člena rady
3599500	3601380	potažmo se může stát,
3601380	3602240	že může být dohoda,
3602300	3603780	že to bude některý ze zastupitelů,
3604180	3604940	tak vlastně v rámci
3604940	3605600	tady té dohody
3605600	3606660	té budoucí koalice
3606660	3607280	se řekne,
3607380	3608100	kdo bude mít věsty
3608100	3608860	územní plán
3608860	3610760	a jenom říkám obecněji,
3610820	3611280	není to,
3611740	3612240	pokud vím já,
3612380	3613740	jenom svázané
3613740	3614780	s vyloženě přímo
3614780	3616420	se členský v radě,
3616900	3617200	ale
3617200	3619320	bude o tom hlasovat
3619320	3620720	potom budoucí zastupitelstvo
3620720	3621300	města Zína
3621300	3622360	a ta geste
3622360	3623280	vlastně bude přidělená
3623280	3624160	zastupitelstvem.
3627280	3627720	Poprosím,
3627760	3628200	jestli jsou k tomu
3628200	3629120	nějaké další dotazy.
3631080	3632380	Nikdo se v diskuze nehlásí,
3632480	3632800	tak prosím,
3632900	3633540	pojďme hlasovat
3633540	3634660	materiál číslo 14
3634660	3635820	tou úpravou,
3635940	3636240	která jenom
3636240	3636880	zobecní
3636880	3637960	toho,
3638140	3638620	říkám,
3638680	3639440	toho člověka
3639440	3640260	budoucího
3640260	3641020	tady to my v GESCI.
3652860	3654080	Pro 33,
3654420	3655520	materiál číslo 14
3655520	3656260	byl přijat.
3656260	3658440	materiál číslo 15
3658440	3660100	je schvální zadání
3660100	3661320	změny číslo 7a.
3661580	3662480	7a,
3662560	3663440	jak jsem už říkal,
3663540	3664640	v rámci diskuze občanů
3664640	3665420	se týká pouze
3665420	3666560	textových částí.
3667400	3668160	Jsou k tomu dotazy.
3669940	3671360	Nikdo se v diskuze nehlásí.
3671600	3672000	Poprosím,
3672080	3672560	pana Jandu.
3674040	3674740	Mohl bych tam mít
3674740	3675420	střed zájmu,
3675540	3676860	tak hlasím střed zájmu,
3676920	3677180	prosím.
3678180	3678380	Jo,
3678480	3679300	já si myslím,
3679420	3680160	že střed zájmu
3680160	3681400	bude až v tom dalším materiálu,
3681480	3682120	ale to nevadí,
3682200	3683020	prostě obecně to,
3683100	3684140	obecně beru,
3684140	3686160	že je nahlášen střed zájmu
3686160	3688000	k bodům týkajících se
3688000	3688800	územního plánu.
3689220	3689680	Děkuju moc.
3690840	3691160	Tak,
3691680	3693200	nikdo další se do diskuze nehlásí,
3693300	3693660	tak prosím,
3693740	3694220	pojďme hlasovat
3694220	3695400	materiál číslo 7a.
3695400	3708440	Pro 26,
3708600	3710280	materiál číslo 15 byl přijat.
3710920	3712200	Materiál číslo 16
3712200	3713160	se týká
3713160	3715160	schvální zadání změny číslo 7b,
3715320	3715740	to znamená,
3715800	3717740	to jsou ty jednotlivé podněty,
3717840	3718920	které nám došly od občanů,
3719000	3719600	případně firm,
3719600	3721580	a jenom tady předem
3721580	3722320	hlásím,
3722320	3724760	že se nám tady stala potom chybka
3724760	3727300	při překlápění materiálu,
3727460	3727860	to znamená,
3727940	3728680	jak bych poprosil,
3728820	3730740	že my máme v usnesení,
3731420	3734380	že bod římská 7
3734380	3735760	zamítáme,
3736320	3737120	tak tento bod,
3737180	3737540	prosím,
3737700	3738400	jenom upravíme
3738400	3740000	v rámci materiálu zastupitelstva,
3740080	3741640	že tento bod máme schválit,
3741820	3743600	jedná se o městský pozemek
3743600	3747000	východně od Ližarského svahu,
3747900	3748580	abyste viděli,
3748640	3749760	o co se konkrétně jedná.
3749920	3750840	Takže ten vlastně byl
3750840	3751580	celou brán,
3751640	3753040	že bude schválený
3753040	3753640	k té změně,
3754160	3756260	ale s nějakým nedopatřením
3756260	3757000	se nám tady stalo,
3757000	3759520	že v rámci návrhu usnesení
3759520	3760720	je, že se zamítá,
3760820	3761300	takže prosím,
3761360	3762620	jenom tady ta římská 7
3762620	3764000	se přesouvá do usnesení,
3764800	3765520	které schvalujeme.
3767360	3767880	Poprosím,
3768020	3769240	jestli jsou k tomu nějaké dotazy,
3771100	3772440	nikdo se do diskuze nehlásí,
3772440	3774280	tak poprosím ještě
3774280	3775260	náměstka panu Labradu.
3776300	3777580	Ještě jednou dobré dopoledne,
3777680	3778900	tak jenom doplním pana primátora
3778900	3779800	v těch materiálech,
3779860	3781560	které jste dostali do zastupitelstva.
3781660	3783860	Je to na straně 214 a 215
3783860	3785360	bod římským 7
3785360	3787360	a je to v zájmu města Zlína
3787360	3789140	plocha u Hližarského areálu,
3790160	3790980	kterou měníme
3790980	3794340	na plochy smíšené obytné centrální.
3796460	3797140	Dobrá, děkuji.
3797240	3798560	Poprosím pane Juráše.
3800000	3800600	Pane primátore,
3800660	3802000	já nemám nic k tomuto bodu,
3802000	3802640	jenom jsem chtěl,
3802780	3803980	zaznamenávám,
3804080	3805180	že i po čtyřech letech
3805180	3806640	ostřílení matadoři
3806640	3807740	začínají využívat
3807740	3810480	procedurální poznámku
3810480	3811440	k tomu,
3811520	3812780	aby se dostali do diskuze.
3813440	3813980	Tak prosím,
3814060	3815240	procedurální poznámka
3815240	3816140	slouží k tomu,
3816280	3818000	že to je poznámka k proceduře.
3818500	3818880	Jiným slovy,
3818940	3820260	mám technickou poznámku,
3820340	3821160	není to správně
3821160	3822580	podle jednacího řádu,
3822940	3824300	nebo chci ukončit diskuzi,
3824360	3825220	přednikam nevede.
3825600	3826300	Jinak prosím,
3826380	3827440	přihlášení se hlasem
3827440	3828440	respektujeme pouřádí
3828440	3829260	přes řečníků.
3829580	3830160	Děkuji moc.
3832720	3833180	Jasné,
3833420	3833880	já si myslím,
3833940	3834680	že už to dneska
3834680	3836020	určitě všichni zvládnou správně.
3838020	3838300	Tak,
3838460	3838900	nikdo další
3838900	3840060	se do diskuze nehlásí,
3840180	3840940	takže prosím,
3841040	3841520	pojďme hlasovat
3841520	3842500	materiál číslo 16.
3842500	3855600	Pro 24,
3855980	3858000	materiál číslo 16 byl přijat.
3859180	3860820	Materiál číslo 17
3860820	3862940	je materiál schvální změny
3862940	3864660	územního plánu číslo 7c,
3864840	3865220	to znamená,
3865280	3865840	tam se jedná
3865840	3866760	o tu koncepční změnu
3866760	3868520	vycházející ze strategie z lín 100
3868520	3871000	a věřím tomu,
3871080	3872280	že to bude změna,
3872280	3872980	která opravdu
3872980	3874280	bude výrazně
3874280	3874980	ku prospěchu
3874980	3876600	a řekne rozvoje
3876600	3877340	a investic
3877340	3879060	na území našeho města.
3880020	3880700	Jsou k tomu dotazy.
3882940	3884240	Nikdo se do diskuze nehlásí,
3884360	3884780	takže prosím,
3884880	3885400	pojďme hlasovat
3885400	3886440	materiál číslo 17.
3898120	3899520	Pro 24,
3900140	3901240	materiál číslo 17
3901240	3902780	17 byl přijat.
3903160	3904200	Materiál číslo 18
3904200	3905460	se týká pozemku
3905460	3906860	majetkoprávních úkonů.
3907680	3908440	Jsou k tomu dotazy.
3911940	3913720	Nikdo se do diskuze nehlásí,
3913820	3914260	takže já vás
3914260	3914720	poprosím,
3914860	3915420	pojďme hlasovat
3915420	3916800	materiál číslo 18.
3916800	3930060	pro 24,
3930700	3931720	materiál číslo 18
3931720	3932460	byl přijat.
3933340	3934340	Materiál číslo 19
3934340	3935960	se týká rozvoje lokality
3935960	3936960	Březnická,
3936960	3938680	kdy k dnešnímu dní
3938680	3941180	je smlouva podepsána
3941180	3941820	ze strany
3941820	3943940	navrhovaného vítěze
3943940	3944840	s tím,
3944960	3945500	že vlastně
3945500	3946500	začínáme
3946500	3947460	právem stavby,
3947600	3948140	to znamená,
3948260	3949000	jsou tam pojistky
3949000	3949360	k tomu,
3949440	3950760	aby v případě,
3950840	3952000	že se cokoliv
3952000	3952480	bude
3952480	3953380	v budoucnu dít,
3953540	3954160	tak abychom
3954160	3955240	ten pozemek
3955240	3955940	neprodávali
3955940	3956720	hned v dnešnímu dní,
3956860	3957420	ale až potom,
3957500	3958780	co samozřejmě
3958780	3960000	ta stavba
3960000	3961120	se začne realizovat.
3961120	3964240	Je to jedna z nejvýznamnějších
3964240	3965020	v současné době
3965020	3966140	vlastně investit
3966140	3967540	s externím subjektem
3967540	3968620	na území města Zdýna
3968620	3969700	a cena
3969700	3971060	v současné chvíli
3971060	3971460	je
3971460	3974740	356 milionů korun,
3974860	3976180	pokud si pamatuju správně,
3976380	3977400	včetně DPH.
3979260	3979860	Investor
3979860	3980780	aktuálně
3980780	3983140	tvrdil,
3983300	3983920	že do pěti let
3983920	3984760	bych chtěl mít hotovo.
3986520	3987140	Tak uvidíme,
3987220	3988080	jestli se mu to podaří.
3988500	3989460	Držím za sebem,
3989540	3990160	držím palce,
3990160	3991540	protože ten povolovací proces
3991540	3992480	nebude jednoduchý.
3993540	3994300	Otvírám diskuzi
3994300	3995920	tady v materiálu číslo 19.
4000080	4001600	Poprosím Pavla Simkoviče.
4004100	4005360	Pěkné dopoledne
4005360	4006580	vám všem.
4007440	4008220	Já možná na úvod
4008220	4009480	jenom takovou zmínku,
4010040	4010820	kterou jsem neměl
4010820	4011360	u programu,
4011400	4012600	protože jsem nechtěl zdržovat,
4012700	4014660	ale už samotné materiály
4014660	4016520	v řádném programu
4016520	4017560	byly celkem náročné
4017560	4018940	na prostorování zvládnutí
4018940	4019660	za 14 dnů.
4020160	4021020	V zápěti tam přistane
4021020	4021980	desátého materiál
4021980	4022660	na velké kino
4022660	4023460	pro studování.
4023540	4024960	Včera znovu přistane materiál
4024960	4026200	kontrolního orgánu.
4026260	4026720	Nemyslím si,
4026840	4027580	že tohle je šťastné
4027580	4028740	a pro poslední zastupitelstvo
4028740	4029780	už vůbec nešťastné.
4030280	4031060	Možná něco z toho
4031060	4032020	mohlo klidně počkat
4032020	4033220	až po volbách
4033220	4034020	nebo k tomu slad.
4034340	4035660	Třeba další zastupitelstvo.
4035660	4037760	Co se týká březnické,
4037900	4040140	tak já možná na úvod bych řekl,
4040260	4041280	že rozumím tomu,
4041340	4041980	že rozvoj města
4041980	4042640	bez nějakého
4042640	4043560	seokromého kapitálu
4043560	4044100	investorů
4044100	4046120	asi není úplně možný
4046120	4049540	a vidím,
4049600	4050460	dajadu už toho skutečnost,
4050580	4051580	protože samozřejmě doba,
4051740	4052620	ve které se nacházíme,
4052680	4053540	je hodně turbulentní
4053540	4054980	a ta změna,
4055200	4056460	kterou tady chceme realizovat
4056460	4057780	na pozemcích města
4057780	4059380	je celkem velmi významná
4059380	4061120	a v principu jsem
4061120	4062580	v podstatě proti rychlému
4062580	4063980	se zbavování možná majetku
4063980	4065080	a pozemků obzvlášť,
4065500	4066680	tak ale na druhou stanu chápu,
4066760	4067860	že možná jiné cesty,
4068080	4068740	dejme tomu, není.
4069180	4069740	Ale o to více,
4069860	4070720	pokud se na to vrhneme,
4070840	4071400	bych byl rád,
4071480	4072500	kdyby ty pojistky byly
4072500	4074240	co nejlepší, maximální
4074240	4075640	a takové,
4075760	4076440	aby to město
4076440	4078400	v tomto ohledu bylo kryto,
4078480	4080340	protože zkušenosti s torzy
4080340	4082200	a s různými nedostavenými stavbami
4082200	4082720	a podobně,
4082860	4083960	zvlášť na našich pozemcích
4083960	4085280	a v lokalitě Březnické
4085280	4087020	máme celkem velké.
4087620	4089780	A já úplně si nejsem jistý,
4089860	4091520	jestli se to takhle stoprocentně děje.
4092320	4093100	Je to jedna z věcí,
4093180	4094100	která mě k tomu například vede,
4094220	4095060	je to, jak se změnila
4095060	4096880	smlouva o smlouvi budoucí,
4097020	4099200	která byla původně ve výzvě
4099200	4100840	a jakou teď máme schvalovat
4100840	4102140	tam nějakých 21 změn
4102140	4103740	a z těch 21 změn 19
4103740	4105700	je velmi silně ve prospěch investora
4105700	4107920	nebo pardon toho kupujícího
4107920	4109060	a některé takové,
4109180	4110680	že v podstatě dávají im možnost
4110680	4113220	si ještě rozšířit
4113220	4114420	a vylepšit tu situaci,
4114560	4115820	která připodně u té výzvy byla,
4115960	4117260	protože jsme tam nějakým způsobem
4117260	4119200	zrušili omezující prvek
4119200	4121380	na co se týká plochy,
4121420	4123240	rozšíření plochy z 5% původně.
4123380	4124240	Pokud by to bylo navíc,
4124300	4125140	tak to bylo za úplatu.
4125200	4126460	Teď to posouváme někam dál,
4126840	4129220	což mě trošičku nějak překvapilo.
4129220	4130280	Budu upřímný.
4130280	4134960	Já bych poprosil tady pana Hermana,
4135160	4138000	protože to je vlastně jednatel
4138000	4139440	z lindského rozvoje společnosti,
4139540	4140720	kterou jsme vlastně řídili
4140720	4142680	za účelem právě té komunikace
4142680	4143460	s těmi developery,
4143600	4145180	aby se nám více dařilo
4145180	4147740	rozvíjet tady
4147740	4149700	ty soukromé investice,
4149860	4150960	protože tak, jak bylo řečeno,
4151540	4153580	my se určitě nebráníme do budoucna,
4153580	4154960	ať už se bude si dokoliv,
4155880	4157440	aby město investovalo samo,
4158140	4159740	proto jsme právě tuto společnost
4159740	4160500	také zřídili,
4161060	4163960	ale tady by to byl napoprvé,
4164060	4164480	když to řeknu,
4164520	4165420	obrovský krajíc,
4165480	4166000	jak se říká,
4166120	4167860	takže proto jsem tu i tu důvodu
4167860	4168420	toho času,
4168540	4170000	abychom tady vůbec nečekali
4170000	4170640	pořád na to,
4170740	4171540	až se něco stane,
4172020	4173300	tak jsme svolili tuto cestu
4173300	4174160	vlastně stejní důvody
4174160	4175260	u toho bojněckého rybníka,
4175340	4175920	když předběhnu
4175920	4176940	na ten další materiál.
4177360	4178320	Každopádně já poprosím
4178320	4178880	pana Hermana,
4178880	4182300	aby vám sdělil informace
4182300	4183200	vlastně k tomu,
4183700	4184460	k těm změnám,
4184460	4185180	tak, jak bylo řečeno,
4185260	4186220	jestli tam jsou limity,
4186440	4187260	nebo nejsou limity,
4187320	4188560	co se říká nějakého toho zvětšení,
4188640	4189320	jak si tady řekneme,
4189440	4191280	protože my jsme celou tu soutěž
4191280	4192580	výrazně svazovali k tomu,
4192640	4193540	aby tam nevzniklo něco,
4193620	4194260	co my nechteme,
4194820	4196440	a v rámci těch jednání
4196440	4198260	potom určitým změnám
4198260	4199140	došlo,
4199280	4200960	ale nikoliv takovým,
4201640	4202640	které by vlastně
4202640	4203420	něco umožňovaly
4203420	4204300	v nějaké volné ruce,
4204460	4205280	takže každopádně
4205280	4206600	poprosím pana Hermana,
4206600	4207460	ať nám to upřesní,
4207520	4207980	jak to máme,
4208020	4208540	ať to tady zazní,
4208680	4209480	tak jak to tam je
4209480	4210500	a to, co vlastně
4210500	4211800	ten developer v případě může.
4212180	4212720	Morská děkuji.
4213760	4215280	Dobrý den, dámy a pánové.
4216060	4217620	Já možná nejprve řeknu
4217620	4218940	takové ta vůbec
4218940	4220940	ty obecné ochranné mechanizmy,
4221160	4221980	které tam máme,
4222120	4222980	aby se s tou nestala,
4223100	4224100	tak jak tady padlo nějaká,
4224660	4226140	abychom neměli druhé torzo,
4226240	4226880	když to tak řeknu.
4227740	4228300	To znamená,
4228420	4229240	zaprvé vůbec
4229240	4230580	u samotného výběru,
4231260	4232620	s kým to budeme dělat,
4232620	4234400	jsme měli velmi přísná
4234400	4235620	jak finanční,
4235840	4236940	tak vlastně i
4236940	4238760	know-how kritéria.
4239480	4240080	To znamená,
4240200	4240920	rovnou jsme to měli
4240920	4242200	vlastně nastavené tak,
4242320	4243200	aby to v podstatě,
4243460	4244780	aby ta kritéria splnil
4244780	4246080	urbanistický developer,
4246480	4247540	který něco podobného
4247540	4248020	už dělá.
4248120	4248700	To znamená,
4249320	4249980	rovnou vlastně
4249980	4251520	v těch kvalifikační kritériích
4251520	4252540	jsme vyloučili ty,
4252640	4253320	kteří by na to
4253320	4254960	buď to finančně neměli,
4255600	4256540	ale zároveň i ty,
4256660	4257820	kteří nemají,
4257980	4259660	vlastně s urbanistickým celkem,
4259660	4261680	kteří nemají zkušenost,
4261760	4262520	protože opravdu
4262520	4265680	development solitárních budov
4265680	4267540	a development urbanistických celků
4267540	4269440	jsou opravdu dvě úplně jiné disciplíny
4269440	4270880	a my jsme vlastně chtěli někoho,
4271440	4273140	kdo na tom finančně nevykrvácí,
4273900	4275320	někoho, kdo má takovou reputaci,
4275460	4277160	že umí narejzovat ty peníze
4277160	4278100	vlastně i od těch
4278100	4279560	profesionálních subjektů
4279560	4281660	a někoho, kdo už má dneska to know-how.
4282300	4283700	Aby nám tam nevzniklo něco
4283700	4285240	úplně jiného, než co chceme,
4285720	4286660	tak vlastně my ani nepřevádíme
4287200	4288440	vlastně celé ty pozemky.
4288440	4289860	My vlastně převádíme
4289860	4291940	jenom ty stopy
4291940	4295380	vlastně nadzemních a podzemních staveb
4295380	4297740	a všechno to, co je vlastně mezi tím,
4298540	4299940	kde my chceme, aby se stavělo,
4300060	4301100	to znamená tam, kde nechceme,
4301200	4301780	aby se stavělo,
4301860	4303060	tak to zůstává městu.
4304180	4305600	Za další, my potom vlastně
4305600	4308180	i samotné ty převody těch pozemků
4308180	4311120	vlastně uskutečňujeme teprve v okamžiku,
4311700	4313060	kdy už se ty jednotlivé stavby,
4313140	4314820	kdy jsou odsouhlasené,
4314820	4317740	myslím jako z hlediska stavebního úřadu,
4317740	4319160	a kdy už vlastně
4319160	4322840	jsou i v určité stádiu výstavby.
4322940	4324440	To znamená, když už je vlastně jasné,
4324540	4325740	že tam opravdu vznikne
4325740	4327520	to, co tam vzniknout má.
4328440	4329860	Další věc, kterou si tam velmi
4329860	4331320	jako striktně hlídáme,
4331540	4333360	tak je vlastně ten celkový urbanismus,
4333500	4334780	protože ten urbanismus,
4334900	4335740	když se podíváme na to,
4335900	4337620	já to nazývám pracovně nové centrum,
4337700	4339880	protože jsme opravdu jako blízko centra,
4341020	4342560	tak vlastně my si tam hlídáme
4342560	4343680	velmi striktně
4343680	4345300	ty základní věci,
4345300	4347440	které vzešly samozřejmě
4347440	4349900	jako z hlav urbanistů a architektů.
4350500	4351740	A sice hlídáme,
4352620	4353780	jestli si vybavujete,
4353900	4355320	jak je ulice u zimního stadionu,
4355360	4356760	tam si vlastně velmi hlídáme
4356760	4358680	klasickou uliční čáru,
4358760	4360240	to znamená, tam jsme v přímce,
4360360	4361740	protože to dává nějakou logiku.
4362700	4363660	Zároveň tam vlastně
4363660	4365260	klesáme s tím terénem,
4365340	4366200	s těmi budovami,
4366200	4368340	a zároveň, ačkoliv už nemusíme,
4368340	4370460	podle aktuální legislativy,
4370520	4371740	tak sklápíme fasády.
4371900	4373480	To je zase kvůli oslunění,
4373560	4375340	protože všichni jsme to kritizovali,
4375940	4377660	ono to jako trošičku logiku to dávalo,
4377740	4379580	teda ta předchozí právní úprava.
4380420	4381340	Co se týče urbanismu
4381340	4384680	směrem k ulici Březnické,
4384800	4387940	tak tam naopak je ta uliční čára,
4388020	4391440	protože jak samotná ulice vlastně zatáčí,
4391440	4393120	tak tam ta uliční čáru
4393120	4395320	zase ale v pravidelném rytmu vlastně
4395320	4397780	jako měníme,
4397880	4400340	tak abychom vlastně takovou,
4400360	4401960	jak kdyby teďka to vyzní jako zvláště,
4402000	4403620	takovou jako uskočenou uliční čáru,
4403680	4404800	abychom tam prostě dodrželi,
4404900	4406120	protože to vlastně bude ta brána
4406120	4407560	do toho města
4407560	4410220	a tam vlastně potom ta hmota i graduje,
4410340	4411220	tak aby vlastně bylo vidět,
4411280	4412360	že opravdu výždím do nějakého
4412360	4414740	jako významného sídelního celku.
4415700	4417120	Co se týče těch možností
4417120	4419360	na nějaké navýšení ploch,
4419360	4422860	tak v té smlouvě je tam jedna změna,
4422980	4424680	která ale je celkem logická
4424680	4426820	a sice, že my jsme tam chtěli
4426820	4429560	spoplatnit vlastně v tom původním textu
4429560	4432180	nějaké navýšení plochy,
4432740	4434080	ale na druhou stranu
4434080	4435500	dneska se mění technologie
4435500	4436760	a to navýšení těch ploch
4436760	4438360	totiž může vzejít i vevnitř
4438360	4439680	těch perimetrů, těch budov.
4440580	4441840	A toto by nebylo spravedlivé,
4441920	4443360	abychom my zkasírovali,
4443420	4445180	protože vlastně to není naše zásluha.
4445180	4447260	Toto je vlastně zásluha know-how
4447260	4450440	toho developera a jeho architektů,
4450560	4452660	statiků a jeho stavebních dodavatelů,
4453380	4454880	protože pokud prostě tam najdou
4454880	4456540	svoji jako další plochu
4456540	4458480	z hlediska jako výpočtu HPP,
4458680	4459560	to znamená, že to je z hlediska
4459560	4460620	konstrukčních prvků,
4460980	4462560	tak to je prostě know-how toho dodavatele.
4463100	4464420	My jim neprodáváme víc,
4464540	4466420	než za co je kasírujeme teďka na začátku.
4467880	4468880	Vím, že kroutíte hlavou,
4468880	4469500	tak povídejte.
4471060	4472280	Já bych ještě jenom poprosil
4472280	4474760	o dovětek k tomu,
4475180	4476740	jakým způsobem máme ochráněné
4476740	4478400	případně rozšíření těch budov.
4478700	4479860	Jestli tam je limit teda,
4480080	4482380	nebo ta budova může být do 10 metrů širší
4482380	4483980	a vznikne, jestli tam má monoblog a podobně.
4483980	4485580	Ne, monoblog tam opravdu
4485580	4487180	v žádném případě vzniknout nemůže,
4487240	4488700	protože tam je závazek
4488700	4490740	dodržovat ty perimetry.
4491480	4492560	Není tam vůbec možnost
4492560	4494220	třeba vykročit směrem
4494220	4496640	k těm, směrem vlastně
4496640	4498080	k ulici Úzimního stadionu
4498080	4500320	nebo k ulici Dřeznická.
4501000	4502520	A je tam vlastně jenom možnost
4502520	4504460	zase tak, aby to
4504460	4506500	navýšení nemohlo být bráno
4506500	4507660	jako an-blok na
4507660	4510020	vlastně celý ten celek,
4510420	4511500	tak je vlastně to rozděleno
4511500	4513360	na jednotlivé budovy.
4513980	4514640	Tak, aby tam vlastně
4514640	4516000	ten případný technologický,
4516060	4517380	protože takhle zase,
4517480	4518880	proč to tam je vždycky důležité,
4519140	4519900	to je vlastně ta,
4520540	4521360	rávníci to znají,
4521380	4522360	ta otázka, kvůj bono,
4523000	4524540	protože my se dneska blížíme
4524540	4526160	vlastně do nové éry stavebníctví.
4526240	4527600	Aby se vůbec mohlo stavět
4527600	4528400	do budoucna,
4528820	4530460	tak se zase bude stavět modulárně.
4530620	4531800	Logicky, protože nejsou
4531800	4532480	a nebudou lidé,
4532600	4535120	kteří by sdíli přímo na té stavbě,
4535780	4537780	ale budou prostě spíše stroje,
4537780	4540100	kteří budou chystat prefabrikáty
4540100	4541700	v továrnách
4541700	4543100	a ty se budou na té stavbě
4543100	4544820	už potom jenom kompletovat.
4545220	4545740	To znamená,
4545800	4547340	ale že potom zase to bude
4547340	4549960	v nějakých standardizovaných rozměrech.
4550700	4551080	To znamená,
4551160	4552760	k tomu určitá flexibilita
4552760	4553400	být musí,
4553520	4554420	ale myslím,
4554500	4555680	že je tam velmi mírná,
4556380	4557620	protože zase pořád
4557620	4559960	je ten základ,
4559960	4561260	že vlastně tam,
4561820	4562700	ačkoliv by to bylo,
4563260	4563920	samozřejmě by se tam dalo
4563920	4565540	dát mnohem více metrů čtvereční,
4565640	4567220	kdyby to byly monobloky jednoznačně,
4567320	4568600	ale to není ta vůle města.
4569340	4569760	To znamená,
4569840	4571100	proto je tam pořád vlastně
4571100	4571940	kladený důraz
4571940	4573760	na ten středový prostor,
4573860	4575640	takovou tu podlouhou pět setů
4575640	4577800	a kladený i na to vlastně,
4577800	4579800	aby ta oblast byla průchozí
4579800	4581980	i v tom východozápadním směru,
4582060	4582700	když to tak řeknu.
4584360	4584920	Dobrá, děkuji.
4584980	4586360	Já poprosím ještě pan Cimíkovi
4586360	4587020	ještě reagovat?
4589940	4591260	Já s vámi souhlasím,
4591360	4592600	že v rámci uliční linie
4592600	4594540	územního stadionu
4594540	4595740	je to ošetřeno velmi silně,
4595840	4597060	u Březnické už méně.
4597460	4598280	Zméně já tam čtu,
4598360	4599000	že při navýšení
4599000	4600100	mimo stávající půdorys
4600100	4601340	o více než 5%,
4601340	4603020	můžu oplatit pokutu.
4603920	4605280	A pak jenom ještě navíc za část,
4605280	4606580	která je nad těch 5%.
4606580	4608820	Původně tam bylo 9 000 za každý nárůst,
4608920	4609980	takže to jsme vyšli v stříst.
4610120	4611860	A nic jsem se nedočetl o limitu,
4611860	4613660	takže co když to bude o 20%,
4613660	4614880	technologie to umožňují
4614880	4616180	a dráme z půdorysu.
4616920	4618260	V posledním patře to můžu rozširit
4618260	4620340	možná až 2,5x, 3x?
4620460	4621140	Je to ošetřeno?
4622560	4623200	Myslím si, že ne.
4623700	4625460	Takže tady rozhodně dáváme
4625460	4626880	velkou výhodu tomu investorovi.
4626960	4629120	Navíc, když půjdu dál ještě,
4629120	4631080	tak jsme ustoupili velmi silně od pokut.
4631700	4633400	Nebo od, řekl si, pateb.
4633860	4636480	Kdy se dostáváme na maximální částku 15%
4636480	4638220	a navíc součet všech pokut.
4638220	4639760	To znamená, když to přeženu
4639760	4640800	a chtěl by být jako...
4640800	4642260	A já to se vás nechci podsouvat
4642260	4643240	ani vnucovat, nic.
4643400	4644720	Žádnému člověku, někomu,
4644760	4645340	kdo to chce stavit.
4645800	4646820	A do extrému, když půjdu,
4646900	4649640	tak já za 15%
4649640	4651380	si v podstatě tam trošičku
4651380	4653220	můžu vytěžit výrazně více,
4653280	4654140	než kolik bylo v té nabídce.
4654140	4655200	A možná, kdyby tohle věděli
4655200	4657420	více investoři úvodně v té nabídce,
4657480	4658740	tak by se možná jich přihlásilo více.
4658740	4660240	A možná i s jinými podmínkami.
4660380	4661080	Tak proto se ptám,
4661140	4662540	proč jsme ústopovali takhle daleko.
4663140	4663960	A to ještě nemluvíme o tom,
4664000	4665460	že jsme tam snížili indexaci cen,
4665540	4666680	to znamená, že jsme zvýhodnili
4666680	4667620	ve získa z plátek
4667620	4668980	a ještě jsme to zastrpovali
4668980	4669920	v 5% inflací.
4670000	4670800	V době, kdy netušíme,
4670860	4672360	co bude za 5 let za 6 let z inflací.
4672800	4673380	Takže ptám se,
4673380	4675200	proč jsme šli takhle výhodně na ruku.
4676740	4678880	Tak odpověď je celkem jednoduchá.
4679060	4680020	Když jsme dělali první...
4680020	4681160	Protože my jsme tuto soutěž
4681160	4682420	jsme dělali ve dvou kolech.
4682860	4684500	V prvním kole jsme vlastně dávali
4684500	4685540	tvrdé smouvy
4685540	4687980	a odpověď z trhu byla taková,
4688500	4690720	je to pro nás příliš svazující,
4690840	4692540	máte tam příliš silné sankce,
4692540	4695300	z tohoto důvodu se nepřihlašujeme.
4696180	4697640	Proto jsme vlastně dali tu možnost
4697640	4698740	do toho druhého kola.
4699260	4701800	Zvýšili jsme tam teda minimální cenu,
4702320	4703280	protože jsme tam jako rovnou,
4703360	4705540	jsme tam dali už potom tu minimální cenu přes...
4706400	4707800	Respektive dali jsme minimální cenu
4707800	4709600	300 milionů korun.
4710020	4712480	Ale zároveň už jsme tam právě dali tu možnost,
4712600	4714280	dobrá, pojďte nám dát
4714280	4716860	strukturální připomínky ke smouvě,
4717340	4719140	tak, abychom prostě mě...
4719140	4720760	Tak, abychom mohli se spolehnout na to,
4720760	4723800	nebo mohli mít nějaké odůvodněné očekávání,
4724480	4726760	že dostaneme nabídky
4726760	4728100	nebo nabídku, která bude
4728100	4730340	nad těch 300 milionů korun.
4730960	4731800	Samozřejmě, že když jsme
4731800	4732760	toto nabídku dostali,
4733560	4735240	byly tam ty strukturální připomínky,
4735340	4736920	tak jsme se o nich museli i bavit.
4737700	4739320	Já se přiznám, že mám docela dlouhou praxi
4739320	4742480	z hlediska uzavírání dlouhých smluv
4742480	4744080	a přiznám se, že třeba
4744080	4745680	nějaké to grace period,
4745840	4747780	takové to období odpuštění té inflace
4747780	4749840	je naprosto standardní věc
4749840	4752820	a zakepování roční inflace
4752820	4754140	na 5%,
4754140	4756320	samozřejmě bylo to jedno z těch
4756320	4758140	sporných bodů, o kterých jsme se
4758140	4759600	dlouhou dobu bavili.
4760560	4762400	Na druhou stranu, těch 5%
4762400	4764480	je vlastně nějaký kompromis,
4764520	4765760	ke kterému jsme došli, protože
4765760	4767680	cíl Národní banky
4767680	4769620	je kolem 2%,
4769620	4771360	když se podíváme historicky,
4771480	4772980	ale když se to zprůměrujeme
4772980	4775280	i z hlediska vlastně těch výkivů,
4775400	4777540	které byly ať už po roce 2008
4777540	4779340	nebo kolem roku
4779340	4781360	2001,
4781840	4782780	tak vlastně jsme
4782780	4784800	ani v těchto velkých výkivech
4784800	4786620	jsme nezažívali nějakou
4786620	4788760	hyperinflaci, která by šla
4788760	4789860	tady nad
4789860	4792480	tuto procento.
4792480	4794360	To znamená, ano, byl to
4794360	4796120	kompromis, protože zase
4796120	4797660	díváme se na to, dostáváme
4797660	4799200	cenu, ze kterou jsme
4799200	4801500	spokojeni, protože ta cena opravdu,
4802100	4802880	bych řekl, že
4802880	4804860	odpovídá
4804860	4807500	opravdu jako velmi
4807500	4808160	prestižním
4808160	4809540	pozemkům.
4810300	4810960	To znamená,
4811220	4813100	udělali jsme tento
4813100	4814360	kompromis, abychom byli schopni
4814360	4816280	vůbec tu transakci dotáhnout.
4818340	4819220	Dobrá, děkuju.
4819720	4820720	Poprosím pana Vančuru.
4822480	4824760	Děkuju, pane primátore.
4825080	4826980	Já přepustím svojom nejdříve
4826980	4828740	mému kolegovi, aby jsme udrželi
4828740	4829920	kontext. Děkuju.
4831160	4832160	Dobrá, děkuju. Tak pověstním
4832160	4833660	pane Ibráše a potom dám
4833660	4834560	slovo panu Vančurovi.
4835920	4837680	Děkuju, pane primátore, za slovo.
4838020	4839300	Já děkuju panu Simkovičovi,
4839340	4840620	že to téma otevřel.
4841500	4843400	Nás na tom trápí trochu
4843400	4845240	jiné věci, než
4845240	4846480	o kterých mluvil.
4847380	4848840	Já to zjednoduším a
4848840	4850660	budu se snažit být co nejvíce
4850660	4852320	srozumitelný, to téma
4852320	4854080	není jednoduché.
4855080	4855840	To znamená,
4856560	4858420	15 let fixujeme
4858420	4860260	4-stránkovou smlouvou
4860260	4861420	o právu stavby.
4861920	4864260	To samo o sobě ve mně trochu vyvolalo údiv,
4864760	4866180	tak jsem se začal dívat nad tím,
4866660	4868280	jak tu situaci řešíme.
4868280	4872040	A my máme trošičku dva problémy.
4872180	4873840	Ten první problém říká,
4874060	4875660	že nijak neomezujeme
4875660	4878180	samotný převod práva
4878180	4880240	stavby jako věcného práva.
4880780	4882220	Jinými slovy současný investor
4882220	4884280	může to právo stavby
4884280	4885780	převést sám,
4886160	4888600	bez dalšího, my ho v tom nijak neomezujeme.
4889100	4890280	Tím, že převede právo
4890280	4892240	stavby, přestávají vůči němu
4892240	4894280	působit závazky ze smlouvy o smlouvy
4894280	4894860	budoucí.
4894860	4896160	To je číslo jedna.
4896780	4897500	Číslo dvě.
4898200	4901280	V právu stavby si nijak nevyhrazujeme
4901280	4903180	změnu účelu stavby.
4903880	4904640	Jinými slovy,
4904840	4906780	to, co se uvnitř toho práva stavby,
4906840	4908800	u té bubliny hmotně postaví,
4909320	4910060	to nesixujeme.
4910820	4911620	Takže situace,
4912040	4913960	jak já bych tam postavil jinou věc,
4914020	4916300	kde by byl limitovány jenom územním plánem,
4916560	4918140	no prvně bych to převedl
4918140	4920720	a pak bych si tam udělal varianty podle sebe.
4920720	4922360	To se mi klidně může stát.
4922920	4924520	Nemám to dostatečně zajištěno.
4924520	4925580	Třetí věc,
4925680	4927060	kterou mě tam trošku trápí,
4927140	4927300	je,
4928200	4929800	že my se zavazujeme
4929800	4931420	v jakémkoliv případě,
4931820	4933160	kdy selže ten projekt
4933160	4935480	odkoupit za plnou náhradu.
4936040	4937820	Ale nemáme tam ten mechanismus,
4938380	4939100	kdy říká,
4939400	4940320	no co když to selže
4940320	4941340	na straně investora.
4942100	4942720	To znamená,
4943320	4944820	neměli bychom to pak kupovat
4944820	4946940	s nějakým jako sankčním fee,
4947180	4948500	které k té dispozici tam je.
4948500	4949880	To budeme i tehdy,
4949880	4950820	když to nedostaví
4950820	4951740	a mám tam to rozhovek
4951740	4952440	na jižních svazích,
4952840	4953560	to kupovat
4953560	4955060	za plnou hodnotu toho,
4955120	4956660	co ten investor do toho vložil.
4957360	4958120	To mě promiňte,
4958180	4959040	nedává smysl.
4959700	4960700	V neposlední řadě
4960700	4963480	kontrola.
4963980	4964580	To znamená,
4965100	4965840	je nám jedno,
4965980	4966840	kdo to dělá,
4967120	4967460	nebo
4967460	4968380	jsme rádi,
4968460	4969820	že to vyhrál tenhle subjekt.
4969820	4971920	Když si jsme rád,
4971980	4973240	že to vyhrál tenhle subjekt,
4973700	4974940	tak bychom si měli říct,
4975220	4976180	jestli ho nějak
4976180	4977420	jako svazujeme v tom,
4977940	4979220	aby u toho vždycky byl
4979220	4980940	ten konkrétní subjekt.
4981320	4981920	Nesvazujeme.
4982560	4983240	Prodám podíl
4983240	4983820	ve vlastní meseročku,
4984780	4986280	umožním vyvést
4986280	4987180	celý ten projekt
4987180	4988240	mimo svoji kontrolu.
4988640	4989580	S tím já mám problém,
4989940	4990960	tož nám trošku brání
4990960	4992500	dneska proto zvednout ruku.
4996820	4999600	My tam máme
4999600	5000780	ustanovení
5000780	5001640	právě ve slově
5001640	5002560	o slově budoucí
5002560	5003380	vlastně o tom,
5003520	5004600	že tam trikája,
5004800	5005320	že to je vlastně
5005320	5006600	ten vítěz,
5007180	5007680	že vlastně
5007680	5009440	je stále ručitelem
5009440	5010040	tady za
5010040	5011380	tyto závazky.
5011500	5011980	To znamená,
5012420	5013780	ta trikája jako taková,
5013900	5014540	ona s tam má
5014540	5015900	jako útéct nemůže,
5016000	5016540	protože zase,
5016900	5017340	ale teďka
5017340	5018560	jako jaká je praxe,
5018720	5019760	protože jinak to ani nebude.
5020400	5020920	Samozřejmě,
5021000	5022660	že ty jednotlivé objekty
5022660	5023820	bude stavit nějaké
5023820	5024360	takzvané
5024360	5025660	SPVčko,
5025740	5026020	neboli
5026020	5027600	projektová společnost,
5027600	5028840	která bude úplně čistá,
5028940	5029520	která nebude mít
5029520	5030500	žádnou historii,
5031280	5031960	protože jenom tak je
5031960	5033200	vlastně akceptovatelná
5033200	5033560	pro
5033560	5035260	financující subjekty,
5035360	5036020	ale nad ní bude
5036020	5036620	vlastně vždycky
5036620	5037360	ta trikája
5037360	5038520	a ta trikája
5038520	5039920	nikdy ani neuteče,
5040340	5040580	z toho
5040580	5041200	SOSBčka
5041200	5041640	ona nemá
5041640	5042180	jak útéct,
5042200	5042740	to znamená,
5043200	5043720	ona vlastně
5043720	5044180	tam,
5044360	5046060	já jenom to dokončím,
5046900	5047360	to znamená,
5047420	5047740	že ona tam
5047740	5048680	prostě pořád je
5048680	5049680	v úloze té
5049680	5050480	smluvní strany,
5050600	5051220	pořád je tam
5051220	5052540	v úloze
5052540	5054380	toho ručitele
5054380	5055880	a pokud by došlo
5055880	5057200	k tomu vypořádání
5057200	5057820	někdy,
5058060	5059040	prostě,
5059160	5059720	že by ten
5059720	5061420	proces celý
5061420	5062260	zhavaroval,
5062720	5063400	tak pokud je to
5063400	5063980	z důvodu
5063980	5065140	na její straně,
5065320	5066180	tak zase ta smlouva
5066180	5067320	tam stanovuje
5067320	5067920	sankce
5067920	5069920	na trikáju.
5071540	5072100	Dobrá, děkuji,
5072200	5072560	paní Bráš,
5072640	5073200	co reagovat?
5074400	5076220	Já děkuji za ten komentář,
5076400	5077460	já jsem si vědom
5077460	5078740	těch závazků
5078740	5079480	z té obligace
5079480	5080480	smlouvy o smlouvě
5080480	5081140	budoucí,
5081580	5082740	ale vy mi neodpovídáte
5082740	5083020	na to,
5083080	5083820	co jsem řekl já.
5084240	5085220	Já vyvedu to právo
5085220	5086580	stavby jako právo věcné.
5087020	5087700	Tím pádem
5087700	5088920	ten nový nabývatel
5088920	5090100	už nebude vázan
5090100	5090640	z té smlouvy
5090640	5091600	o smlouvě budoucí
5091600	5092440	a bude s tím
5092440	5093480	nakládat samostatně.
5093820	5094620	V tom ho, prosím,
5094680	5095440	nějak nelimituji.
5097200	5098540	Funcionovat tu trikáju
5098540	5099340	na bázi smlouvy
5099340	5100340	o smlouvě budoucí.
5100900	5101900	Proto jsem navazoval
5101900	5102900	na pana Simkoviče,
5102980	5104220	kde jsou ty postihy
5104220	5105160	a zda se to vyplatí
5105160	5105880	nebo nevyplatí.
5105880	5107000	Před tuto variantu
5107000	5108200	já jsem nechal otevřenou.
5110860	5111780	Zase ta smlou,
5111820	5112700	ona vám neumožňuje.
5112840	5113320	Jako jestli máte
5113320	5113920	jako obavu,
5113960	5114940	že by tam vyrostlo
5114940	5117220	jako něco úplně jiného,
5117260	5118040	než co chceme,
5118080	5118580	nebo to je,
5119080	5119820	to je, to je,
5119820	5119880	to je všechno.
5119880	5119900	Já jsem,
5119900	5121560	já vysvětlím,
5121660	5122460	ještě jednou, jo.
5123280	5123740	Dívejte,
5124100	5126240	zkusím být opravdu
5126240	5127120	srozumitelný
5127120	5127860	a nechci to dělat
5127860	5129100	nějak extra mentorsky.
5129740	5130580	Smlouva o smlouvy
5130580	5131780	budoucí je obligace,
5131900	5133480	jejíž součástí je smlouva kupní.
5135880	5137920	Právo stavby je právo věcné,
5138100	5139320	nevstavuje se ke straně,
5139420	5140240	ale k pozemku
5140240	5141680	a bude tam váznout navždy.
5142320	5143620	A já to věcné právo
5143620	5145200	mohu samostatně převést,
5145320	5146360	pokud to nezakážu,
5146800	5147700	bez ohledu na jiný
5147700	5148820	závazkový vztah
5148820	5150020	s smlouvu o smlouvy budoucí,
5150020	5151000	který jsem sjednal.
5151840	5152480	To je problém.
5154080	5155380	Tak a pokud přivádím
5155380	5158260	právo stavby,
5158360	5159380	tak stejně neuteču
5159380	5160700	ani předtím SOSB,
5160820	5161540	protože koneckoncu
5161540	5164200	tady máme i interpretační klauzuly,
5164660	5165740	že i v případě
5165740	5168840	i rozporu mezi SOSB
5168840	5170760	a smlouvou o právě stavby
5170760	5173180	má přednost ustanovení toho SOSB,
5173320	5174280	takže já si jako nemyslím,
5174560	5174740	že...
5174740	5176180	Hermane, omlouvám se,
5176240	5177040	vy mi nerozumíte,
5177480	5178340	když to převedu,
5178420	5179220	to právo stavby,
5179220	5180320	tak se vymaním
5180320	5182480	jako nový naběvatel pozemku
5182480	5184640	ze smlouvy o smlouvě budoucí.
5185460	5186860	Pak by ale vlastně znamenalo,
5187020	5188560	že kdybych toto udělal,
5188680	5189380	když se říká bavíme
5189380	5190540	o tomto scénáři,
5190620	5191020	to znamená,
5191320	5192140	já ho udělám tehdy,
5192220	5193360	když jsem majitelem
5193360	5195560	nebo statutárem trikáji,
5196180	5197320	tak v podstatě ale potom
5197320	5198840	musím položit i tu svoji,
5199020	5200040	abych z toho utekl,
5200580	5201380	tak musím položit
5201380	5202740	i tu svoji mateřskou firmu,
5202820	5203680	tu svoji trikáju.
5204580	5205260	Protože jinak já,
5205380	5206500	protože já jsem pořád
5206500	5208180	v té smlouvy o smlouvě budoucí
5208180	5209020	a pořád jako tam
5209020	5210680	neplním ty věci,
5210860	5211660	které plnit mám
5211660	5212760	a podlehám těm sankcím.
5213020	5214200	Omlouvám se za tu polemiku
5214200	5215860	a nechci zdržovat zastupitelstvo
5215860	5217260	a ani co dělat bramboračku.
5217660	5218300	To nevím,
5218540	5219480	jestli bych ji položil,
5219480	5220200	ale co vím,
5220260	5221040	že když ji položím,
5221120	5221940	tak mi město poskytne
5221940	5222780	plnou náhradu
5222780	5223820	bez ohledu na to,
5223860	5224360	z jakého důvodu
5224360	5225100	jsem to položil.
5226660	5227100	Dobře,
5227260	5228720	ale asi budu muset
5228720	5230260	položit tu svoji firmu,
5230340	5231160	protože to město
5231160	5231800	na mě zase pak
5231800	5233040	bude uplatňovat ty sankci,
5233120	5234520	protože já v tom případě
5234520	5235300	jsem neplnil to,
5235400	5236880	co podle SOSB plnit mám.
5237140	5237640	Pane Hermane,
5237740	5238520	další varianta.
5238880	5239920	Nechci se k tomu vracet.
5240080	5241200	Tak to jen podíl prodám.
5243020	5243980	A bude to někdo jiný,
5243980	5245500	úplně nějaká osoba třetí,
5245740	5246460	mě neznámá,
5246760	5247340	třeba nějaká
5247340	5248820	kyperská společnost zajímavá.
5249520	5250780	Zrovna teda kyperské společnosti
5250780	5251780	tam máme vyloučené teda.
5253340	5255220	My tam máme omezené samozřejmě
5255220	5256940	tady tyto převody.
5258600	5259900	Ale zase na druhou stranu,
5260040	5260620	ale moment,
5260740	5262120	ale ať se teď bavíme reálně.
5263300	5265440	Tady asi nenastane to,
5265520	5266940	že by se převádělo ven,
5267040	5268040	ale dá se očekávat,
5268120	5268580	že tam bude třeba
5268580	5270320	přistoupení cizího kapitálu.
5270780	5272500	To je zase naprosto reálné
5272500	5273320	a to tam upravujeme,
5273320	5273940	ale také.
5275380	5277160	Známka k tomu přistoupení kapitálu,
5277260	5278300	což město nevyužilo.
5279100	5280060	Město se zavazuje
5280060	5281780	v té smlouvy o právu stavby,
5281980	5284080	že bude bez dalšího souhlasit
5284080	5286000	se zastavením toho práva stavby.
5286300	5286700	Je to tak?
5287640	5288120	Je to tak.
5288540	5290040	Finanční, ale finančnímu...
5290040	5290780	Ne, ano, ano.
5290880	5291660	Je tam zase,
5291800	5293360	aby to prostě nebylo právě,
5293420	5296020	že přijde nějaký oligarcha,
5296380	5297200	ale musí přijít
5297200	5299120	nějaká finanční instituce.
5299220	5299960	Ať mějí banka.
5300100	5300700	Ano, ano.
5300840	5301800	Ať mějí korektní.
5301800	5304260	V pořádku přijde banka.
5304440	5305620	Jenom to, co nám uteklo je,
5305780	5307340	že když zastavujeme právo stavby,
5307720	5308580	tak současně
5308580	5311380	tomu zástavnímu věřiteli
5311380	5313520	náleží i náhrada
5313520	5316140	z toho odkupu práva stavby.
5316640	5317400	Jinými slovy,
5317780	5319420	město financuje cizí dluh
5319420	5320260	v případě,
5320720	5321620	že bude chtít
5321620	5322960	to právo stavby,
5323180	5324760	když za něm bude poskytovat náhradu.
5324920	5326320	Odstoupení od smlouvy budoucí,
5326640	5327260	například, jo,
5327260	5328320	plná náhrada,
5328320	5330060	tak ty peníze jdou rovnou bance.
5331900	5332860	Žádná výhrada.
5332980	5333720	Právo to umožňuje.
5335820	5336440	Tak pokud,
5336560	5337380	zase na druhou stranu,
5337500	5338720	pokud by nastala
5338720	5339540	tato situace
5339540	5341100	a na naší straně byla povinnost
5341100	5342460	nějakého vyplacení,
5343040	5343500	tak prostě to,
5343580	5344340	že budeme vyplácat
5344340	5346020	případně financující bance
5346020	5348360	a nikoliv jinému subjektu,
5348800	5349960	to zase taky si myslím,
5350040	5351500	že je docela standardní postup.
5352780	5353520	No byl by,
5353600	5355280	kdyby ta náhrada nebyla ve 100%,
5355280	5356720	v případě jakoukoliv
5356720	5357880	selhání toho projektu.
5361260	5362180	Jo, protože vlastně my si tady
5362180	5363440	ty náhrady si potom bereme,
5363580	5365520	ano, na základě SOSB
5365520	5368260	od toho vybraného investora.
5368260	5374700	Dobrá, děkuju.
5375860	5377180	Já poprosím teda pana Vančuru,
5377360	5378800	který vysvál se před
5378800	5379980	panem Jurášem.
5381560	5383080	Děkuju, pane primátore.
5384000	5385460	Já jenom k tomu
5385460	5388100	ten dnešek
5388100	5389520	se myslím,
5389660	5390360	sledeckaté
5390360	5393240	toho velkého množství projektu
5393240	5395920	opravdu bude ještě náročný
5395920	5397140	a myslím si,
5397140	5399220	že je na místě její úvaha,
5399440	5401380	zdá u tak velkých projektů,
5402060	5402720	které třeba
5402720	5405400	zranu číslo dvě na pásce
5405400	5407940	nemohli přizvat
5407940	5409380	k některým konzultacím
5409380	5411420	dříve, než ten materiál
5411420	5413020	vlastně pro
5413020	5415740	zastupitelstvo je
5415740	5416980	připraven.
5417400	5419000	Nám by se to velmi líbilo,
5419780	5420840	kdybychom mohli
5420840	5422060	nejenom vám radě,
5422200	5423840	ale i případně kolegům
5423840	5425320	sdělit některé
5425320	5428020	případná pochybení,
5428100	5429000	které k tomu máme.
5429740	5430380	V té stavbě
5430380	5432360	nebo k tomu případu
5432360	5433520	samotnému
5433520	5434860	my máme
5434860	5435900	dobré reference
5435900	5436780	o firmy
5436780	5437960	teka a tak věříme,
5438080	5439120	že se to nakonec
5439120	5440400	dobře zvládne.
5441820	5442660	Objevila se tam
5442660	5443360	nicméně
5443360	5444700	jedná taková zvláštnost,
5444900	5445040	že
5445040	5447180	vlastně ve stejný den,
5447860	5448320	kdy jsme
5448320	5449620	přijali vlastně
5449620	5450440	tu vylášku
5450440	5450740	o
5450740	5452140	té kontribuci,
5452280	5453500	tak této společnosti
5453500	5454580	když jsme to odpustili,
5455460	5456420	nepochybujeme o tom,
5456520	5457180	že k tomu byl
5457180	5458960	reálný důvod,
5459800	5460980	ale poprosil bych,
5461100	5461640	aby zase
5461640	5462540	v případě,
5462640	5463800	že to budeme
5463800	5464840	chtít opakovat,
5465620	5466240	aby dříve,
5466360	5467000	než se tak
5467000	5467820	rozhodne,
5467960	5469220	tak aby zastupitelstvo
5469220	5469560	o tom
5469560	5471080	bylo informováno,
5471240	5471740	protože
5471740	5472900	nedává to
5472900	5473400	samozřejmě
5473400	5474880	potom příliš velkou logiku,
5475080	5475240	že
5475240	5477360	dlouze jsme o tom
5477360	5478120	diskutovali,
5478200	5478900	že přijímeme,
5479460	5480700	že je to potřebné,
5480780	5481060	abychom
5481060	5482400	takovou vylášku přijali
5482400	5484240	a pak se zrodí
5484240	5484740	takový
5484740	5485880	paradox.
5486940	5487420	To je všem,
5487580	5488600	děkuji za pozornost.
5489480	5490940	Já to jenom v kostce řeknu,
5491020	5491660	proč to tam je,
5492200	5493960	ten stav je jednoduchý,
5494020	5495020	my točí říkáme,
5495340	5496500	a co dobu ta vyláška,
5496600	5497680	tak to byla vlastně brána,
5497820	5499080	že stavíš-li někde
5499080	5500260	cokoliv,
5500980	5501480	chceme nějaké
5501480	5502060	finanční prostředky,
5502860	5503800	abychom mohli,
5503920	5505140	řešit to okolí,
5505200	5505720	nebo dodělat
5505720	5506800	nějakou infrastrukturu
5506800	5507440	a tak dále,
5507520	5508140	kterou prostě
5508140	5510020	potřebujeme v té lokalitě
5510020	5510960	dělat kvůli,
5511120	5511660	dá se říci,
5511760	5512800	i kvůli tvojí stavbě.
5513760	5514460	V tomto projektu
5514460	5515300	tu infrastrukturu,
5515520	5516480	ta společnost dělá
5516480	5518000	už na základě přímo té smlouvy.
5518660	5519500	Takže proto vlastně
5519500	5520080	my jsme řekli,
5520200	5520400	ano,
5520620	5521680	tady můžeme dát výjimku,
5521800	5522620	protože celá ta,
5522860	5523860	ono vlastně staví
5523860	5525600	nejen ty jednotlivé objekty,
5525700	5525980	ale vlastně
5525980	5526540	kompletně
5526540	5527480	celou infrastrukturu
5527480	5528520	v té lokalitě
5528520	5529680	a tím pádem
5529680	5530340	ty finance,
5530880	5531580	když to řeknu,
5532120	5533300	vyplačila dvakrát.
5533300	5535420	Jakoby tak v té logiky
5535420	5535680	toho,
5535880	5537320	to, co jsme my vlastně
5537320	5538080	v té vyhlášce.
5538240	5538980	Takže proto vlastně
5538980	5539620	se řeklo,
5540140	5541600	tento projekt
5541600	5542500	to již obsahuje
5542500	5543720	a tím pádem
5543720	5545100	to nemusíme
5545100	5545820	na to uplatňovat.
5545940	5546140	To jenom
5546140	5547120	to byla ta logika.
5547280	5548120	Poprosím pana Vančuru
5548120	5548780	ještě o reakci.
5550760	5551300	Děkuju,
5551400	5552120	pane primátore.
5552780	5554720	Tak souhlasím,
5554840	5555980	ale o to,
5557200	5558280	víc by tom
5558280	5559900	takovouto informaci
5559900	5561040	zastupitelům
5561040	5561620	měli dát,
5561740	5562340	aby na tom
5562340	5563480	investorovi
5563480	5564280	neolupívaly
5564280	5564680	něco,
5564840	5565820	co tam nepatří.
5566480	5566960	Jo, děkuju.
5568880	5569400	Jasné,
5569600	5570200	rozumím tomu.
5570960	5571200	Tak,
5571300	5571860	další zhlasí
5571860	5572660	pan náměstek
5572660	5573140	Pavel Brda.
5574740	5575380	Tak ještě jednou
5575380	5577240	dobré dopoledne všem.
5577360	5577720	Já jsem chtěl
5577720	5578300	jenom dozhrnout,
5578420	5579480	já to považuji za,
5579480	5580560	že je správně,
5580660	5581600	že se o tom tady bavíme,
5581700	5582260	protože samozřejmě
5582260	5583300	je to velká transakce
5583300	5584220	a z pozice města
5584220	5585540	a tato transakce
5585540	5586080	je to největší
5586080	5586700	transakce
5586700	5587720	v historii města.
5588700	5589460	Možná zhrnou,
5589460	5591340	že neprodáváme
5591340	5591980	celou plochu,
5592060	5592480	ale reálně
5592480	5593020	prodáváme
5593020	5594980	pouze 8 953 metrů
5594980	5595600	čtvereční,
5596480	5597120	dosažená cena
5597120	5599300	40 845 korun
5599300	5600260	z DPH
5600260	5600920	a plus
5600920	5603320	peníze do infrastruktury
5603320	5604640	15 438
5604640	5605820	na metr čtvereční.
5605820	5606980	Jsou to pro nás
5606980	5608120	rekordní částky.
5608680	5609300	V lokalitě by mělo
5609300	5611020	vzniknout až 400 bytů,
5611400	5612400	600 parkingu
5612400	5613980	plus 500 parkingu
5613980	5615740	v parkovacím domu města.
5616280	5616740	Možná ještě
5616740	5617860	pro pana Simkoviče,
5617860	5618800	to jsme zmiňovali,
5618860	5619560	bavíme se o tom,
5619960	5620640	předměsto si stále
5620640	5621840	nechává dva pozemky,
5622060	5622820	jeden vlastně
5622820	5623400	bude určen
5623400	5624400	pro parkovací dům
5624400	5625300	se sportovní halou
5625300	5626340	a jeden pro případnou
5626340	5627280	bytovou výstavbu.
5628220	5628760	Můžeme se pak
5628760	5629700	do budoucna ještě bavit
5629700	5630600	co dál s tím,
5630700	5631360	jaké jsou možnosti,
5631420	5631840	uvidíme.
5633440	5634500	Znalecký posudek
5634500	5635400	byl vypracován
5635400	5637020	na částku 197 milionů,
5637080	5638160	takže ta dosažená cena,
5638320	5638740	která je
5638740	5639380	z DPH
5639380	5641340	365 milionů
5641340	5641800	a plus
5641800	5642900	87 milionů
5642900	5643900	do infrastruktury,
5644120	5645080	tak za nás je
5645080	5646620	velmi dobrý výsledek.
5647740	5649340	A co se týče
5649340	5650440	nějaké
5650440	5652040	kredibility toho investora,
5652180	5652800	tak na ně jsou,
5652960	5654260	jak zmiňoval pan Mančura,
5654340	5655200	velice dobrá.
5655640	5656360	Prně vybudovali
5656360	5657260	několik čtvrtí,
5657720	5658980	pokud jsme se s nimi potkávali,
5659120	5660060	tak jejich záměr
5660060	5660720	je tady použít
5660720	5661260	vlastně nějakých
5661260	5662840	dánských vzorů,
5663280	5664040	kterou používat
5664040	5666180	obklady cílných pásků,
5666820	5667840	vysoká kvalita
5667840	5668920	veřejného prostoru,
5670280	5670600	samozřejmě
5670600	5671860	útržitelný způsob,
5671860	5672800	staveb.
5673180	5674040	Jak bylo zmíněno,
5674160	5675360	bude to modulární výstavba,
5675460	5676340	takže já jsem přesvědčený,
5676400	5677380	že to přinese kvalitu,
5677480	5678000	která ve zlíně
5678000	5679220	do té doby nebyla.
5679720	5680760	A ještě k té debatě
5680760	5681620	o tom, jestli by to mělo
5681620	5682380	postavit město.
5683040	5683800	My jsme se samozřejmě,
5683960	5685540	ty úvahy tady samozřejmě byly,
5685720	5686500	ale jak zmiňoval
5686500	5687220	pan primátor,
5687620	5689060	my nemáme v tento moment
5689060	5691060	adekvátní aparat
5691060	5692580	takovou velkou čtvrtě připravit
5692580	5693700	a samozřejmě
5693700	5694840	ani finanční možnosti
5694840	5696040	a vzhledem k rozpočtovému
5696040	5696480	určení daní
5696480	5697700	a finanční možnosti města,
5698180	5700100	projekt řádu 3 až 4 miliardy
5700100	5700920	je v tento moment
5700920	5702200	nereálný.
5702300	5703220	Takže jsme vycházeli,
5703700	5704800	že pokud se tato stavba
5704800	5706240	ze strany soukromého investoru
5706240	5706960	realizuje,
5707460	5708420	tak to přinese další
5708420	5709740	daňové příjmy pro město,
5709900	5710680	budou se tady dělat
5710680	5711680	různé transakce,
5711900	5712500	výstavba,
5712680	5713760	firmy dostanou práci
5713760	5715020	a další příjem
5715020	5716400	bude výnosu daně
5716400	5717060	z nemovitostí.
5717180	5717660	Takže jsou to,
5718060	5718500	to je podobně
5718500	5719480	i u Boněckého rybníku,
5719560	5720180	že to bude mít
5720180	5721200	velmi pozitivní dopad
5721200	5722220	ještě na další
5722220	5724020	dodatečné příjmy města.
5724780	5725760	Důležité ještě zmínit
5725760	5727120	tady ty indexace,
5727740	5728920	taky jsou to indexace,
5729020	5729800	které ještě v historii
5729800	5731280	jsme ani neuplatnili
5731280	5732540	za předchůdců
5732540	5733820	a i v době stanu
5733820	5734780	se nic takového
5734780	5735720	nikdy neudělalo.
5736140	5736940	Já potom samozřejmě
5736940	5737400	to zmíním
5737400	5738760	i u Boněckého rybníku,
5738760	5739860	že byly úplně
5739860	5740880	jiné částky
5740880	5741820	a žádné takové
5741820	5742720	klauzule tam nebyly,
5742820	5743520	takže já jsem rád,
5743600	5744700	že jsme to poprvé použili.
5745560	5745940	Myslím si,
5746280	5747920	že ta práce
5747920	5748840	tady byla odvedena
5748840	5750020	jako zásadní,
5750480	5751060	připravovala to
5751060	5752020	prestižní kancelář
5752020	5752380	v Praze
5752380	5753640	advokátní Vilsons,
5753800	5754880	takže potom samozřejmě
5754880	5755500	nějaká debata
5755500	5757140	co se týče právní stránky
5757140	5759520	s panem Jurášem
5759520	5760780	určitě je možná
5760780	5762260	o některých ustanoveních
5762260	5763180	a po případě
5763180	5764680	z advokátní kanceláři Vilsons.
5764680	5766760	Takže já jenom jsem chtěl
5766760	5767300	za mě,
5767480	5768460	já jsem spokojený,
5768500	5769800	jak ta transakce proběhla
5769800	5772220	a mám důvěru v investora
5772220	5773900	a samozřejmě je v pořádku
5773900	5774920	se bavit o případných
5774920	5776040	rizicích k té transakce,
5776180	5777320	ale myslím si,
5777400	5778720	že to je důvěryhodný partnera
5778720	5780680	a podle jejich vyjádření
5780680	5781980	by ta stavba měla vzniknout
5781980	5782600	do pěti let,
5782780	5783980	takže za mě to je
5783980	5785140	velice dobrý výsledek.
5785300	5786360	Takže i panu Hermanovi
5786360	5787760	děkuju za odvedenou práci.
5789540	5790580	Dobré, moc krát děkuju.
5790580	5792260	Další slásí, pan Simkovič.
5795100	5796540	Já děkuji panu Brnovi
5796540	5797320	ještě za výsvětlení
5797320	5798200	a možná na poznámku.
5798280	5798680	Nemyslím si,
5798740	5799440	že bychom někdy dělali
5799440	5800360	za doby stanu projekt,
5800500	5801660	který bude zavazovat město
5801660	5802800	na sednáct, patnáct let,
5803300	5803920	takže možná proto
5803920	5805160	tam ty indexace nemuseli být
5805160	5805860	a neřešili se.
5806860	5807360	Já bych ten obráz
5807360	5807580	zahledal.
5808480	5809460	Já budu strašně rád,
5809500	5810520	když se ten projekt provede
5810520	5811140	nakonec,
5811220	5812120	když to bude přistavěno,
5812180	5812940	když to bude za těch pět let,
5812940	5813880	bude to fantastické.
5814540	5815360	Zméně, jak jsem říkal,
5815520	5815900	sednáct,
5815940	5816820	ale strašně dlouhá doba.
5817640	5818680	Ta ekonomika je
5818680	5819620	vysoce turbulentní
5819620	5820980	a já vůbec nepodezírám
5820980	5822060	kupujícího,
5822180	5822940	že bych chtěl dělat
5822940	5823640	něco nekalého
5823640	5824740	na druhou stanovnější vlivy,
5824820	5825240	které jsou.
5825660	5826480	Prostě se mohou dostat
5826480	5827000	do situace,
5827180	5828660	které nebudou pro nás
5828660	5829960	jako pro město komfortní
5829960	5831140	a proto tam vnímám
5831140	5832760	ty pojistky,
5833100	5834120	které jsme ještě změkčili
5834120	5835140	z té původní spolouvy
5835140	5835980	pro město.
5835980	5837400	a tak to říkali pany Uráž,
5837440	5838980	někde mírně výhodné
5838980	5839580	a odpověď na to,
5839640	5840620	jestli mohu rozšířit
5840620	5842800	tu plochu nad rámec 5%
5842800	5843680	ve vyšších patrech,
5843760	5844560	jsem odpověď nedostal.
5844640	5845340	Mě ta smlouva
5845340	5846060	s mnou budoucí říká,
5846140	5846480	že mohu
5846480	5848500	a nic z toho pro město
5848500	5849300	v podstatě nebude
5849300	5851280	a urbanisticky to je jistý
5851280	5852820	komfort a problém
5852820	5853780	a v kombinaci s tím,
5853860	5854900	že to vyvedu tu společnost
5854900	5855960	na někoho jiného
5855960	5856320	a podobně,
5856380	5857440	tam pořád toho riziko vidím,
5857540	5858140	takže za nás
5858140	5859360	to nemůžeme,
5859360	5859860	tento projekt
5859860	5860700	takto v této podobě
5860700	5861700	díky těmto pojistkám,
5861760	5862320	kde si myslíme,
5862400	5863400	že by mohly být
5863400	5864460	trošku přísnější.
5864560	5865140	Jestli ten investor
5865140	5866080	to chce udávat do pěti let,
5866480	5867260	tak by se těch pojistek
5867260	5868020	asi neměl bát.
5868760	5869340	V okámežiku,
5869480	5870400	kdy dostanou
5870400	5871060	na 20 změn
5871060	5872660	a všechny jsou
5872660	5873960	ve prospěch
5873960	5875600	toho kupujícího,
5875680	5876460	tak mě to trošilinku
5876460	5877580	zneklidnilo.
5879740	5880520	Dobrá, děkuji.
5880620	5881360	Další se hlásí
5881360	5881960	panáměstek
5881960	5882840	Měoslav Kavánek.
5883280	5884240	Děkuji, pane informátore.
5884240	5885700	Já jenom jirchlou o reakci
5885700	5887340	na pana Simkoviče.
5888380	5889080	Děláme projekt,
5889200	5890620	který jsme z hlíska
5890620	5892320	významu
5892320	5893660	zasažení vlastně
5893660	5894480	toho města
5894480	5895500	nikdy nedělali.
5895760	5897740	Takže když stan dneska říká,
5897940	5899540	jako nikdy jsme nezavázali
5899540	5901200	město k něčemu takovému,
5901700	5902040	no proto,
5902140	5902920	protože jste nikdy
5902920	5904120	tak velkej projekt nedělali.
5905980	5907100	To je ten důvod,
5907340	5907480	jako jo.
5907560	5908520	Ta březnická už je tam
5908520	5910500	deset let, jako odkoupena.
5910720	5912400	Nikdy jste ten projekt
5912400	5913760	jako nenastartovali,
5913760	5914340	neudělali.
5914960	5916040	Čili, já chci jenom
5916040	5916940	k tomu říct,
5917020	5917240	víte,
5918900	5920040	je to věc,
5920180	5921700	která je tady
5921700	5923400	z hlíska té velikosti
5923400	5925420	a těch konotací
5925420	5926860	prostě mimořádná.
5928020	5928580	Já si myslím,
5928720	5929820	že jedinou věc,
5929860	5931540	co poučení do budoucna
5931540	5933520	je, aby se tyto věci
5933520	5934420	v tomto rozsahu
5934420	5935980	prostě lépe komunikovali,
5936340	5937280	ať se k tomu můžeme
5937280	5939300	opravdu i v průběhu
5939300	5940720	připravit těch projektů
5940720	5942300	všichni scházet
5942300	5943320	tam být informace
5943320	5943860	a samozřejmě
5943860	5944700	přispívat tomu,
5944760	5945580	protože je to zájem.
5946220	5947200	Já jenom chci říct,
5947320	5948300	jakože jistotu
5948300	5949080	takových projektů
5949080	5949620	nebudete mít
5949620	5950440	100%.
5950440	5950940	Nikdy,
5951500	5951720	jo,
5951960	5952700	vždycky ponoseme
5952700	5954240	určitý díl rizika
5954240	5955680	té celé transakce.
5956080	5956460	Myslím si,
5956460	5957660	říct, že bavit se tady
5957660	5957960	o tom,
5957960	5958360	jestli,
5958700	5961500	jako máme
5961500	5961860	rate cap
5961860	5963420	na 5%
5963420	5964000	inflace.
5964340	5964960	Já vám můžu říct,
5965040	5965460	že pokud bude
5965460	5966560	10 nebo 12%,
5966560	5967140	tak to tam nikdo
5967140	5967760	stavět nebude.
5968160	5969260	Jo, prostě to zastaví,
5969360	5969480	jo,
5969540	5970660	protože z líska
5970660	5971140	přístupů
5971140	5971940	k kapitálu,
5972040	5972280	jako,
5972680	5973460	nedovedu si představit,
5973540	5974200	kolik by měl stát
5974200	5974800	dluhopis nebo
5974800	5975680	financování toho
5975680	5977100	projektu na peněžním
5977100	5977620	trhu, jako,
5977700	5977840	jo,
5977840	5979120	to si nedovedu představit,
5979240	5979380	jako,
5979380	5979520	jo,
5979520	5980180	a kolik by potom
5980180	5980980	měl státem být,
5981060	5981160	jo.
5981640	5982780	Takže to jsou všechno
5982780	5983380	takové věci,
5983480	5984740	které nějak vypadají,
5984820	5985500	ale ta realita
5985500	5986220	je potom trošku
5986220	5986800	jako jiná.
5987180	5987740	Já si myslím,
5987880	5990460	že máme projekt,
5991260	5992680	o který se někdo
5992680	5993360	přihlásil,
5993460	5994540	ty reference na tu firmu
5994540	5996540	jsou jako kvalitní
5996540	5997180	a dobré,
5997320	5998240	i ta spolupráce
5998240	5999020	vlastně z líska
5999020	5999800	toho přípravy
5999800	6001260	a vlastně
6001260	6003460	komunikace kolem
6003460	6004360	přípravy tohoto
6004360	6005140	projektu byla,
6005560	6005980	si myslím,
6006040	6008200	na vysoké úrovni
6008200	6008880	i ze stany
6008880	6009640	Trichai,
6009640	6010180	takže
6010180	6012420	já věřím tomu,
6012520	6013740	že se nám to prostě
6013740	6014900	podaří dotlačit
6014900	6015940	do dobrého konce
6015940	6016680	a že budeme mít
6016680	6018220	dneskou čtvrt
6018220	6019340	ve zlíně,
6019540	6021660	která tam patří
6021660	6022780	a která tam
6022780	6023700	do nějakých
6023700	6024540	šesti, sedmi let
6024540	6024940	zvíkne.
6027120	6028280	Dámská, děkuji.
6028360	6028720	Poprosím,
6028780	6029300	pane Juráše.
6030920	6031900	Já moc děkuji
6031900	6032620	za vystoupení
6032620	6033360	pana Chalánka.
6034380	6035260	Já bych nechtěl,
6035340	6036000	aby to úplně
6036000	6036840	vyznělo tak,
6037000	6038740	že jsme proti
6038740	6039260	rozvojovým
6039260	6040320	investicím ve městě
6040320	6041240	probu chráň,
6041380	6042160	tak to není.
6043020	6043720	Jsou zatím
6043720	6044540	určité stovky
6044540	6045480	hodin práce
6045480	6047180	a dobrý záměr.
6047980	6048500	To, co
6048500	6049860	připomínáme,
6049980	6050700	jako vždycky,
6050820	6052040	je skutečnost,
6052180	6052860	že pokud
6052860	6053580	opravdu
6053580	6054740	řeším projekty,
6055280	6055960	které přesahují
6055960	6056660	dekádu,
6057000	6057520	o to více
6057520	6058420	přemýšlím
6058420	6059440	nad tím,
6059580	6060460	jak to dobře
6060460	6061200	provést.
6061720	6062760	To, co mně
6062760	6063920	se přiznám,
6064600	6065000	ne ani
6065000	6065620	zarazilo,
6065860	6066800	spíš bych řekl,
6067340	6068020	při tom
6068020	6068940	promýšlení
6068940	6070160	standardně,
6070280	6071360	když za vám přijde klient
6071360	6071840	a začnete
6071840	6072700	identifikovat
6072700	6073440	ty rizika,
6073720	6074500	tak se díváte
6074500	6075160	na to z pohledu
6075160	6076120	statutárního města
6076120	6076360	z lina
6076360	6077420	spolu toho investora
6077420	6078580	a říkáte si,
6078680	6080040	kde by to mohlo být.
6080100	6081020	Tam trošku
6081020	6081600	vyčítám,
6081720	6082460	pane Hermane,
6082560	6083220	při vší úctě,
6083220	6085120	ten tržní standard,
6085320	6086180	práva staveb,
6086240	6087440	tam není tak
6087440	6088140	kvalifikovaně
6088140	6088700	dodržen,
6088960	6089840	jak my jsme zvyklí.
6090180	6090740	A to je celé,
6090780	6091580	co k tomu mám,
6091780	6092560	proti té investici
6092560	6093620	samou sobě samozřejmě
6093620	6094320	vůbec nic.
6094320	6098680	Děkuji za to upřesnění.
6098960	6099660	Tak, jak bylo řečeno,
6099820	6101020	samozřejmě vnímáme,
6101100	6102200	že to je velký projekt,
6102560	6103360	projekt, který tady
6103360	6103760	více měně,
6103820	6104540	jak jste tady nebyl.
6105100	6105600	Samozřejmě,
6106140	6107020	tak, jak říkáte,
6107320	6108620	a plně s vámi souhlasím
6108620	6109740	je snahou snížit
6109740	6111080	jakékoliv rizika
6111080	6112380	a proč se rady
6112380	6113000	ty zkušenosti
6113000	6113940	na území města z dína.
6114480	6115080	Už máme
6115080	6116040	a na základě toho
6116040	6117000	taky jsme vlastně
6117000	6118000	vždycky začali
6118000	6119180	potom následně dávat
6119180	6119560	nájmy,
6119560	6120540	nikoliv hned prodeje
6120540	6121080	a podobně.
6121540	6122200	V současné době
6122200	6123140	se jde cestou práva
6123140	6124340	stavby nikoliv nájmů,
6124440	6125280	protože ten institut
6125280	6126440	je trošku jiný
6126440	6127260	a na to to je,
6127340	6127560	že to řeknu,
6127620	6128180	hodnější.
6128840	6129400	Každopádně,
6129520	6129780	myslím si,
6129840	6131560	že ta diskuze je správná,
6132100	6133120	myslím si za sebe,
6133400	6134480	že je potřebná.
6134940	6136180	Zároveň si myslím,
6136240	6137480	že na základě této diskuze
6137480	6138380	se může vyvolat
6138380	6139400	celé další debata
6139400	6140860	o nějakých případných
6140860	6141580	dodatcích
6141580	6143640	se společností trikája,
6143640	6144700	pokud nějakým způsobem
6144700	6145400	bychom tam našli
6145400	6146360	opravdu nějaké věci,
6147000	6147640	které nám
6147640	6148940	výrazněji vadí,
6149060	6149720	to znamená znova
6149720	6150600	si to zanalizovat
6150600	6151020	i ty body,
6151120	6152080	co tady pana Juráš,
6152140	6153180	vy jste například zmíněval.
6153740	6154140	Myslím si,
6154240	6155300	že ta debata s nimi
6155300	6156460	byla vždycky seriózní
6156460	6157320	na všech jednáních,
6157440	6158620	takže nevidím
6158620	6159840	nějaký zásadní problém,
6159960	6161320	proč by případně
6161320	6161800	nemohl znikl
6161800	6163060	nějaký dodatek
6163060	6164780	tady nějaká
6164780	6165200	třeba příklad
6165200	6165580	i blížší
6165580	6166280	specifikace
6166280	6167500	těch jednotlivých limitů,
6167940	6169240	tak jak tady dneska zaznělo,
6169340	6169840	aby to bylo
6169840	6171640	více pro vás
6171640	6172900	všechny konfortnější
6172900	6174640	a pro tu budoucí
6174640	6175900	zastupitelst
6175900	6176760	posáříme také.
6177440	6178640	Takže já za to
6178640	6179340	moc krát děkuju
6179340	6181960	a tak jak už bylo řečeno
6181960	6183540	asi na všech stranách,
6183680	6184000	myslím si,
6184200	6185340	že všichni budeme jedině rádi,
6185440	6186200	pokud to vznikne
6186200	6188280	a logicky se chceme
6188280	6189160	co nejvíce chránit
6189160	6189620	z tomu,
6189760	6190360	kdyby se něco
6190360	6191660	po té cestě pokazilo.
6191860	6192920	Takže moc krát vám děkuju
6192920	6193760	za ty připomínky
6193760	6195120	a věřím tomu,
6195200	6197040	že i ve Zlíně
6197040	6197900	bude možné,
6198060	6198820	že soukromý investor
6198820	6200440	postaví něco většího
6200440	6201240	než jeden objekt.
6201840	6202720	Poprosím ještě
6202720	6203940	Kateřinu Francovou.
6204840	6206060	Dobré dopoledne všem.
6206820	6207440	Já za nás
6207440	6208040	za klub Stán
6208040	6208480	musím říct,
6208520	6209240	že se zdržujeme.
6209780	6210300	Není to proto,
6210400	6210980	že bychom chtěli
6210980	6212120	bránit rozvoj města.
6212220	6212580	Naopak,
6212760	6213460	my jsme byli tady,
6213540	6214260	když jsme se snažili
6214260	6215640	ty pozemky vykupovat,
6215800	6217080	uvědomujeme si ty rizika,
6217800	6218520	mojíme se toho
6218520	6219480	a je to materiál,
6219480	6220180	který jsme dostali
6220180	6221240	opravdu ve velmi
6221240	6222300	krátkém čase na to,
6222360	6223040	abychom to všechno
6223040	6223720	nastudovali,
6224180	6225180	abychom to pročetli.
6225760	6226260	Trápí nás,
6226320	6226840	že k tomu možná
6226840	6229580	nebyl prostor
6229580	6230300	k větší debatě.
6230680	6231300	Takže to je důvod,
6231380	6232140	proč se zdržujeme.
6232140	6237120	Já za sebe určitě říkám
6237120	6237740	co a otevřeně,
6237820	6239060	že mě za ty roky znáte,
6239140	6240220	že jsem se snažil dělat
6240220	6241140	těm větším projektům,
6241180	6242180	aspoň nějaké semináře,
6242240	6243560	abychom si ty věci probrali.
6244200	6245340	Na druhou stranu,
6246140	6247400	toto je trošku jiná situace,
6247480	6248660	já nemyslím to nějak ve zlém,
6248760	6250040	ale prostě je to otázka toho,
6250040	6253440	že vy se snažíte jednat s partnerem
6253440	6254800	v rámci nějaké smlouvy
6254800	6256700	a je to nějaký uzavřený proces.
6256920	6257320	To znamená,
6257360	6259620	my bychom určitě mohli dělat seminář,
6259620	6261280	ale ten seminář by proběhl ve stylu,
6261380	6262580	tady máte tuto smlouvu
6262580	6265020	a pojďme si řešit, co dál.
6265300	6267480	Takže ano,
6268080	6268940	to vlastně s vámi,
6269060	6270440	že by to tomu prospělo.
6271140	6273040	Na druhou stranu si myslím,
6273500	6276200	že když to schválíme v té podobě,
6276200	6277520	jak je to dneska předloženo,
6277760	6279760	tak je to určitá jistota
6279760	6281340	pro všechny strany,
6281480	6282460	ať už pro tu společnost,
6282580	6282920	který kájí,
6283000	6284740	tak pro město Zlín.
6285240	6286340	A nic nebráním tomu,
6286420	6287400	abychom ty obavy,
6287520	6288600	které tady dneska zazněly,
6288600	6289960	případně jakékoliv dalších,
6290080	6291120	které ještě se vyskytnou,
6291640	6293060	se právě za mě
6293060	6294840	s výrazně seriózním partenem
6294840	6297320	nepodařilo prostě nějakým dodatkem vyřešit.
6297480	6299720	Takže já za to právě moc ká děkuju
6299720	6301400	a rozumím tomu.
6301500	6302320	Rozumím tomu,
6302520	6303960	ale prostě jsou ty věci,
6303960	6306300	tak, jak se potkáme v dalším bodě,
6306380	6307660	co jsme vlastně přidali,
6307780	6308440	je i velké kino,
6308880	6311300	tak mi vlastně v rámci soutěže,
6311420	6312260	která vlastně do doby,
6312320	6313460	než my to dneska schválíme,
6313520	6314400	dá se vždy zprobíhá,
6314400	6315880	tak my vlastně nemůžeme
6315880	6317400	nějakým způsobem do toho vstupovat
6317400	6318500	a začít jako vědnat
6318500	6320520	a už vůbec neměnit smlouvy,
6320600	6322080	které by součástí té soutěže.
6322240	6325360	Takže zase ten zákon
6325360	6326340	nám něco umožňuje,
6327340	6328640	něco více, něco méně
6328640	6330580	a snažíme se ty kroky
6330580	6331480	výsledku udělat tak,
6331580	6332960	aby to naopak ty soutěže
6332960	6333740	nebyly ohroženy.
6334360	6335280	A na druhou stranu,
6335400	6335980	proto říkám,
6336100	6337520	že nikde nic nebrání tomu,
6337620	6339180	aby se dojednali nějaké dodatky
6339180	6341060	s kýmkoliv v rámci
6341060	6342000	tedykoliv projektů
6342000	6342500	a myslím si,
6342580	6343640	že toto je ten případ,
6343780	6345280	že na základí těch informací
6345280	6345760	z dneška,
6345900	6346800	těch vašich obav,
6347200	6347580	si myslím,
6347660	6348360	že do těch jednání
6348360	6349840	bychom měli dál vstoupit
6349840	6350600	a vlastně,
6350740	6352560	abychom ty jednotlivé obavy,
6352980	6353480	ať už tyto,
6353540	6354320	nebo ty budoucí,
6354500	6355460	jí teméně potlačili.
6355920	6356840	Takže za to moc káč děkuju.
6357600	6358660	Poprosím ještě náměstka
6358660	6359260	Pavla Bradu.
6360460	6361500	Já ještě takové jenom
6361500	6362620	doplnění.
6363040	6363480	Já samozřejmě
6363480	6364340	považuji za důležité,
6364440	6366160	že probíhá diskuze
6366160	6367320	a že ten projekt
6367320	6367720	samozřejmě
6367720	6369080	i na stavební komisi
6369080	6370120	byl diskutovaný
6370120	6371420	co se týče té zástavby
6371420	6372600	historické v radě,
6372680	6373720	takže nebylo určitě,
6373860	6374620	že by s tím,
6374840	6375580	že jsme vás nechtěli
6375580	6376480	s tím seznámit.
6376960	6377780	Tady se to dostávalo
6377780	6378940	do vysoce odborných
6378940	6380540	specializovaných částí
6380540	6381400	z oblasti práva,
6381840	6382420	takže do budoucna
6382420	6383820	určitě zvážíme
6383820	6386160	případně u tak důležitých smluv
6386160	6388640	nějaký speciální seminář.
6388980	6390240	Ta naše historická slušenost
6390240	6391360	byla, že dorazili většinou
6391360	6392280	jeden, dva lidi,
6392540	6395040	tak i tak se pokusíme
6395040	6396400	něco příště zorganizovat.
6397000	6397940	A možná jsem ještě chtěl říct
6397940	6399160	něco k výkupu tomu pozemku.
6399260	6401320	Já jsem si samozřejmě nechal vět,
6401420	6402840	jaká byla historie toho pozemku
6402840	6403800	a ono myslím,
6403880	6405080	že kolem roku 2006
6405080	6406040	ještě znevořil.
6406680	6407960	Bylo ten pozemek
6407960	6410080	prodaný developerské skupině ECM
6410080	6412560	a v podstatě v té smluvi
6412560	6413360	bylo ustanovení,
6413500	6414200	že město v případě,
6414280	6416200	že nebude realizovan záměr,
6416200	6418620	tak město může si vyžádat
6418620	6419180	ten pozemek
6419180	6420660	nebo v podstatě právo zpětné koupě
6420660	6421500	tohoto pozemku
6421500	6422840	a na základě tohoto vlastně
6422840	6424760	v éře stanu bylo koupeno,
6424840	6426660	takže tam nebyla žádná zásluha výkupu,
6426740	6428060	ale pouze bylo aplikováno
6428060	6429840	ustanovení o právu zpětné koupě
6429840	6430260	v případě,
6430340	6432000	že se developer dostane do insolvence
6432000	6433860	za takovou cenu,
6433900	6435400	za kterou to město prodávalo.
6435500	6436760	Takže to jsem jenom chtěl říct ještě
6436760	6437600	k tomu,
6437700	6439200	že by stan měl nějakou zásluhu
6439200	6440120	na získání toho pozemku
6440120	6441880	pouze aplikovali právo zpětné koupě,
6442000	6442780	které té smlouvě
6442780	6444600	historicky bylo tak tolik,
6444680	6445900	já jsem takový dovětek.
6447900	6449640	Dobrá, děkuji za to upřesnění
6449640	6452860	a nikdo další se do diskuze nehlásí,
6452980	6454180	takže prosím pojďme zastovat
6454180	6455340	materiál číslo 19.
6455340	6468300	Pro 25,
6468560	6470400	materiál číslo 19 byl přijat.
6471020	6472240	Materiál číslo 20
6472240	6473680	se týká
6473680	6475280	také pozemku,
6475480	6476560	také rozvoje lokality,
6476560	6478100	tentokrát Boněcký rybník
6478100	6481040	a myslím si,
6481420	6483320	že je tam spousta věcí
6483320	6484400	podobných
6484400	6485860	v tom, co bylo v předchozím bodu,
6485980	6486440	to znamená,
6486520	6487560	já to nebudu dál
6487560	6488120	prodlužovat
6488120	6488960	nějakou úvodu,
6489160	6489540	protože
6489540	6490220	myslím si,
6490280	6491620	že ten projekt znáte,
6491740	6492900	protože se byl několikrát
6492900	6494140	i medializován a podobně.
6495360	6496080	Jenom řeknu,
6496180	6496980	tak už jak jsem říkal,
6497140	6498060	i tady máme
6498060	6498760	z pozice
6498760	6499860	nejvyšší nabídky
6499860	6500500	mozájemce,
6500620	6501660	který podal nejvyšší nabídku
6501660	6502140	smlouvu
6502140	6503080	z jejího z jeho strany
6503080	6504200	podepsanou,
6504700	6505300	takže
6505300	6506820	by neměl být
6506820	6507580	nějaký problém
6507580	6508200	to, co tady
6508200	6509260	jsme například řešili,
6509360	6509760	že například,
6509820	6510420	že bychom my tady
6510420	6511380	schválili nějakou
6511380	6512240	stanovení smlouvy
6512240	6512840	a následně
6512840	6513780	vlastně
6513780	6514300	by
6514300	6516620	ta druhá strana
6516620	6516940	řekla,
6517020	6517680	že tam potřebuje něco
6517680	6518160	upravit,
6518280	6518720	nebo respektive,
6518780	6519540	jestli nesouhlasí,
6519600	6520240	že odstupuje
6520240	6521300	a tak dál
6521300	6522280	a vlastně musel by se
6522280	6522780	přistoupit
6522780	6523500	na to druhého
6523500	6524040	zájemce,
6524040	6524480	takže
6524480	6526380	v současnej chvíli
6526380	6527020	z této strany
6527020	6528280	je to také připraveno
6528280	6530160	a otvírám k tomu diskuzi
6530160	6530960	tím,
6531040	6531620	že jenom řeknu,
6531740	6533180	že vlastně soutěž
6533180	6535480	byla by soutěž
6535480	6536480	tak, jak máte
6536480	6537280	v materiálu
6537280	6538260	za
6538260	6540880	256,
6541440	6542620	tím, že je to 210 milionů
6542620	6543180	bez DPH,
6543700	6543980	takže
6543980	6544580	z DPH,
6544760	6545020	takže
6545020	6545720	tím, že je to
6545720	6546860	v nákladech je to
6546860	6549460	256
6549460	6551540	plus další
6551540	6552160	financ
6552160	6553120	do té infrastruktury
6553120	6554060	to takové se baví
6554060	6555020	na 105 milionech,
6555160	6555420	takže
6555420	6556900	jenom ať ty informace máte,
6557000	6557700	děkuji za to doplní
6557700	6558400	odporné náměstka,
6558520	6559380	jestli mi tu radí
6559380	6560560	těch číslech,
6560620	6561340	že to má před sebou,
6561420	6561660	já ne,
6561900	6563040	takže děkuji za to
6563040	6564100	a otvírám diskuzi
6564100	6565060	v materiál číslo 20.
6569320	6570200	Tak, poprosím
6570200	6570780	pana Vybráše.
6573680	6574160	Tak
6574160	6575640	nebudu rekapitulovat
6575640	6576400	předchozí bod,
6576580	6577320	ty smlouvy jsou
6577320	6578440	jemálně upráva stavby
6578440	6579140	zrcadlem,
6579480	6579640	těch,
6579740	6580500	to je březnické.
6581420	6582680	A k tomu přistupují
6582680	6583660	další dvě věci,
6584060	6584960	chtěli jsme zmínit,
6585120	6585960	proč se zdržíme
6585960	6586980	stejně.
6587600	6588840	Platba za kontribuci,
6589060	6590400	je tam stejná výjimka,
6590660	6591120	to znamená,
6591200	6592140	schválíme sice pravidla
6592140	6593220	pro postup z investory,
6593380	6595640	ale hned na dalším projektu
6595640	6597980	uděláme výjimku.
6599060	6599980	Druhá věc,
6600060	6601140	co bych chtěl zmínit,
6601320	6602360	snad nad rámec
6602360	6603240	i pro pana Hermana,
6603340	6603920	poprosím,
6604040	6605200	tentokrát ty práva stavby
6605200	6605860	jsou tam čtyři,
6605960	6606660	jestli jsem to pochopil
6606660	6607840	ke čtyřem pozemkům
6607840	6609000	a provázanost
6609000	6610000	není úplně dobrá,
6610000	6611660	to je jenom zase technická
6611660	6613280	a třetí nebo čtvrtá
6613280	6613960	drobná,
6615380	6615980	ať už dobře
6615980	6616500	nebo špatně,
6616540	6617640	na tohle ty AI nástroje
6617640	6618720	jsou fakt jako dobré.
6619320	6619980	Máte tam chyby,
6620520	6621420	máte špatně ič,
6621540	6622440	máte tam překlepy
6622440	6623100	v pozemcích,
6623440	6624340	máte špatně označený
6624340	6625340	katastrální území,
6625720	6626340	jo, prosím,
6626420	6627140	projděte si znovu
6627140	6627900	ty dokumenty,
6628140	6629500	jsou tam prostě zjevné
6629500	6630300	písařské chyby.
6630580	6631000	Děkuji moc.
6633240	6634140	Morská děkuji
6634140	6635000	za ty připomínky,
6635100	6636060	vlastně šepana Hermana,
6636060	6637140	ono chtěl reagovat.
6637440	6638680	Možná jenom ještě řekl,
6639120	6640080	ať to vezmeme postupně,
6640160	6641280	tak jak to pan Juráš
6641280	6641980	zmiňoval,
6642540	6643740	ohledně vlastně toho
6643740	6644640	poplatku z té
6644640	6645560	plánovací smlouvy,
6645640	6646580	protože tím pachatelem
6646580	6648060	té myšlenky jsem já tutiž.
6648540	6649720	Tak ne, tak je to prostě
6649720	6651120	fér, abych na to odpověděl já.
6651720	6653000	Já vám řeknu rovnou proč,
6653200	6654920	protože ta úvaha byla taková,
6655040	6655760	že prostě tady bude
6655760	6656900	nějaký tok peněz
6656900	6657700	od investora
6657700	6658680	směrem k nám
6658680	6659820	a ten investor,
6660140	6662600	on to nemá jako nějakou
6662600	6663600	vedlejší kategorii,
6663700	6664500	tady ten příspěvek.
6664600	6664960	On prostě,
6665480	6666500	aby mu vyšla
6666500	6667760	excelovská tabulka,
6667940	6669180	tak prostě v tom vstupu
6669180	6671420	má nějaké množství peněz.
6672000	6673420	A buď to nám jedá
6673420	6674400	v jednom titulu,
6674540	6675200	to znamená
6675200	6676740	v kupní ceně,
6677220	6677760	anebo je nám,
6677840	6678980	nebo prostě stejnou částku
6678980	6679780	vlastně rozdělí
6679780	6680680	do dvou titulů,
6681020	6681740	s tím, že navíc
6681740	6683040	se to ještě platí později,
6683140	6683500	to znamená,
6683580	6684540	z hlediska našeho cashflow
6684540	6685940	je to o trošičku lepší,
6688680	6689580	v obou těch projektů,
6690240	6691500	protože vlastně smyslem
6691500	6693060	vůbec těch poplatků
6693060	6694260	dle plánovací smlouhy
6694260	6694680	je to,
6695100	6695980	aby město mělo
6695980	6696840	nějaké peníze
6696840	6698260	na infrastrukturu
6698260	6699360	a tady my vlastně
6699360	6700980	v obou dvou těch projektech
6700980	6702400	nechceme potom investorov,
6702480	6703740	jenom udělejí si to
6703740	6704700	nejbližší okolí,
6704780	6705980	ale vlastně vždycky chceme
6705980	6707560	vybuduji i něco navíc.
6707660	6709280	V případě Březnické
6709280	6711860	je to vlastně celá rekonstrukce
6711860	6713560	ulice Uzimního stadionu,
6713900	6714880	plus se tam vlastně staví
6714880	6716700	úplně nová spojovací silnice
6718680	6720200	stadionu, včetně vlastně
6720200	6721920	i veškerých zálivů,
6722000	6722700	protože vlastně tam bude
6722700	6723960	ta konečná trolejbusu.
6724460	6726200	V případě Boněckého rybníka
6726200	6727340	tak tam se vlastně buduje
6727340	6728220	jako velmi,
6728400	6729160	jako bych řekl,
6729780	6731680	finančně náročné propojení
6732300	6734720	vlastně od Broučkovy
6734720	6736680	na Dřevnickou.
6737520	6738020	To znamená,
6738420	6739580	tam totiž tak jako tak,
6739660	6740380	tam jsou nadstandard,
6740440	6740820	to znamená,
6740940	6742540	to je jako pro to odůvodnění,
6742940	6744040	jako byly morální,
6744260	6744640	to znamená,
6744680	6745860	že stejně po nich chceme
6745860	6747460	velké investice do
6747460	6748880	na vlastně majetku,
6748960	6749860	který pak bude používat
6749860	6752100	a brz sloužit z línu
6752100	6753320	a zároveň pak tam bylo
6753320	6754860	i to cashflowové vlastně
6754860	6755620	zdůvodnění,
6755740	6756980	jestli to bylo takto dostatečné.
6759140	6760420	Vlastně děkuji za tou předsení,
6760500	6761620	poprosím ještě pana Vybráše.
6767060	6767920	Už tvítíme.
6767920	6769480	Děkuji.
6769480	6771420	Děkuji, kdybych použil anglický výraz
6771420	6772140	fair enough,
6772620	6774360	ale vyvolává to mě další otázku,
6774420	6775580	proč ty pravidla pak máme.
6776440	6779180	Jo, jako máme nějaké pravidla,
6779300	6780840	které říkají standardizaci právě,
6780920	6782660	abychom nedělali ty výjimky
6782660	6784700	a teď to stavíme na tom,
6784840	6786760	že v rámci biznes modelu investora
6786760	6788240	si to vybereme v kupní ceně.
6788560	6789480	Jo, ten poplatek.
6790040	6791740	Já jestli vám fakt můžu říct,
6791780	6792160	jak to bylo,
6792260	6793700	totiž tady tato myšl,
6793700	6794480	protože já jsem byl u toho,
6794520	6795580	když se vymýšleli vlastně
6795580	6797020	vůbec ty plánovací smlouvy
6797020	6799320	a ještě v procesu toho vymýšlení
6799320	6800060	jsem tenkrát řekl,
6800140	6801200	ale pojďme s toho výjmout
6801200	6802900	tady tyto dva projekty.
6803020	6804320	Jenom ať když se o tom bavíme,
6804720	6805800	prostě to vždycky to má
6805800	6807300	jako nějaké,
6807420	6808320	to rozhodnutí má vždycky
6808320	6810220	nějaké zázemí.
6810680	6811900	Ten rozdíl je v tom,
6811900	6813900	že je v celku logický.
6814100	6814620	Je o tom,
6814760	6815900	že pravidla pro ty investory
6816540	6817520	respektive developery,
6817620	6818560	které máme nastavená,
6818660	6819320	tak jsou vlastně
6819320	6820740	na ty skutečnosti,
6820820	6822200	které se více mě ve změně dějí,
6822280	6824000	to znamená jednotlivý objekt,
6824220	6825140	případně dva objekty
6825140	6826380	a tak dál.
6827060	6828360	Tyto dvě soutěže,
6828500	6829780	ať už toho materiáčí jsou 19,
6830020	6831740	nebo teďka ten materiáčí jsou 20 je,
6831880	6832580	že my soutěžíme
6832580	6833900	celou rozvojovou lokalitu,
6834060	6835220	včetně té infrastruktury.
6835700	6836880	Takže ono tam dává logiku,
6836880	6838640	že chceme i tu infrastrukturu
6838640	6839900	nikoliv pouze ty objekty,
6840040	6841520	tak jak vlastně to staví někde jinde.
6842200	6844060	A já ze sebe jenom říkám
6844060	6844800	otevřeně,
6844800	6848700	že určitě musí dojít
6848700	6850100	na základě těch zkušeností
6850100	6851620	za ten teďka necejí rok,
6851700	6853080	kdy vlastně ta pravidla platí,
6853500	6854720	tak určitě já si myslím,
6854800	6856400	že v nějakém prvním polotí
6856400	6857040	příštího roku
6857040	6858520	dojde kaktulé z těch pravidel,
6858620	6860060	protože jsou tam některé procesy,
6860120	6861720	které jsou složitější zbytečně.
6862720	6863980	Dojde určitě tam příklad
6863980	6864840	i tady s těmto věcem,
6864960	6866520	že tam může být vlastně
6866520	6867520	přímo deklarováno,
6867600	6869040	že pokud se soutěží
6869040	6870880	kompletní rozvojová lokalita,
6870880	6871640	ještě tak to nazvem,
6871780	6872760	včetně infrastruktury,
6872880	6874260	tak vlastně ten poplatek tam není
6874260	6876260	a se nedělají zbytečně nějaké výjimky,
6876440	6877580	protože každá výjimka
6877580	6878720	prostě vždycky zbuzuje,
6879240	6881280	tak tzv. otazník ne-li vykřičník
6881280	6882540	a každý se ptá proč.
6882680	6884520	Takže já jsem moc rád,
6884580	6885480	že ty pravidla jsou,
6886040	6888440	ale samozřejmě myslím si,
6888440	6891340	že je potřeba umět reagovat
6891340	6892280	také na tu praxi
6892280	6893520	a ta praxa nám ukázala,
6893660	6894920	že určité aktualizace tam
6894920	6896440	v těch pravidlech budou muset nastat.
6896440	6900220	Další se hlásí Kateřina Francová,
6900320	6901580	tak poprosím paní Francovou.
6902680	6904000	Ještě jednou dobré dopoledne.
6904520	6906260	Mně trošku tady zaráží
6906260	6908360	těch 15 let na čtyřibytové domy.
6908620	6909340	Opět mi to přijde,
6909440	6910760	že to je poměrně dlouhá doba
6910760	6913060	na tu výstavbu,
6913060	6915220	že jim dáváme celkem velký časový prostor.
6915420	6916120	To je první věc.
6916760	6917540	A druhá věc,
6918440	6919380	my jsme se bavili o tom,
6919720	6920600	že toto je lokalita,
6920700	6923500	kde bychom mohli počítat
6923500	6925200	s výstavbou městských bytů,
6925200	6928700	tak jaká je představa,
6928800	6930300	protože tu tady nemáme
6930300	6931600	z hlediska výstavby
6931600	6934240	městského bytového domu?
6934660	6936260	V té lokalitě je to nastavené tak
6936260	6937160	a je to vlastně zase,
6937260	6939280	myslím si, že to bylo publikováno dál,
6939280	6941100	ale možná neúplně dostatečně.
6941420	6943100	Ta logika je ta,
6943220	6945620	že více měně si ta město nechává pozemky,
6946180	6947460	ale nechává si pozemky
6947460	6948960	na dva bytové domy.
6949140	6950260	To znamená, bavíme se zhruba,
6950800	6952260	uvidíme podle těch dispozic,
6952380	6953160	to bude nějakých 50.
6953160	6956440	My všude obecně píšeme zhruba 50 bytů,
6956980	6958580	díky těm dispozicím se může stát,
6958660	6960180	že to je 50 a 60 bytů.
6960780	6961660	To je ta logika,
6961880	6962800	co vlastně říkáme,
6962920	6965480	že naše rozvojová společnost
6965480	6967940	musí začít od něčeho menšího,
6968300	6968760	to znamená,
6968840	6970480	budoucí vedení města se rozhodne,
6970600	6972340	jestli to bude řešit tento projekt
6972340	6974940	prostřednictvím této soukromé městské společnosti,
6975300	6976880	nebo si to bude chystat přes odbor,
6977000	6978240	prostě nejakým způsobem
6978240	6980080	se to bude financovat a tak dál.
6980080	6982000	To znamená, jsou ty věci k tomu otevřené,
6982600	6984100	počítá se s ním samozřejmě
6984100	6986240	a je to jen otázka toho,
6986340	6988200	že jsme nechtěli tou cestou,
6988320	6990380	že bychom soutěžili včetně těchto domů
6990380	6991640	se závazkem investora,
6991780	6993940	aby městu následně ty dva domy
6993940	6995020	vlastně bytové převedl,
6995700	6998120	protože by to byla relativně výrazná
6998120	6999920	smluvní komplikace vlastně
6999920	7000980	a celé té soutěže,
7001120	7002320	takže jsme si touto cestou,
7002420	7004460	která přijde pro nás jednodušší,
7004460	7006900	jak z pozice pro toho investora,
7007100	7008040	tak také pro město,
7008180	7009640	aby vlastně ty dva bytové domy
7009640	7012220	mohlo stavět nezávisl na tom investorovi
7012220	7014000	a v čase, kdy prostě je samo chce.
7014660	7016540	Takže není prodáno všechno,
7017060	7018120	zůstala tam lokalita
7018120	7019880	a konkrétně na dva bytové domy.
7021540	7023020	Jestli můžu takovou drobnost,
7023260	7024580	my to teprve teď prodáváme,
7024640	7025200	já už jsem viděla,
7025320	7027120	že realitní kanceláře to nabízejí.
7027120	7029760	Tak to mě docela překvapilo.
7029920	7030840	To jsou jiné pozemky.
7032580	7033160	Tam jsou pozemky...
7033160	7033780	To je to SMO?
7034500	7035060	Ne, ne, ne.
7035180	7037200	Tam je společnost AIP,
7037360	7038980	která historicky v těch...
7038980	7041220	To je to, co tady zmiňoval pan náměstek
7041220	7042780	před nějakou chvíli na zastupitelstvu,
7042860	7044280	že se historicky tam v té lokalitě
7044280	7045320	prodávaly pozemky.
7046220	7049020	Za dnešních očích
7049020	7051100	velmi směšnou cenu zcela otevřeně,
7051220	7052900	protože tehdy se rozhodovalo,
7052980	7054660	jestli město bude, říkajeme,
7054740	7055640	důvědějorný partner
7055640	7058980	anebo trošku jako řekne,
7059060	7059780	že to je nesmysl.
7060240	7060940	Tehdy se rozhodlo,
7061020	7062380	že chceme být důvědějorným partnerem
7062380	7065040	a prodalo se to opravdu tehdy za částku,
7065180	7066920	která vycházela ze smlouvy,
7067020	7069080	která byla zase datována ještě dříve
7069080	7071400	a prostě ta částka nebyla úplně už tehdy.
7071880	7072640	Úplně jako...
7074220	7075060	Ještě vnímáno,
7075160	7077620	že ta, která by měla být vyšší,
7077820	7078460	stala otevřeně.
7078680	7081840	To se řešilo na zastupitelstvu.
7082580	7083180	Já si myslím,
7083260	7084640	že to bylo takový...
7085640	7087840	protože to bylo vlastně v zastupitelstvu
7087840	7088820	v tom předchozím,
7088920	7093160	ne v období 2014-2018.
7094000	7095340	V tom období se to prodávalo,
7095460	7097260	tuším, za 2000 za metr čtvereční,
7097420	7098720	dva a půl, něco takového,
7098760	7099960	mezi dva a dva a půl tisícema,
7100380	7101440	protože tam byla smlouva
7101440	7103260	se společnostní AIP
7103260	7104080	a smlouvy budoucí.
7104720	7106340	Tato společnost vlastně tam postavila
7106340	7107240	ty dva bytové domy
7107240	7110260	a stejná společnost tam vlastní i další pozemky
7110260	7114160	a vlastně přistoupila na urbanistickou studii města
7114160	7118040	a staví vlastně dle tady toho té architektury,
7118120	7119780	to, co tam chce město v té lokalitě
7119780	7122780	a tyto objekty již má v nabídce,
7122920	7125300	protože si řeší financování toho celého projektu.
7125300	7130000	Tak, další sehlásí náměstek Pavel Breda.
7130000	7135320	Já ještě jenom doplním pana primátora,
7135840	7137540	teď on řekl téměř všechno,
7137600	7138180	co jsem chtěl říct,
7138260	7139700	jenom zhodnu ještě ten projekt.
7140120	7142840	Prodáváme 7575 metrů čtvereční,
7142920	7144560	dosažená cena na metr čtvereční
7144560	7145600	prodávaného pozemku
7145600	7148860	33 544 z SDPH
7148860	7151080	plus investice do infrastruktury
7151080	7151780	dalších,
7151780	7153480	dalších,
7153480	7155460	tři nás nebo 14 tisíc,
7155540	7156500	to mám tady přepočtené.
7157340	7159440	Vznikne tam 260 bytů,
7159640	7161360	226 parkovacích míst,
7162040	7163260	v té lokalitě je cenová mapa
7163260	7165460	přibližně 4000 Kč na metr čtvereční.
7166200	7167940	Udělal jsem si teda rešerš,
7168120	7170040	jak se vlastně v eře stanu,
7170140	7172480	nebo do toho roku 2018
7172480	7173440	prodávali ty pozemky,
7173520	7175820	bylo to 2100 Kč za metr čtvereční
7175820	7177040	pod prodávaným pozemkem,
7177140	7178020	takže ne celý pozemek,
7178020	7179980	ale čistě pod tím bytovým domem.
7180480	7182020	Nebyly tam tehdy žádné parametry,
7182020	7189660	ani indexace a ani tam nebyl žádný příspěvek
7189660	7192240	na infrastrukturu a do veřejných prostranství
7192240	7195200	a nebyl tam žádný vliv na architekturu.
7195320	7197060	Takže to je jenom takové srovnání s tou eurou
7197060	7198460	do toho roku 2018.
7198460	7203580	Takže za mě je to zase velmi dobrý dosažený výsledek,
7203680	7206900	který se téměř blížní část se za Březnickou.
7207940	7209300	A potom ještě teda řeknu,
7209420	7210380	doplním tu informaci,
7210560	7212600	kterou tady zmiňoval pan primátor.
7212760	7214640	V té lokalitě z toho výnosu té čtvrtí
7214640	7217540	chceme vybudovat 50 až 60 bytů podle skladby
7217540	7219780	a chceme, aby to zůstalo jako nájemní bydlení
7219780	7220820	pro občany z Lína.
7220940	7222200	Myslíme si, že to je funkce města.
7222620	7224500	A ten důvod, proč jsme to původně zamýšleli,
7224620	7226540	že uděláme po rakouském vzoru soutěž,
7227340	7229460	že developer nám vlastně ty byty vybuduje,
7229660	7231060	ale z hlediska českého právního řádu
7231060	7232160	s tím byl docela problém.
7232540	7234560	Takže jsme šli takovou jednodušší cestou,
7234680	7236640	že si to město z výnosu té čtvrtí
7236640	7238480	vybuduje samoté nájemní byty
7238480	7240220	a zůstanou v majetku města.
7240620	7242380	To je kolik asi komentář tady
7242380	7243660	ponětskému rybníku.
7244460	7246240	A Pavlo, panu Hermanu, taky zase děkuji
7246240	7248100	za spoustu práce a s tím výsledkem
7248100	7249740	já jsem jako osobně velmi spokojený.
7250820	7252500	Já bych tam doplnil jenom jednu věc.
7252940	7254680	Dneska tady zaznili nějaké počty bytů
7254680	7255740	a podobných věcí.
7256840	7258920	Tam samozřejmě se to bude odvíjet od dispozic.
7259020	7261160	To znamená, investor zvolí nějaké dispozice
7261160	7262840	a těch bytů tam může být méně,
7262980	7264260	pokud ty byty budou větší.
7264720	7266240	V některých oběchtech naopak těch bytů
7266240	7267000	může být trochu více,
7267120	7267720	tak jenom poprosím,
7267780	7269580	berte ty čísla trošku jako orientační,
7269680	7271700	protože určitě ten investor
7271700	7273120	potom bude řešit dispozice
7273120	7275440	natových objektů dle jeho volby.
7275680	7278460	Takže jenom ať se teďka pak netáháte
7278460	7279580	někde do budoucna
7279580	7281120	nebo my všichni jsme řekli,
7281200	7282220	že tam bude takový počet.
7282680	7284320	Prostě bude to otázka toho vývoje.
7284440	7285640	Toto jsou orientační počty
7285640	7288320	dle nějakých předpokládaných dispozic.
7288460	7289720	To by v těch objektech mohlo být.
7289720	7291220	Jenom ať si to tady ještě řekneme.
7292080	7293840	Poprosím Kateřinu Francovou.
7294880	7297560	Jenom ta historie byla taková složitější
7297560	7298740	na spoustu věcí
7298740	7300260	a my jsme mají tak na starosti neměli,
7300360	7301780	ale to bych teďka nechtěla zmiňovat.
7302380	7304900	Jenom 260 bytů,
7305160	7306440	já vím, že to je obrazně,
7306620	7308820	ale 226 parkovacích míst v tuto dobu.
7308920	7310460	To nemáme ani jedno parkovací místo
7310460	7312260	a jeden byt je docela málo.
7312760	7314680	To si myslím, když už teda se o tom bavíme.
7315900	7317140	V té lokalitě dlouhodobě
7317140	7318540	bojujeme s parkovacími místy.
7318540	7319740	Jsme si to vědomi.
7320060	7322320	Měli jsme setkání z občany z té lokality
7322320	7324320	se spolkem, který je tam založený.
7325400	7326660	My v současné chvíli jsme
7326660	7328940	neustále tlačili na architekta,
7329020	7330860	aby se zvýšil počet parkovacích míst.
7331400	7332120	To znamená,
7332640	7333660	to je i to, co já říkám,
7333740	7334780	to, co je dneska řečeno,
7335820	7337940	není úplně to, co může být finální stav.
7339280	7340300	Druhá věc je ta,
7340400	7342620	že samozřejmě je ke zvážení
7342620	7345180	a je to politické rozhodnutí
7345180	7345820	do budoucna,
7345820	7347720	které se tady zvažovalo
7347720	7348520	už několikrát
7348520	7349940	a vždycky se od toho ustoupilo
7349940	7351360	z pozice politického,
7351840	7353100	čistě politické,
7353180	7354920	nebylo to nic jako ohledně racionální,
7355000	7357200	ale politického rozhodnutí
7357200	7359760	v několikero volebních obdobích,
7359900	7360460	které tu byly,
7361040	7363520	kdy z pozice města
7363520	7366000	jsme schopni zvýšit
7366000	7368060	na 1,5 násobek požadavky zákonů
7368060	7369380	na počet parkovacích míst.
7369940	7372160	Nikdo to tady z politického hlediska neudělal.
7372160	7373640	My jsme na tím zvažovali,
7374300	7375040	otevřeně řeknu,
7375140	7377260	v tomto roce jsme to dále řešili,
7377260	7379560	že bychom to tady ještě jakým způsobem chtěli dát.
7381340	7382880	Neříci, že jsme se neodvážili,
7383000	7383920	ale je to otázka toho,
7384000	7384720	že v současné době,
7384840	7386320	kdy ty projekty už jsou v této fázi,
7386420	7387540	tak už to bylo zbytečné.
7388220	7389100	Každopádně si myslím,
7389180	7390340	že to je úvazné,
7390420	7391780	jak s ním do budou se nakládat,
7392180	7393200	protože ten zákon
7393200	7394020	a ty normy,
7394260	7395800	které v současné době jsou,
7395920	7396380	tak prostě
7396380	7398640	nám to selský rozum nebere,
7398980	7399800	nikomu z nás,
7399800	7400680	ani občanům,
7401300	7403340	ale vedle toho máte proti tomu,
7403340	7403820	že ve chvíli,
7403940	7404820	kdy toto schválíte,
7404980	7407460	tak nejeden člověk z zastupitelstva,
7407620	7409500	ať už současného nebo minulého,
7410040	7413720	tady výřil logickou debatu,
7414380	7415560	že pokud toto město udělá,
7415640	7416460	tak podraží byty.
7418060	7419140	Samozřejmě ten investor,
7419420	7420300	když bude mít postavit
7420300	7421520	víc parkovacích míst,
7421640	7423380	tak samozřejmě si to do té ceny promítne,
7423780	7424620	ale pak je otázka,
7424620	7425540	co říká ten trh.
7425960	7426620	A vzhledem k tomu,
7426660	7428080	že ten trh v současné době
7428080	7430400	není nasycen těch nemovitostí,
7430520	7431700	tak logicky se to tam promítne.
7432140	7433360	Takže teď je otázka ta,
7433460	7434540	že my v současné době tím,
7434780	7436400	že schvalujeme tady právě
7436400	7437480	ty dva materiály,
7437580	7439340	které má přinést na trh stovky bytů
7439340	7440860	v relativně krátké době,
7441340	7443620	tak se otvírají dveře také k tomu,
7443780	7445160	tady znova otvří tu debatu,
7445560	7447000	jestli pro ty další projekty,
7447240	7448360	které se taky chystají
7448360	7450080	a také vzniknou za několik let,
7450080	7451700	jestli se nemá tady tato,
7451840	7453120	řekněme, využítné možnosti,
7453260	7453800	které město,
7453800	7454760	to je jediné možnosti,
7454840	7455540	kterou město má
7455540	7458240	a prostě ten násobek tam zvýšit,
7458880	7460220	protože v budoucnu,
7460380	7461920	až se ty byty dostanou na trh,
7462060	7463880	tak vlastně vzhledem tomu,
7463920	7465460	že ten trh by měl mít více dobytů,
7465600	7466780	tak by se to nemuselo
7466780	7467980	tak moc projevit do té ceny.
7468880	7470880	Ale toto je realita současných norem.
7472820	7474020	Poprosím ještě pana Hermana.
7475300	7476760	Pro paní Francu,
7476760	7478020	ale jako upřesnění,
7478180	7479420	tady toto číslo,
7479480	7480540	to se bavíme vlastně
7480540	7482380	o podzemních parkinzích.
7482380	7484020	Není tam teda moc těch nadzemních,
7484100	7484940	zase ať si teda jako,
7485040	7486460	když jednou teda mi bylo řečeno
7486460	7486940	fair enough,
7487000	7487600	ať jsem fair enough
7487600	7488200	i po druhé,
7488760	7490880	jsou tam nějaké jako nížší desítky
7490880	7492380	těch nadzemních parkingu,
7493020	7494020	ještě se tam teďka vymyslel,
7494100	7495100	ještě je něco nového
7495100	7496360	a je to zase třeba se bavíme
7496360	7497140	o další deseti,
7497280	7498080	třeba u dřebnice,
7498720	7501140	protože zase ta urbanistická logika
7501140	7501880	je taková,
7502320	7503840	a teďka nepodezírám pana architekta,
7503840	7504760	že se tam inspiroval,
7504820	7505720	ale prostě ono to vypadá
7505720	7506520	jako jedna čtvrť,
7506600	7507580	která je ve Švýcarsku
7507580	7509620	a vypadá tak dobře právě
7509620	7510240	i díky tomu,
7510280	7511520	že to vlastně není zaskládané
7511520	7512440	těmi parkovišti,
7512940	7513820	tak jak třeba dneska vypadá
7513820	7514380	jižní město,
7514720	7515580	ale prostě jenom k tomu,
7516020	7517880	to je vaši jako fakt správné připomínce,
7518520	7519960	ono je to jako dopárované
7519960	7521160	těmi nadzemními.
7523540	7524720	Dobrá, děkuji za to doplnění.
7525720	7527720	Níkdo další se do diskuze nehlásí,
7528600	7529320	takže já prosím,
7529320	7531160	pojďme hlasovat materiál číslo 20.
7542660	7544180	Pro 25.
7545120	7546860	Materiál číslo 20 byl přijat.
7546860	7548440	Materiál číslo 21
7548440	7550720	týkající se pozemních komunikací,
7551600	7553300	to znamená dohody a spolupráci
7553300	7554780	právě s řešení
7554780	7556280	pravobřežní komunikace,
7557460	7558300	jsou k tomu dotazy.
7559320	7562260	Nikdo se do diskuze nehlásí,
7562360	7564420	tak prosím, pojďme hlasovat materiál číslo 21.
7575420	7577060	Pro 28.
7577740	7579520	Materiál číslo 21 byl přijat.
7579940	7581100	Materiál číslo 22
7581100	7583260	týkající se pozemních komunikací,
7584220	7585580	tentokrát uzavření smlouvy
7585580	7587240	o budoucí kupní smlouvě,
7588120	7588940	jsou k tomu dotazy.
7589320	7592740	Nikdo se do diskuze nehlásí,
7592800	7594820	tak prosím, pojďme hlasovat materiál číslo 22.
7606260	7607500	Pro 33.
7607820	7609960	Materiál číslo 22 byl přijat.
7610640	7611880	Materiál číslo 23
7611880	7614120	týkající se tenisového areálu na Vršavě.
7614120	7617600	Vyřešíme kupní smlouvu
7617600	7618660	s tenisovým klubem.
7620500	7621380	Jsou k tomu dotazy.
7621560	7623620	Poprosím pana náměstka Mirka Chalánka,
7624260	7626420	aby zlíže uvedl ten materiál.
7626680	7627700	Ono se to týká vlastně
7627700	7629580	těch převodů,
7629680	7631040	které my jsme tady historicky měli,
7631200	7632060	takže jenom,
7632220	7634560	abychom byli schopni dostat toho,
7634620	7636260	co jsme si tady sami řekli v minulosti.
7636420	7637640	Ale poprosím pana náměstka.
7637640	7641000	Děkuji za slovo, pane primátore.
7641520	7642620	Je to tak, jak říkáte,
7642880	7643700	je to vlastně ten,
7644620	7646520	je to záležitost tak,
7646580	7647840	aby jsme strlili pozemky,
7648580	7650500	pozemky pod sportovní halou,
7650580	7651620	kterou jsme kupovali
7651620	7654220	od tenis Vršava SRO.
7654900	7656820	Čili je to pokračování
7656820	7658320	v těch sluních ujednání,
7658420	7660160	které jsme měli na začátku
7660160	7662800	ohledně tady toho nákupu,
7662860	7663880	této nemovitosti.
7664380	7665440	Já bych chtěl jenom upozornit
7665440	7666000	najednou je,
7666100	7668940	že my vlastně budeme hradit
7668940	7672580	ve prospěch sportovních klubů,
7673160	7675760	kdy částku za ten pozemek
7675760	7678580	vlastně budeme hradit
7678580	7680780	ve prospěch sportovních klubů,
7680940	7683520	které tento pozemek převádí
7683520	7685560	z hlediska svých zase,
7687060	7688100	řekl bych, pravidel,
7688220	7690900	převádí na zapsaný spolek.
7691960	7693400	Takže my kupujeme od spolku,
7693400	7695160	ale hradit budeme
7695160	7697640	ve prospěch sportovních klubů.
7697720	7698840	Čili to je taková trošku
7698840	7700100	jako anomálie
7700100	7701920	nebo výjimečnost
7701920	7703100	tady toho slunovního stavu.
7704980	7705840	Mám zkrátka děkuju
7705840	7706700	za to upřesnění
7706700	7708140	a otvírám diskuzi
7708140	7708800	k tomuto bodu.
7711500	7712920	Do diskuze se nikdo nehlásí,
7713020	7713980	tak prosím, pojďme hlasovat
7713980	7715000	materiál číslo 23.
7715000	7730120	Pro 27, materiál číslo 23 byl přijat.
7730680	7733660	Materiál číslo 24 týkající se smlouvy
7733660	7737100	o uzavření smlouvy o smlouvě budoucí
7737100	7739000	o bezúplatném převodu části pozemku.
7740000	7740780	Jsou k tomu dotazy.
7740780	7743780	Nikdo se do diskuze nehlásí,
7743860	7745740	prosím, pojďme hlasovat materiál číslo 24.
7757700	7762360	Pro 29, materiál číslo 24 byl přijat.
7763720	7764680	A já věřím tomu,
7764740	7766400	že se nám společně s krajem,
7766520	7767460	se který jsme teďka řešili,
7767620	7769060	protože se týká tato smlouva,
7769060	7771040	že se podaří tady ty sociální služby
7771040	7773180	na území města Zína opravdu dotáhnout.
7774980	7776780	Materiál číslo 25.
7777680	7779680	Materiál číslo 25 jsou investiční dotace
7779680	7780740	do společnosti Steza,
7780880	7782500	to znamená pro stolečnosti Steza
7782500	7783700	do jednotlivých sportovič,
7783740	7784940	které tam máte vyjmenované.
7786060	7787080	Jsou k tomu nějaké dotazy,
7787240	7789280	hlásí se paní Kateřina Francová,
7789420	7790580	které předávám ti to slovo.
7790580	7795760	Já tady trošku mám zase výhradu.
7796400	7797940	Zotva převedeme nějaký majetek,
7798080	7800380	tak opět do něho prostě neustále investujeme.
7800720	7802240	Já vím, že asi je to potřeba,
7803280	7805260	ale trošku mě trápí ten tenis.
7805500	7807320	Myslím si, že prostě je to sport,
7807500	7809920	který není pro širokou veřejnost.
7809920	7811680	A když se dívám,
7811820	7814160	že tady máme 450 tisíc
7814160	7816400	na modernizaci systému vytápění haly
7816400	7818980	v tenisovém areálu na Mladcové,
7819520	7820420	já bych poprosila,
7820800	7822240	mě by zajímalo na Mladcovou,
7822360	7824400	kolik už tam šlo investici,
7824520	7826440	si o nějakou tabulku můžete mi zaslat,
7826560	7827940	protože mně přijde,
7828060	7830000	že nás ten tenis to je fakt velké peníze.
7830640	7833120	A já bych to radši investovala
7833120	7835520	do sportovišť pro širší veřejnost.
7835660	7836920	Tady je to velmi sport,
7837920	7838920	který je individualizovalý,
7838920	7840920	několik skupinový.
7841900	7843520	A je to krátká doba,
7843620	7844860	kdy jsme to sportoviště převzali.
7845060	7847060	Já vím, že ho chceme zlepšovat,
7847200	7849960	ale kam až to dál půjde
7849960	7852920	a jaký tam máme plán dalšího rozvoja
7852920	7853760	a dalších investic.
7853900	7854660	Takhle mi to přijde,
7854740	7855520	že jak to přichází,
7855580	7856980	tak to tam všechno typeme.
7857200	7858820	Každý přijde, řekne a jde to tam.
7860280	7862220	Určitě ten soupis jsme schopni poslát,
7862560	7863860	takže to udáváme písemně.
7863960	7864720	To není problém,
7864720	7865440	co se týká to,
7865520	7867780	že tenis je velou ústkou skupinu lidí.
7867780	7869700	I ty rezervace těch kurtů
7869700	7871220	tomu úplně nenapovídají.
7871340	7873520	I na té mladcové obsazenost.
7873680	7875320	Takže každopádně beru to,
7875360	7876880	že každý má rád jiný sport,
7877020	7878020	má tu nějaký názor,
7878120	7879800	co vůbec tady se polemizovat nebudem.
7880560	7881780	Každopádně já to řeknu
7881780	7882700	asi v kostce.
7883480	7885520	Na začátku tohoto volebního období
7885520	7886600	se nám podařilo udělat
7886600	7887960	konzolidaci sportovišť,
7888460	7889720	protože ta historie,
7890020	7891280	kterou si všichni pamatujeme,
7891280	7893960	je, že nemálo těchto sportovišť
7893960	7895280	měl jeden určitý spolek,
7895280	7898300	případně pár soukromých subjektů.
7899300	7900960	Vždycky to probíhalo tím způsobem,
7901060	7901780	že chodí na město
7901780	7903360	s žádostí o individuální
7903360	7904220	investiční dotaci,
7904340	7905560	tak se říká s nataženou rukou.
7906180	7906780	Dejte nám to,
7906860	7908020	nebo my to budeme muset zavřít.
7908980	7909980	Takže samozřejmě
7909980	7912340	myslím si, že je správně,
7912420	7913420	že jsme měli tu konzolidaci.
7913820	7915000	Je to v rukou města.
7915280	7916760	Na druhou stranu
7916760	7919080	realita je taková,
7919200	7921140	že ačkoliv jsme promítli
7921140	7922900	samozřejmě ten stav
7922900	7923920	do kupní ceny
7923920	7924820	a je potřeba říct,
7924880	7925820	že spousta těch sportovišť
7925820	7927860	nám bylo převedeno zadarmo.
7928360	7929620	Tady toto konkrétní sportoviště
7929620	7930600	jsme vykupovali,
7930740	7931920	ale rozhodně za nižší cenu,
7931980	7933120	než byl ználecký posudek.
7933300	7934300	To je taky potřeba říct si.
7935040	7937520	Tak jsme v tu danou chvíli
7937520	7939100	samozřejmě trošku obětí toho,
7939240	7940860	že ty sportoviště
7940860	7941580	nejsou jako
7941580	7942620	obtovědějící
7942620	7943920	21. století.
7943920	7945000	A tím pádem
7945000	7945840	některé investice
7945840	7947340	do toho jsou potřeba dát,
7947740	7948560	ale například
7948560	7949840	zrovna investice
7949840	7950800	na modernizaci
7950800	7952000	systému vytápení haly
7952000	7952800	se nám vrátí,
7952900	7954720	protože tam opravdu
7954720	7955820	lítají velké peníze
7955820	7956920	a dá se tam opravdu
7956920	7957280	zase
7957280	7959280	nemalé finanční prostředky
7959280	7959720	ušetřit.
7959860	7960140	Takže
7960140	7961520	souhlasím s tím,
7961940	7963240	že si postupně
7963240	7964640	nabíráme sportoviště
7964640	7966840	a že nás něco stojí.
7967020	7968180	Naprosto s ním souhlasím.
7968700	7969420	Na druhou stranu
7969420	7970680	myslím si,
7970780	7971500	že město se má
7971500	7971960	strat do toho
7971960	7972960	sportovní infrastrukturu,
7973100	7974040	protože jiný subjekt
7974040	7974580	na to tady
7974580	7975580	není.
7976060	7976880	Ta česká ekonomika
7976880	7977680	tak to nefunguje,
7977760	7978580	když se to podíváte,
7978700	7979340	že by tady byly
7979340	7981060	soukromé společnosti,
7981140	7982100	které by investovaly
7982100	7984140	do sportovišť
7984140	7985220	a vlastně
7985220	7986280	žádný biznisplán,
7986340	7986820	co se týká
7986820	7987320	sportovišť,
7987380	7987880	nefunguje
7987880	7988680	ani co se týká
7988680	7989740	multifunkční arény,
7989880	7991100	která se neustále zmiňuje.
7991880	7993160	Jenom pro vaši informaci
7993160	7994380	multifunkční aréna,
7995340	7996380	která vychází
7999420	8000980	v nějakém lehkém zisku
8000980	8002900	je více méně jediná
8002900	8003640	v České republice
8003640	8004300	a to je v Praze
8004300	8006320	a všechny ostatní
8006320	8007140	jsou více méně
8007140	8007560	v mínusu
8007560	8008500	nebo jsou dotovány,
8008620	8009300	což samozřejmě
8009300	8010000	je i ten důvod,
8010080	8010980	proč když jsme vyhlásili
8010980	8011620	průzkum trhu,
8011720	8012120	případně
8012120	8014240	ty předběžně tržní konzultace,
8014780	8015860	tak nám ty firmy řekly,
8016020	8017700	my vám to strašně rádi postavíme,
8018360	8020080	ale financovat na tom
8020080	8020700	nebudeme nic,
8020780	8021660	protože tam tu návratnost
8021660	8022440	prostě nevidíme,
8022640	8024320	ani v dlouhodobém horizontu.
8024320	8026800	Takže bez těch
8026800	8027780	dotačních peněz,
8027840	8028740	respektive peněz
8028740	8029460	té soukromé
8029460	8031880	v té státní sféry,
8031960	8032980	ať už je to municipalita
8032980	8033940	jako město, kraje
8033940	8035220	nebo teda náří spoty,
8035260	8035700	agentura
8035700	8037160	či jiný dotační titul,
8037680	8038920	tak ta sportovní infrastruktura
8038920	8040160	se prostě udržovat
8040160	8041420	nebo rozvíjet nedá
8041420	8043180	a to je ten důvod,
8043300	8043680	proč prostě
8043680	8044660	prostředí svým stezi
8044660	8045900	se snažíme
8045900	8047400	alespoň udržovat
8047400	8048500	a nějakým způsobem
8048500	8049600	přidávat hodnotu tomu,
8049680	8050360	co vlastně máme
8050360	8051420	na území města Zína
8051420	8053680	a samozřejmě vedle toho
8053680	8055100	hledáme další možnosti.
8055680	8056720	Minulý týden jsme jednáli
8056720	8057480	s vedením
8057480	8058060	z národní sportu
8058060	8058500	agentury
8058500	8059600	a řešili jsme taky co dál,
8059740	8059980	takže
8059980	8061420	není to o tom,
8061540	8062460	že bychom tady seděli
8062460	8063680	a jenom si ty věci
8063680	8064220	prostě
8064220	8065640	bezhlavě vzali
8065640	8067040	a teďka se strašně dívili,
8067140	8068060	že se do toho investuje.
8068660	8069460	Na druhou stranu
8069460	8070740	myslím si,
8070820	8071500	že ta traktivita
8071500	8072120	města Zína
8072120	8073760	je potřeba ji udržet
8073760	8075040	i v této,
8075260	8075620	říkám,
8075680	8077620	i v tomto ranku
8077620	8078220	těch sportových.
8078220	8080020	Poprosím náměstka
8080020	8080720	Mirka Chalánka.
8082600	8083740	Já jenom v rychlosti
8083740	8085280	určitě tabulku připravíme,
8085400	8086500	není problém,
8086700	8086920	ale
8086920	8088220	pan primátor o tom mluvil.
8088420	8089300	Já bych chtěl jenom říct,
8089380	8089760	že vlastně
8089760	8091260	v tuto chvíli jsme přebrali
8091260	8092460	dvě sportoviště,
8092580	8093040	to znamená
8093040	8093660	mladcovou
8093660	8094880	a tenisovou halů.
8095600	8096320	V tuto chvíli
8096320	8097720	se zaměřujeme
8097720	8099300	na dvě typy
8099300	8100320	investis,
8100420	8101020	které tam jsou.
8101540	8103460	Do energického provozu,
8103600	8104300	to znamená
8104300	8105340	vytápění,
8105440	8106660	svícení a tak dále.
8106660	8108540	A potom jsou to bezpečnostní,
8108640	8109200	to znamená
8109200	8110740	tak, aby jsme měli všechny revize
8110740	8111560	tam, kde dochází
8111560	8112920	k nějakému ohrožení provozu.
8113280	8114460	Protože nejsme v pozici
8114460	8116060	jako ty minulý vlastnici,
8116240	8117600	jsme tady veřejná instituce,
8117780	8119440	která to veřejně
8119440	8121560	provozuje
8121560	8123180	a samozřejmě nemůžeme si dovolit
8123180	8124940	jakékoliv ohrožení těch lidí,
8125040	8126000	kteří se tam pohybují.
8126120	8126600	Takže to jsou
8126600	8127280	nejnutnější
8127280	8128620	nejnutnější
8128620	8129140	investice,
8129300	8130200	které v tuto chvíli
8130200	8131480	do těch
8131480	8132860	sportov již dáváme.
8132860	8136620	Děkuju za to upřesnění
8136620	8137100	a poprosím
8137100	8137700	pana Vančuru.
8140500	8142000	Děkuju, pane primátore.
8142340	8143860	Můj dotaz jenom směřuje,
8143960	8144940	jak plánujeme,
8145400	8148000	co se týče sportu dále,
8148220	8149500	budoucnost proházenou,
8149580	8150580	protože tam si mění,
8150720	8151420	jsme zachytili
8151420	8153040	její přístup
8153040	8154320	k tělocvičně,
8154640	8155880	tak jenom prosím,
8156520	8157880	alespoň encyklopedické,
8157960	8159300	jak o tom teď přemýšlíte.
8159420	8159660	Děkuju.
8159660	8162340	Já se přiznám,
8162420	8163120	že jsme k tomu
8163120	8163880	došli trošku
8163880	8164720	jak slepí k houslím,
8164820	8166540	protože já jsem se to
8166540	8166880	dozvěděl
8166880	8167580	prostřednictvím
8167580	8168720	úplně ještě
8168720	8169760	jiného člověka
8169760	8171100	než pana předsedy
8171100	8171980	házené
8171980	8173300	a někdy
8173300	8174460	na konci prázdním.
8175500	8176080	Vzhledem k tomu,
8176140	8176860	že v té době,
8177280	8178840	když měl tady
8178840	8179960	spolek házené
8179960	8180880	domluvené nájmy
8180880	8182180	v jiných subjektech,
8182360	8183880	tak je naprosto patrné,
8184060	8185320	že tady ten rozpor
8185320	8186280	mezi ředitelem
8186280	8187060	střední školy
8187060	8189140	a, když to řeknu,
8189140	8190220	vedení házené
8190220	8190820	nastal,
8191200	8191900	já předpokladám,
8191980	8193240	někde na začátku července
8193240	8194360	nebo více než během
8194360	8195680	první poloviny prázdnín
8195680	8197040	a
8197040	8199160	já se přiznám,
8199300	8199900	že jakož jsem
8199900	8200480	u těch jednání
8200480	8201320	vůbec nebyl,
8201840	8203160	tak je úplně
8203160	8203960	nechci soudit
8203960	8205400	a na druhou stranu
8205400	8207460	mi to přijde
8207460	8208220	veliká škoda,
8208340	8209060	že se nebyli schopni
8209060	8209860	dohodnout,
8209960	8210740	takhle bych to řekl.
8211300	8212360	Aktuálně házená
8212360	8213380	je saturovaná
8213380	8214380	jako v jiných
8214380	8215640	tělocvičnách,
8215760	8216520	které se jim podařilo
8216520	8217080	sehnat,
8217080	8218300	ačkoliv jsou vzdálenější,
8218400	8218900	to znamená
8218900	8219700	děti do jíží,
8219760	8220820	například do sousedních
8220820	8221400	otrokovic
8221400	8222960	na některé tréninky,
8223560	8224140	což si nemyslím,
8224220	8225220	že je komfortní situace.
8225360	8226040	Na druhou stranu
8226040	8226760	je potřeba říct,
8226820	8227700	že tato situace,
8227800	8228240	kdy například
8228240	8229080	florbalisté navštěvují
8229840	8230620	tělocvičný
8230620	8231360	v otrokovicích
8231360	8232260	nebo v jiných
8232260	8233980	okolních obcích
8233980	8235280	je u jiných sportů
8235280	8235780	běžná.
8236640	8237860	Takže tím já nechci říct,
8237940	8238440	že to je dobře.
8238440	8241260	zároveň jsme
8241260	8242520	zareagovali tím způsobem,
8242620	8243360	že v době jsme se to
8243360	8243940	dozvěděli,
8244460	8245520	tak jsme poptali
8245520	8246560	kapacity našich
8246560	8247400	základních škol,
8248420	8249540	abychom věděli,
8249740	8250500	jestli jsou schopni
8250500	8252700	ještě něco absorbovat.
8253700	8254680	A tento seznám,
8254720	8255720	já jsem předal
8255720	8256940	dál na
8256940	8258980	členku rady
8258980	8259900	z Línského kraje,
8260040	8261040	která má v gesty sport,
8261180	8262000	která vlastně taky
8262000	8263700	více tento problém řeší,
8263700	8264360	protože
8264360	8265460	v třední škole
8265460	8266920	má v gesty
8266920	8268140	je ze řizovatelem
8268140	8268620	je kraj,
8268720	8269460	nikoliv město.
8270720	8272540	za mě prostě
8272540	8274580	se to zašlo řešit
8274580	8275460	s křížkem po funuse,
8275560	8276760	jak se říká.
8276920	8277400	Protože
8277400	8278760	kdyby se to řešilo
8278760	8279200	v době,
8279200	8279620	kdy
8279620	8282420	se o tom
8282420	8283300	ještě nezhodlo,
8283700	8284380	nebo respektive
8284380	8285180	kdy to pan ředitel
8285180	8285720	neobsadil
8285720	8286480	jinými sporty,
8287120	8287780	tak se s tím
8287780	8288280	potom je dalo
8288280	8289140	ještě něco dělat.
8289600	8290100	Ale v době,
8290220	8290600	kdy už
8290600	8291960	tu tělocvičnu
8291960	8293460	pro jiným sportům,
8293460	8293920	tak
8293920	8295920	už s tím
8295920	8297800	těžko někoho vyhodíte.
8298280	8300220	Teď je to špatně.
8300800	8301540	Já jsem moc rád,
8301620	8302340	že ta házená
8302340	8303820	se s tím poprala,
8304000	8304520	ačkoliv je to
8304520	8305640	samozřejmě nekomfortní
8305640	8307120	pro mnoho lidí.
8309500	8310020	Ale
8310020	8310980	musíme se k tomu
8310980	8311740	nějak postavit,
8311860	8313280	ale jenom nám to potvrzuje
8313280	8314040	zcela otevřeně
8314040	8314740	ten deficit
8314740	8316000	těch sportových
8316000	8317080	sportovních ploch
8317080	8318380	o rozměru 20 na 40,
8318580	8319360	který ve zně máme.
8319700	8320520	To je potřeba říct si,
8320620	8321320	že o něm víme
8321320	8323380	a snažíme se právě
8323380	8324060	například
8324060	8325740	rozvoje lokalitě
8325740	8326500	na jižních svazích,
8326640	8327460	takzvané potorzu,
8327600	8328080	tak tam vlastně
8328080	8328840	v rámci zadání
8328840	8329820	té urbanistické soutěže
8329820	8330840	je například také to,
8330900	8331380	že tam má být
8331380	8332120	sportoviště
8332120	8332720	o rozměru
8332720	8334060	20 na 40,
8334940	8336020	protože jsou to ty sporty,
8336020	8337580	které jsou,
8338000	8339000	pokud máte to sport,
8339000	8339820	protože je 20 na 40,
8340020	8340840	tak to je vlastně relativně
8340840	8341440	optimální,
8341520	8342260	jak už házená,
8342340	8342880	floorball,
8343360	8344100	když je dostatečná
8344100	8344780	výška stropů,
8344860	8345740	tak také volejball,
8346240	8347780	takže víme o tom,
8347980	8348700	máme to vlastně
8348700	8349680	i v chystané
8349680	8351160	koncepci sportu,
8351300	8351920	kterou vlastně
8351920	8353100	předpokladám,
8353180	8353660	bude schvalovat
8353660	8354780	nové zastupitelstvo
8354780	8356280	někdy v první polovině
8356280	8357400	příštího kalendárního roku,
8357700	8358640	protože je nachystaná,
8358760	8359260	ale je potřeba,
8359360	8360060	aby se s ním všichni
8360060	8360800	seznámili
8360800	8361300	a případně
8361300	8362200	se vníbějí úpravy.
8364120	8365200	Je to deficit,
8365340	8366060	který tady máme,
8366620	8367760	nejsme schopni vyřešit
8367760	8369280	krátkodobém hledisku
8369280	8371940	a všechny akce,
8372080	8373400	které jsme měli rozjednány
8373400	8374940	i se soukromými subjekty,
8375960	8377100	kdy jsme měli například
8377100	8378500	rozjednáno,
8378560	8379340	že vznikne jedna,
8379500	8379940	tak to řeknu,
8380000	8380780	montovaná hala
8380780	8382180	a právě se sportu
8382180	8383160	ještě 20 na 40
8383160	8384580	a město tam bude v nájmu
8384580	8386340	a tím nájmem
8386340	8387120	nějakým způsobem
8387120	8388220	splácat tu investici,
8388220	8390180	tak když jsme dostali
8390180	8391120	pak ty podmínky,
8391620	8392880	kdy celá ta investice
8392880	8393860	investora měla stát
8393860	8395340	zhruba 40 milionů korun
8395340	8397440	a my bychom za 20 let
8397440	8398580	ji zaplatili dvakrát,
8399080	8399560	tak jsme řekli,
8399640	8400760	že to vůbec nedává smysl,
8400860	8402220	protože by to za nás
8402220	8402940	nehospodárne.
8403600	8405040	Takže ty cesty hledáme
8405040	8405920	zcela otevřeně,
8406580	8408220	ale samozřejmě
8408220	8409880	tato situace nás nejtěší
8409880	8411480	a budeme ji muset řešit.
8411660	8413640	Každopádně vzhledem tomu,
8413660	8414660	že už jsem samozřejmě
8414660	8416500	slyšel verzi o tom,
8416500	8417860	jak se
8418220	8419100	Polek,
8419540	8420420	ve kterém působě
8420420	8422780	má spoustu hodin
8422780	8423760	tady v této tělocvičně,
8423860	8424920	tak vám můžu klidně říct,
8424980	8426040	že tam nemáme ani jednu
8426040	8427620	a zároveň
8427620	8430380	jsme se to fakt dozvěděli
8430380	8431500	opravdu pozdě.
8432060	8433200	Mě to samotného mrzí,
8433300	8433960	protože s panem
8433960	8436180	předsedou volejbalu
8436180	8437520	Hazenkářského klubu
8437520	8438920	jsem v doběhu
8438920	8440560	posledního
8440560	8442080	čtvrt roku,
8442180	8442800	možná půl roku
8442800	8444120	jednal minimálně dvakrát
8444120	8445800	a ani jednou mi vlastně
8445800	8447420	nějaký takovýto potenciální problém
8447420	8448000	neavizoval,
8448140	8448420	takže
8448420	8450900	nedostali jsme
8450900	8451420	prostor
8451420	8452400	k tomu vlastně
8452400	8452980	ani pomoct.
8453300	8453700	Došli jsme
8453700	8454440	až k hotové věci.
8456740	8457120	Poprosím,
8457180	8457720	pane Vráše.
8460000	8460680	Děkuju za slovo,
8460780	8461500	pane primátore.
8463120	8464880	Já řeknu dvě věci
8464880	8466320	a rozdělím je
8466320	8466880	to,
8466880	8468260	že by město
8468260	8469220	mělo mít
8469220	8470520	sportovní infrastrukturu
8470520	8471460	souhlasíme
8471460	8472880	a připojím se
8472880	8473260	ale teďka
8473260	8473860	na druhé straně
8473860	8474300	trochu
8474300	8476020	k tomu kritickému hlasu
8476020	8477140	kolegů ze stanu.
8477820	8478640	Tři poznámky.
8479140	8479760	Ta první,
8480080	8481220	mám způsobení
8481220	8482080	ve steze pocit,
8482960	8483420	že
8483420	8484460	v zásadě
8484460	8485260	cokoliv,
8485380	8485920	co slouží,
8485980	8487400	jakémukoliv sportu
8487400	8488500	město koupí.
8489240	8490320	To není ten výběr,
8490600	8491460	demonstrováno to bylo
8491460	8492440	například u tenisu,
8492660	8493820	skončilo nám tam judo,
8493940	8494740	které jako je
8494740	8495780	využívanou
8495780	8496240	z půlky
8496240	8497420	pro skautské voddíly,
8497420	8498520	skončilo nám
8498520	8499560	tam stolní tenis.
8500100	8500780	Vypadá to skoro,
8500900	8502300	že koupíme každý plácek,
8502460	8503840	kde se jenom kope do balónu.
8505000	8506380	Tam bych udělal
8506380	8506720	lepší
8506720	8507980	asi možná výběr.
8508500	8509360	Druhá věc,
8510200	8511760	není to úplně tak,
8511860	8512640	jak pan náměste
8512640	8513820	Chalánek říkal,
8514440	8515540	máme značné
8515540	8516160	rezervy
8516160	8517340	v prověřování
8517340	8518340	stavu
8518340	8519680	kupované věci
8519680	8520520	a její
8520520	8521660	provozu schopnosti.
8522200	8523440	Na to narážíme,
8523940	8524480	z pravidla
8524480	8525620	to trošičku vypadá,
8525720	8526400	že teprve až
8526400	8527200	po převzetí
8527200	8527800	do zprávy
8527800	8528380	s tezou
8528380	8529060	začínáme
8529060	8530320	v dobrém zjišťovat,
8530560	8531380	jak dobrý
8531380	8531940	či špatný
8531940	8532700	ten stav je
8532700	8534240	a jak na to má být
8534240	8534900	reagováno
8534900	8536320	v tom investičním plánu.
8536720	8537060	Proto nám
8537060	8537720	konec konců
8537720	8538780	teď končí na stole.
8539380	8540060	Třetí moja
8540060	8541120	drobná poznámka
8541120	8542120	na příkladu tenisu
8542120	8542560	se to
8542560	8544380	docela slušně
8544380	8546380	profiluje.
8546820	8547740	Nebudu citovat
8547740	8548600	toho vlastníka,
8548760	8549340	není tady.
8549660	8549880	Víme,
8549980	8550980	že je komplikovaný,
8551160	8551800	mluvím o tenisu
8551800	8552560	na mladcové
8552560	8554220	a investice
8554220	8554760	do té
8554760	8555760	technologické
8555760	8556560	části,
8556780	8557160	do té
8557160	8557820	úspory,
8557900	8558360	dodávek,
8558420	8559320	teplné energie,
8559940	8560220	zase
8560220	8561480	souvisí se všechno
8561480	8561960	se vším.
8562340	8563080	Vzali jsme to,
8563600	8564160	nevěděli jsme
8564160	8564820	úplně přesně,
8564860	8565740	jak to provozuje.
8566160	8566900	On to provozoval
8566900	8567920	ve velmi úsporném
8567920	8568540	režimu,
8568940	8569300	byly tam
8569300	8570560	15-16
8570560	8571480	stupňový topu,
8571900	8572680	k tomu tam byly
8572680	8573760	jako neúplně dobře
8573760	8574280	nastavené
8574280	8574680	podmínky
8574680	8575400	s dodavateli
8575400	8576380	a když jsme se o to
8576380	8577300	začali hádat,
8577420	8578360	že jako tohle
8578360	8578920	jsme tak trochu
8578920	8579420	nevěděli
8579420	8580280	a bude nás to stát
8580280	8581080	asi více peněz
8581080	8581620	v tom provozu,
8581680	8582700	než bychom sami chtěli,
8583340	8584580	tak jsme se nakonec
8584580	8585160	jako domluvili,
8585260	8585800	že to jako
8585800	8586200	by the way
8586200	8587120	už necháme být
8587120	8588700	a uděláme tu investici,
8588820	8589720	která je nutná
8589720	8591020	v hlediska toho provozu.
8591100	8591800	To souhlasím.
8592240	8593240	Jen prostě
8593240	8594740	máme rezervy
8594740	8595280	v tom,
8595780	8596580	jak ty
8596580	8597440	sportoviště
8597440	8598040	vybírat,
8598220	8599000	spravovat
8599000	8600760	a dostávat
8600760	8601460	do té vlastní
8601460	8601960	zprávy.
8604420	8605640	Já na tom v koste
8605640	8606140	zráguji,
8606240	8607200	že samozřejmě
8607200	8608540	jsou různé okolnosti,
8608800	8609600	když se přebírat
8609600	8610480	sportoviště,
8610580	8611280	souhlasím s vámi,
8611380	8612260	že je otázka,
8612320	8612860	jestli všechna
8612860	8613580	ta sportoviště,
8613640	8614460	které jsme převzali,
8614700	8615720	jestli opravdu
8615720	8616320	jsou to ta
8616320	8617820	strategická sportoviště
8617820	8618440	nebo ne.
8618760	8619500	Souhlasím s tím.
8621000	8622440	Kolikrát jsme
8622440	8623220	vycházeli
8623220	8624120	i z té logiky,
8624920	8626080	pokud to nepřevezmete,
8626160	8626660	zavíráme,
8626740	8627960	tento sport tady končí
8627960	8629540	a vzhledem k nedostatku
8629540	8630480	těch míst
8631460	8631960	ve Zlíně,
8632080	8632860	tak jsme
8632860	8633980	více méně
8633980	8634720	řekli,
8634820	8635060	dobrý,
8635220	8636500	tak to převezmeme,
8636620	8637380	až ten sport
8637380	8638560	tady nějakým způsobem je.
8639380	8639900	Co se týká
8639900	8640840	toho převádění,
8641640	8642380	tak konkrétně,
8642440	8642900	co se týká
8642900	8643540	té mladcové,
8643680	8644420	tak tam je za mě
8644420	8645780	přesně ten krásný příklad,
8645860	8646860	o který vy zmiňujete,
8647100	8647780	ale já bych jenom
8647780	8648700	řekl jednu věc.
8649020	8650020	My jsme to převzali,
8650660	8651260	tak tam přesně
8651260	8652040	ti lidé ze stezy,
8652140	8653380	kteří nám teďka říkají,
8653560	8654520	co tam máme udělat,
8654520	8655180	tak tam byli
8655180	8656740	a řekli nám,
8657260	8658680	seznámili jsme se se vším,
8658900	8659920	je to v pořádku,
8660420	8661720	je to v dobrém stavu,
8661960	8663000	žádné velké investice
8663000	8663680	to nečeká.
8664200	8664980	A proto říkám,
8665220	8666120	že pak už,
8666260	8667060	když ti stejní lidé
8667060	8667580	dojdou
8667580	8669100	po nějakou dobu později,
8669580	8670340	když souhlasím s tím,
8670400	8671660	že se lépe seznámí
8671660	8672380	s tím provozem,
8673300	8674180	tak následně
8674180	8675460	dojdou vlastně
8675460	8676240	s těmi investicemi.
8676460	8676860	Takže
8676860	8679580	je to pak otázkou,
8679800	8680540	jestli teda,
8681060	8681820	a to můžu říct,
8681980	8683100	jako vlajcky si řeknu,
8683100	8684660	jestli jsou dostatečně kvalifikovaní
8684660	8685500	ti lidé v té steze,
8685620	8687260	teda když na tu první dobrou,
8687440	8689720	na ten první posudek,
8690320	8692620	nebo se nechají opít rohlíkem,
8692700	8693300	jak se říká,
8694000	8695780	nebo prostě
8695780	8697400	jsou tam nějaké další,
8697560	8698500	jiná pochybení,
8698640	8699720	či nějaké skryté vady,
8699780	8700300	jak se říká.
8700420	8700760	Takže
8700760	8702700	určitě si myslím,
8702780	8703320	že v tomto
8703320	8704700	ty mezery
8704700	8705640	a věci,
8705740	8706620	které se dají zlepšit,
8706860	8707680	město má
8707680	8709120	a věřím tomu,
8709200	8710340	že se tady z těch věcí
8710340	8711700	postupně vždycky poučí
8711700	8712680	a protože
8712680	8714220	ať se nám to líbí
8714220	8714600	nebo ne,
8714700	8715520	tak kdo jiný ještě
8715520	8716460	tady celé zastupitost
8716460	8717080	města Zína,
8717200	8717440	víme,
8717540	8718260	že město není
8718260	8719840	jako bezredná pokladnička
8719840	8720300	a každému,
8720380	8720620	kdo dojde,
8720720	8721620	je s nataženou rukou,
8722160	8722840	ať už je to sport,
8722880	8723540	ať už je to sport,
8723620	8724420	či kdokoliv další.
8724600	8724920	Takže
8724920	8726440	samozřejmě se snažíme
8726440	8727340	chovat hospodárně,
8727820	8728200	ale
8728200	8729520	někdy to sebou
8729520	8730200	bohužel nese
8730200	8731040	i tyto věci,
8731300	8731700	že po seznámení
8732380	8734580	ty provozní náklady
8734580	8735960	posunou trošku někam jinam,
8735960	8737040	nebo nám to vzpět ukáže
8737040	8737880	ten provoz něco,
8738020	8739860	co nebylo předpokládáno.
8741040	8741560	Poprosím
8741560	8742580	paní Francovou.
8744600	8745240	Pane Juráši,
8745280	8745800	já děkuji.
8746360	8747140	O tom to je.
8747360	8748480	Jestliže se to provozovalo
8748480	8749840	za úsporných podmínek,
8750220	8750940	tak v tuto chvíli
8750940	8751800	to nevydržíme rok
8751800	8752300	provozovat
8752300	8753800	za úsporných podmínek.
8753940	8754440	Teď už jako
8754440	8755500	na jednou z ničeho nic
8755500	8756960	během krátkého času
8756960	8757640	musíme do toho
8757640	8758580	tolik investovat.
8759120	8761060	To je právě moje otázka.
8761720	8762540	A na druhé straně,
8762540	8764440	tak on ten nájem
8764440	8765460	se potom asi odvíjí
8765460	8766260	od toho, kolik nás
8766260	8767200	stojí ten provoz, že?
8767320	8769460	Takže ten dotyčný,
8769540	8770080	co tam hraje,
8770140	8771220	nebo kdo si to pronajímá,
8771560	8773220	zaplatí nám tu částku,
8773360	8774980	o kterou my teda
8774980	8777160	snížíme ty náklady,
8777240	8778140	nebo teď jsou vysoké,
8778220	8778800	bude to nižší
8778800	8779780	a my jim to zaučtujeme.
8779940	8780460	To se ptám.
8780680	8780960	Děkuji.
8783920	8784760	Je to tak,
8784840	8786500	jenom, že ten nájem stanovuje,
8786500	8788180	že jsou tam dva snůvý vztahy.
8788440	8790020	Jeden nájem je mezi městem
8790020	8791060	a stezou.
8791060	8792880	Tam je vlastně nájemný vztah
8792880	8793980	a potom je dál,
8794280	8795380	kdy steza pronajímá
8795380	8797060	to další sportoviště.
8797180	8797800	Takže samozřejmě
8797800	8799200	tu cenotvorbu té stezy
8799200	8801120	určuje steza,
8801880	8803500	ale logicky se taky vychází
8803500	8805620	z toho dalšího smluvního vztahu,
8805720	8807260	teď ten steza má mezi městem.
8807660	8809280	Je to potřeba říct,
8809360	8810420	že je to tak askádovité,
8810500	8811100	abych to řekl.
8812980	8814060	Teď, když to vezmu obráceně
8814580	8815920	a nemyslím to nějak ve zlém,
8816020	8817400	té steze může být úplně jedno,
8818380	8820140	protože ona to nefinancuje.
8820140	8821320	To znamená,
8821560	8822580	tam je otázkou,
8823000	8824460	takže jak ta steza
8824460	8825580	se snaží nastavit,
8826200	8826800	teď to řeknu,
8826880	8828300	finanční politiku takovou,
8828460	8830140	aby to bylo to sportování dostupné,
8831300	8833140	ale zároveň pak je otázkou,
8833280	8835200	jestli ekonomické vůči městu,
8835840	8837040	což má zajišťovat právě
8837040	8837820	ten smluvní vztah
8837820	8839340	zase mezi městem a stezou.
8839720	8840920	Ale je to asi to podobné,
8840980	8842040	jak se můžeme bavit o tom,
8842480	8844140	kolik, jakou cenou,
8844140	8846740	nebo respektive jakou částkou
8846740	8847480	podporujeme
8847480	8849860	nějaké kulturní instituce a podobně,
8850000	8850760	prostě jak dotujeme,
8850840	8852120	řekněme, ty netivé lístky,
8852700	8854240	tak tímto způsobem
8854240	8855600	v kostce dotujeme
8855600	8856760	do nějaké míry
8856760	8858120	i ve výsledku třeba
8858120	8859100	tu hodinu toho tenisu,
8859280	8859900	toho pronájmu.
8860320	8861420	Je to jakoby stejné.
8861560	8862020	Všichni víme,
8862120	8862500	že hodina,
8862780	8863920	když budete plavat do stezy,
8864480	8864980	tak ten,
8865200	8866440	to, co zaplatíte,
8866520	8867480	tak jako není náklad,
8867540	8868460	že pokryjete 100%
8868460	8870040	nákladu toho bazénu.
8870040	8870960	Víme, že ne,
8871060	8871840	je to dotovaná cena
8871840	8873140	a tím pádem
8873140	8874040	je to to stejné
8874040	8875040	vlastně na těch kurtech.
8875280	8875960	A teď je otázka,
8876640	8877900	ale a proto vlastně
8877900	8878500	ta steza,
8879960	8881220	neočekávám za sebe,
8881280	8882020	že ona to promítne
8882020	8882660	do té ceny
8882660	8884460	s největší pravěpodobností,
8884580	8886120	protože to bude bráno,
8886240	8887320	že vlastně tu nějaká
8887320	8888200	cenová politika,
8888400	8889720	ale pokud ten trh to snese,
8889900	8890600	tak my určitě budeme
8890600	8891080	méně rádi,
8891180	8891500	pokud tam,
8891580	8892300	ale spončástečně
8892300	8892940	něco promítne.
8893540	8895400	Asi tak to vezmu koste.
8895560	8896640	A poprosím,
8896640	8897540	ještě chtěla reagovat
8897540	8898380	Katka Francová
8898380	8899580	a následně
8899580	8900480	pan Juráš.
8900720	8901900	Jenom krátká reakce,
8901960	8902460	když se bavíme
8902460	8903220	o toho bazénu,
8903300	8903860	tak v tom plave
8903860	8904480	více lidí,
8904520	8905260	než na tom kurcu,
8905340	8906540	kde cipinkají ti dva
8906540	8907460	maximálně čtyři.
8907540	8907920	V tom vidím
8907920	8908840	zásadní rozdíl.
8909220	8910220	Na ten rozdíl není
8910220	8911160	z pozice ekonomiky,
8911240	8911900	je to úplně jedno.
8912140	8913500	I kdyby na tom bazénu
8913500	8914080	byl jeden člověk
8914080	8914540	nebo sto,
8914640	8915660	tak prostě pořád řešíte,
8915780	8917600	jestli ten příjem
8917600	8918280	ze vstupného
8918280	8918800	vám zaplatí
8918800	8919940	ten provoz toho bazénu.
8920020	8920540	A to já vám říkám,
8920620	8920800	že ne.
8921780	8922640	A v tom tenisu
8922640	8923640	je to úplně to stejné.
8923820	8924780	Prostě je to otázka,
8924860	8925500	že něco stojí
8925500	8926860	provozování těch kurtů
8926860	8928800	a máte nějaký příjem
8928800	8929600	a pak se bavíte,
8929720	8930780	jestli to provozování,
8930900	8931500	jestli ten příjem
8931500	8932760	vám pokryje to provozování.
8932900	8933060	To znamená,
8933100	8933920	je to dotované
8933920	8934960	a bez ohledu na to,
8935020	8935760	jestli tam sportuje
8935760	8936680	jeden člověk nebo deset,
8936760	8937960	prostě něco zaplatí
8937960	8938680	a ten rozdíl
8938680	8939780	je prostě ta dotovaná cena.
8940540	8941500	Poprosím pana Juráše.
8941500	8945920	Děkuji za slovo,
8946000	8946600	pane primátore.
8946720	8948180	Já jenom tři poznámky
8948180	8948700	k tomu,
8948860	8949520	na co se ptala
8949520	8950520	paní Francová.
8951420	8952220	Ten vztah
8952220	8953260	z té zaměsto Zlín
8953260	8955540	zkusím takový příměr udělat.
8956880	8957740	Představme si,
8958040	8959260	že přijdete do hotelu.
8960060	8960260	Tak.
8960960	8962380	V tom hotelu se ubytujete
8962380	8963960	a někdo vám tam poskytne službu.
8964120	8965920	Vy si pronajmete to místo.
8966640	8966800	V tom,
8966920	8967900	že tam jste ubytování,
8967980	8968620	přespíte tam,
8968680	8969800	někdo vám tam udělá snídani.
8969800	8972640	Takže v této chvíli
8972640	8974740	jste za bučí městu
8974740	8976100	ten host toho hotelu.
8976780	8978040	A teď uděláme druhý příklad,
8978140	8979360	protože ten vztah je smíšený.
8980100	8981840	Máte krásný
8981840	8983620	novogotický dům
8983620	8984620	na Skocké Vysočine
8984620	8986080	a jak tam přijdete,
8986240	8987620	tak vystoupí váš majordomus
8987620	8988140	a řekne,
8988560	8988840	hele,
8989080	8990000	chtěli se tady ubytovat
8990000	8990440	tři turisti,
8990600	8991300	co šli kolem,
8991400	8992980	tak jsem jim ty volné pokoje dal,
8993060	8994000	vzal jsem z toho výnos,
8994420	8994960	zjistil jsem,
8995060	8996200	že máš prasklý potrubí,
8996520	8997860	tak jsem objednal opraváře,
8997860	8999860	jo a ještě jsem vzadu vysázel
8999860	9000540	nějaký kytky,
9000600	9001680	aby to tady vypadalo hezky.
9002180	9003220	To je váš zprávce.
9003660	9004480	On vám to zprávuje
9004480	9005400	a za to bere úplatu.
9005900	9006840	A jste zakombinuje
9006840	9008300	oba, dva ty postupy.
9008380	9009160	To je číslo jedna.
9009840	9010940	Takže ona si nastavuje
9010940	9012360	vlastní politiku zákazníkům
9012360	9013020	jako zprávce
9013020	9014180	a současně je ten host
9014180	9015460	ubytovaný v hotelu města.
9016280	9016880	Druhá věc,
9016960	9018100	která z toho plyne je,
9019260	9020500	že vy jste říkala,
9020680	9022400	nevydrželi bychom to ještě rok,
9022400	9024860	no, vytíženost je na zaplať
9024860	9025540	pán Boh vyšší.
9025760	9026780	Chodí tam víc lidí teď,
9026880	9028660	pokud já mám správné jako údaje.
9029280	9029840	Druhá věc,
9029920	9030840	chodí tam také proto,
9030940	9032420	že se zvyšil teplotní konfort.
9033060	9033560	Jinými slovy,
9033660	9035480	poslat tam vaše děti,
9036100	9036740	mladistvé,
9036740	9038860	aby trénovali v kulichu
9038860	9041100	a s hůtnými ponožkami tenis
9041100	9042260	není fé,
9042300	9043560	jako zase úplně nám nepřišlo,
9043620	9044220	jako dobrý.
9045300	9047400	A ta investice říká,
9047540	9048780	hele, ten náklad,
9048820	9049600	když tam museme jít stopit,
9049660	9050220	snižujeme,
9050220	9052100	z hlediska provozu schopnosti.
9052260	9053200	Takže tak, no.
9055340	9057120	Tak, děkuji za ta upřesnění.
9057240	9058440	Poprosím ještě pana Jandu.
9059960	9061060	Děkuji, pane primátore.
9061580	9062960	Dobrý den, dámy a pánové,
9062960	9063720	skoro poledne.
9064380	9066660	Já bych v té diskutované mladcové,
9066720	9067120	prosím,
9067720	9069120	jenom, aby jsme si uvědomili,
9069240	9070120	že odhadní cena byla
9070120	9071320	33 milionů korun
9071320	9072080	a my jsme to, prosím,
9072160	9072920	koupili za 15.
9073800	9075400	Takže samozřejmě,
9075540	9076840	jsme to koupili výhodně.
9077460	9078440	Koupili jsme pozemky,
9078540	9079780	chceme tam něco stmelit,
9079780	9080900	chceme to dát dohromady.
9081620	9083480	A že přijdeme s nějakou investicí,
9083600	9085220	která potom je následně
9085220	9087860	té rozdílně ceny nutná udělat.
9088540	9089980	Přece jako správný hospodář
9089980	9091660	před zimou tam nenecháme topit
9091660	9093400	v nějaké vzdálenosti,
9093520	9094660	ztrácíme tu energii.
9094820	9095720	A ti, co to navrhli,
9095800	9096980	to navrhli dobře, prosím.
9096980	9098980	Takže já bych to úplně neházel
9098980	9100760	na tu stezu jako takovou.
9101380	9103120	Co se týká stezy,
9103320	9105060	tak steza, já to považuji,
9105160	9105920	to, co jsme udělali,
9106040	9107880	to rozhodnutí v tomto zastupitelstvu.
9108540	9110700	Že jsme v podstatě zřídili
9110700	9112460	tuto organizaci pro ten sport,
9113680	9114900	tak to považuji za jedno
9114900	9116400	z nejlepších rozhodnutí,
9116500	9117540	které jsme mohli udělat.
9118400	9119540	Že jsme vlastně umožnili
9119540	9120860	v tomto městě,
9121220	9122500	nejenom tady diskutovaným
9122500	9124100	tenistům, plavcům a jiným,
9124100	9125780	ale že jsme jim se snažili
9125780	9126960	ty podmínky vytvořit
9126960	9127700	a já považuji,
9127820	9129820	že steza to dělá tak,
9129900	9131700	jak to dělá nejlépe
9131700	9133960	a samozřejmě všechno nejde,
9134060	9135280	jak bychom si představovali.
9136320	9137660	Ta firma se zcela určitě
9137660	9139100	taky nějakým způsobem učí
9139100	9142060	a ne všechno je tak černobíle,
9142140	9143020	jak o tom hovoříme.
9143620	9144840	Takže já jsem jenom chtěl říct,
9144840	9147480	že tyto věci,
9147560	9148620	co se týká mladcové,
9148880	9150640	za mě je to potřeba dostat
9150640	9152460	do nějaké kondice
9152460	9154140	a co se týká stezy,
9154500	9155420	jsem za to velmi rád,
9155500	9156880	že jsme takové rozhodnutí přijali.
9157180	9157480	Děkuji.
9159740	9160180	Děkuji.
9160180	9162120	Morská děkuji za takový příspěvek.
9163360	9165900	Níkdo další se do diskuze nehlásí,
9166000	9166940	takže já vás poprosím,
9167060	9168780	pojďme zasovat materiál číslo 25.
9168780	9182160	Pro 25,
9182660	9184460	materiál číslo 25 byl přijat.
9184700	9186400	Materiál číslo 26 je dodatek
9186400	9187620	veřejno-podávní smlouvě
9187620	9188720	ze společnosti STEZA,
9189380	9190380	to znamená upravujeme
9190380	9192480	dodatkem věci,
9192580	9193900	které jsme již mě schválené
9193900	9196200	a více mě to vyšlo finančně jinak,
9196280	9197820	případně se ty finance používou
9197820	9199240	trošku na něco jiného,
9199980	9202160	tak jenom to máte dneska
9202160	9202920	v rámci dodatku.
9203260	9203860	To je k tomu dotazy.
9205420	9206620	Níkdo se do diskuze nehlásí,
9206720	9207460	prosím, pojďme zase
9207460	9208460	v materiál číslo 26.
9219900	9221220	Pro 29,
9221580	9223360	materiál číslo 26 byl přijat.
9223900	9225920	Materiál číslo 27 je předání
9225920	9227000	dětského dopravního hřiště
9227000	9228340	Domů dětí a mládeži Astra,
9228700	9229320	to znamená příspěch
9229320	9230960	koorganizace města Zlína.
9232560	9233560	Jsou k tomu nějaké dotazy?
9235240	9236600	Níkdo se do diskuze nehlásí,
9236700	9237460	prosím, pojďme hlasovat
9237460	9238620	materiál číslo 27.
9249480	9250700	Pro 31,
9251120	9252860	materiál číslo 27 byl přijat.
9252860	9256200	Materiál číslo 28 jsou dílčí změny pravidel
9256200	9259140	pro poskytování finanční podpory ve sportu.
9259660	9260800	Konkrétně se jedná o to,
9260900	9264380	že přidáváme program pro sport
9264380	9266540	handicapovaný, který jsme vždycky podporovali,
9266600	9269960	ale podporoval jsem mimo tento fond,
9270960	9272300	což nám nedávalo smysl.
9272540	9273120	A vzhledem k tomu,
9273180	9275040	že ty částky jsme dávali vždycky z rady,
9275200	9276780	tak v současné chvíli ta logika je ta,
9276780	9278460	a že upravíme pravidla,
9278980	9280700	aby umožnili i podporu
9280700	9282400	tady toho handicapovaného sportu
9282400	9284760	a ty finance, které byly dávány každoročně
9284760	9286300	pro ten sport handicapovaných,
9286360	9287600	se přesunou do tohoto fondu.
9287700	9289300	To znamená, jenom dáváme
9289300	9291180	tomu logiku takovou,
9291280	9292000	kterou to mít má.
9292120	9293600	Jsou k tomu nějaké dotazy?
9293600	9298220	Nikdo se do diskuze nehlásí.
9298320	9299820	Pojďme zase v materiál číslo 28.
9311100	9312340	Pro 33.
9312560	9314400	Materiál číslo 28 byl přijat.
9315060	9316180	Materiál číslo 29.
9316620	9318880	Jsou změny v komisích.
9319740	9320660	Jsou tu nějaké dotazy?
9320660	9324060	Nikdo se do diskuze nehlásí,
9324180	9326460	tak prosím, pojďme hlasovat o tom,
9326560	9329140	že tento bod budeme hlasovat aklamací.
9340880	9342080	Pro 32.
9342480	9344620	Takže hlasování pro střednictví aklamace
9344620	9345400	bylo přijato.
9345560	9347580	A teď pojďme aklamací hlasovat
9347580	9349160	samotný materiál číslo 29.
9350660	9362100	Pro 28.
9362580	9364480	Materiál číslo 29 byl přijat.
9365040	9366380	Materiál číslo 30
9366380	9370340	pojednává o úpravě jednoho termínu
9370340	9372740	zasedání zastupitelstva města Zína
9372740	9373960	v roce 2027.
9374200	9375000	Je to z důvodu toho,
9375120	9377360	že je vysoutěžená společnost,
9377560	9381060	která má stavět nové centrum služeb pro občany
9381060	9382300	prostřednictvím v ráji
9382300	9385560	vlastně rekonstrukce nebo víceméně přestavby
9385560	9387100	celé budovy číslo popisné 10.
9387880	9389680	Takže prostřednictvím tento dostavby
9389680	9393240	radnice získají návštěvníci do budoucna nový komfort,
9393340	9394000	ale vzhledem k tomu,
9394040	9396400	že to je v těsné blízkosti tady této obřadní síně,
9396400	9400000	tak během tady těchto hlučných prací
9400000	9402420	a tak dále se zastupitelstvo bude konat
9402420	9405980	na hotelu Zlín
9405980	9408180	a vzhledem k tomu,
9408220	9410100	když jsme poptávali ty volné termíny,
9410220	9411500	tak jeden termín byl obsazený
9411500	9413560	a museli jsme s tím právě o týden pohnout,
9413720	9416580	tak proto vlastně upravujeme termíny zastupitelstva,
9416680	9418000	které jsme nedávno schvalovali.
9418140	9419200	Takže to je ten důvod
9419200	9421340	a věříme tomu,
9421400	9423400	že ten komfort bude dostatečně zajištěný,
9423400	9427420	a takže na hotelu ty kapacity k tomu jsou
9427420	9430780	i vlastně na jednotlivé místnosti pro kluby a podobně,
9430940	9432400	takže věříme tomu,
9432480	9436120	že to bude dočasné, správné řešení
9436120	9439120	a umožníme tím pádem dostavbu tady
9439120	9441240	toho objektu sousedního vedle.
9441360	9442460	Poprosím ještě pana Jandu.
9444780	9446180	Já se hrozně umlouvám,
9446260	9447600	nechci to samozřejmě zdržovat,
9447700	9449640	jenom takový technický dotaz,
9450040	9452560	protože jednak je to o nákladech,
9452560	9454560	jednak je to asi o nějaké organizaci,
9455200	9456520	v sobotu tady jsou svatby,
9456960	9458140	vím, že to asi chceme dělat,
9458280	9459480	aby ty věci fungovaly,
9459540	9460620	rychle zrekonstruovat,
9460700	9462100	nicméně předpokládám,
9462180	9463240	že tady nebude zatěkat,
9463360	9465020	předpokládám, že jde jenom o ten hluk
9465020	9467760	a nedá se vykomunikovat s těmi stavaři,
9467840	9470220	že prostě soboty tady budeme oddávat,
9470300	9472680	protože prostě ta místnost je proto určená
9472680	9475920	a jednou za měsíc a půl tady budeme zasedat
9475920	9478100	a v ten den si buď vezmou dovolenou,
9478200	9479840	nebo ty zbíječky nebudou používat,
9480060	9481320	jenom otázka, nevím,
9481700	9482840	pěl jsem se na to zeptat, děkuji.
9482840	9485940	Možné to je,
9486220	9489660	ale zastavení stavby aktuálně se jeví
9489660	9490920	jako finančně náročnější,
9490980	9491760	než náš přesun.
9492960	9494440	Takže ta technika, která je tak,
9494860	9496140	my tak jsme v době covidu
9496140	9497580	zasedali v kongresovém centru,
9498280	9499780	tak prostě ty zkušenosti,
9499860	9500960	a ta poptávka je,
9501140	9502440	ale se vřeje zastavení stavby
9502440	9504100	je otázkou, jak si ta firma,
9504240	9505140	v jakém je stavu,
9505140	9507400	jak to vlastně zakonzervuje.
9507560	9510420	Takže aktuálně se to jeví takhle,
9511120	9512480	na druhou stranu neříkáme,
9512480	9514180	že se o tom nedá do budoucna dál jednat.
9514400	9516380	Ale to, co jsme zjišťovali,
9516480	9518380	tak je to vlastně aktuálně
9518380	9519000	tímto způsobem,
9519040	9520380	že to vychází do nás dráž,
9520480	9521440	to zastavení stavby.
9521540	9522740	Když je poprosím pana tajemníka,
9523100	9523680	aby to přesně...
9523680	9523880	Děkuju moc.
9524780	9526460	Skutečně to bourání
9526460	9528200	a potom následně ta stavba
9528200	9530640	bude poměrně náročná,
9531040	9533260	co se týká nejenom hluku.
9533260	9535740	My budeme tady ještě zatloukat
9535740	9536940	nějaké piloty a podobně
9536940	9538440	a nebudeme schopni garantovat,
9538780	9539660	že při těch svatbách,
9539660	9541220	případně při tom zastupitelstvu,
9541560	9542320	by jsme byli schopni
9542320	9544060	tu stavbu prostě v tu chvíli zastavit.
9544380	9545920	Proto jsme přistoupili pro 27
9545920	9547460	k tomu, co teďka schvalujete,
9547620	9549180	plus svatby jsme přesunuli
9549180	9550320	na kongresové centrum
9550320	9552480	a do nových multifunkčních prostor,
9552560	9553560	například v Lužkovicích,
9553660	9555460	vítání děti do života na Kvítkovou
9555460	9556860	a velké akce,
9556960	9557940	které tady připravujeme,
9558060	9559580	tak budeme mít v náhradních prostorech.
9560500	9562520	Je to víceméně pro bezpečnost
9562520	9563660	nebo pro bezpečnost,
9563660	9566560	je to pro hladký průběh těch akcí,
9566720	9567720	aby jsme potom tady
9567720	9569140	ve své podstatě neřešili
9569140	9569920	třeba ráno,
9570020	9572000	že nám stavbu hold nikdo nezastaví.
9572620	9573960	Ty náklady jsou vysoké,
9574140	9575360	od 20 do 100 tisíc
9575360	9576840	za zastavení stavby v ten den.
9577300	9578360	Takže jsme se rozhodli,
9578560	9579220	že pro nás bude
9579220	9581300	i pro vás komfortnější,
9581780	9582920	aby to tady neprobíhalo.
9583180	9583560	Uvidíme,
9583660	9584520	kdyby ty hrubé stavby
9584520	9585980	byly v roce 27 provedeny,
9586060	9587500	v roce 28 už by se jelo
9587500	9588560	ve vnitř té budově,
9588560	9589780	tak bychom samozřejmě
9589780	9590960	zvážili přesun zpět.
9593580	9594140	Děkuji.
9594240	9595320	Poprosím paní Francovou.
9596540	9597800	Já jsem se chtěla zeptat
9597800	9598680	ohledně těch svadeb.
9598780	9599840	My jsme přece zvažovali
9599840	9600860	využití zámku.
9601200	9601600	Já vím,
9601700	9603920	že se připravuje
9603920	9605660	oprava toho zámku,
9605760	9607020	ale nešlo pozastavit
9607020	9608480	tu opravu toho zámku,
9608900	9611600	tak, aby se tam
9611600	9612940	organizovali ty svadby,
9613040	9613840	proběhly tam tady
9613840	9614480	tyto aktivity,
9614600	9616020	protože si myslím,
9616020	9618200	že ten kuc je takový
9618200	9619380	jako složitý na ty svadby,
9619460	9620640	to vítání na té kvítkové.
9620700	9621000	Myslím si,
9621100	9622380	že senioři nejsou šťastní,
9622540	9623880	že netleskají.
9623960	9624640	Tak jenom,
9625240	9626060	to je můj dotaz,
9626180	9627380	proč nevyužijeme zámek,
9627540	9628420	nebo nemůžeme využít?
9628620	9629580	Zámek nevyužijeme,
9629680	9630920	protože od března
9630920	9632360	příštího roku
9632360	9634040	víceméně bude
9634040	9635220	celá lokalita oplocena
9635220	9636100	a vstup na zámek
9636100	9636900	budou mít pouze
9636900	9638500	ti, kteří tam mají nájem.
9639160	9639780	Nikdo další.
9640260	9641900	Začne kompletní
9641900	9643220	revitalizace sadu svobody
9643220	9644320	a tím pádem
9644320	9645180	celou lokalitu
9645180	9646220	kolem zámku
9646220	9647000	vlastně
9647000	9648520	bude staveniště.
9648840	9649320	Takže vlastně
9649320	9650120	vy se na zámek
9650120	9651200	jako nedostanete.
9652160	9653940	A takže
9653940	9654840	ta, že tím pádem
9654840	9655960	jako přesunout ty věci
9655960	9656640	na zámek
9656640	9657680	nedává vůbec
9657680	9658200	logiku
9658200	9659280	v současné chvíli.
9659420	9660280	Takže ta rekonstrukce
9660280	9661160	samotná sadu,
9661240	9662520	teda větéce sadu svobody
9662520	9664080	začne teďka v říjnu
9664080	9665240	prostřednictvím
9665240	9666720	jako kopání
9666720	9667300	víceméně
9667300	9668500	sklepních prostor
9668500	9669080	u zámku,
9669180	9669760	aby do budoucna
9669760	9670180	bylo možné
9670180	9670760	ten zámek
9670760	9671420	jako dotáhnout
9671420	9672260	tu rekonstrukci
9672260	9673900	vzduchotechnika
9673900	9674700	a všechno ostatní
9674700	9675300	nové normy,
9675400	9675920	nové rozvody
9675920	9676340	a ty věci,
9676420	9676940	co je potřeba
9676940	9677700	pro tu budovu.
9678300	9678780	Takže
9678780	9680700	s tím pádem
9680700	9681900	vlastně tohle děláme
9681900	9682840	jako by první etapu
9682840	9683360	v rámci té
9683360	9685180	revitalizace
9685180	9685940	sadu svobody.
9686360	9687080	Navazovat na to
9687080	9688140	bude od zhruba
9688140	9688900	února, března
9688900	9689460	podle toho,
9689640	9690640	jaká bude zima.
9691400	9692000	Očekáváme,
9692080	9692620	že od března
9692620	9693400	kompletní
9693400	9694220	revitalizace
9694220	9694960	sadu svobody,
9695120	9695960	která bude trvat
9695960	9696600	až do konce
9696600	9697340	roku 28.
9698140	9698640	Takže
9698640	9699780	tam vlastně
9701420	9702880	to je odpověď
9702880	9703880	proč ne zámek.
9704000	9705080	Samozřejmě jsme to zvažovali,
9705580	9705880	ale
9705880	9707400	nejsme schopni
9707400	9708280	jako na zámek
9708280	9708860	se přesunout
9708860	9709560	z těchto důvodů.
9712960	9713980	Děkuji za odpověď.
9714040	9714580	Je to škoda,
9714740	9715180	protože
9715180	9715760	si myslím,
9715840	9716580	že ten zámek by byl
9716580	9717100	takový jako
9717100	9718240	reprezentativnější
9718240	9718480	a
9718480	9719920	ale to je můj pocit,
9720000	9720620	že se to takhle
9720620	9721720	dostalo do souběhu
9721720	9722420	tady tyto věci.
9722700	9722820	Ale
9722820	9723980	chápu, že to nemůžete.
9724860	9725160	Děkuji.
9728520	9729000	Souhlasím,
9729100	9729720	že by to bylo
9729720	9731100	reprezentativnější,
9731100	9731500	ale
9731500	9732280	prostě
9732280	9733260	neumíme
9733260	9734400	dělat stavby
9734400	9735380	jako přes noc
9735380	9737020	a tím pádem
9737020	9738000	pokud se ve zimě
9738000	9738740	má něco dít,
9739580	9739860	tak
9739860	9741080	já jsem za sebe rád,
9741160	9741680	že ty věci,
9741840	9742920	co dneska schvalujeme,
9743280	9743840	případně to,
9743940	9744640	co schvaluje rada,
9744820	9745360	takže vlastně
9745360	9746180	proběhnou
9746180	9747280	a
9747280	9748580	já za sebe říkám
9748580	9749140	celo otevřeně,
9749220	9749780	že jsem strašně rád,
9749820	9750300	že to bude
9750300	9751040	a
9751040	9752080	ve výsledku
9752080	9754220	jestli
9754220	9755140	u těch pásek
9755140	9756080	v tom příštím období
9756080	9756480	budu já
9756480	9757120	nebo někdo jiný
9757120	9758000	to rozhodnou voliči,
9758000	9759240	ale hlavně, že to tady je.
9759900	9761140	Takže já to takto vnímám
9761140	9762000	a
9762000	9763500	prostě
9763500	9764380	ta doba je
9764380	9765400	a ty věci
9765400	9766980	nějakou dobu
9766980	9767340	trvají,
9767380	9767960	ty přípravy.
9768800	9769520	Jsme zároveň
9769520	9771160	v některých projektech
9771160	9772340	výrazně
9772340	9773300	pod
9773300	9774000	termíny,
9775400	9776640	svázání termín
9776640	9777500	dotačních titulů,
9777960	9778520	to, že právě
9778520	9779440	i ten sad svobody
9779440	9780120	a například
9780120	9780780	i velké kino,
9780900	9781620	které dneska máme
9781620	9782360	ještě na programu,
9782360	9783460	takže my si tam nemůžeme
9783460	9784040	moc vymýšlet,
9784140	9785000	že bychom toho půl roku
9785000	9786120	pozdrželi a tak dále.
9786240	9786740	To znamená,
9787260	9789380	využíváme externí financování,
9789440	9789780	co to jde,
9789960	9790660	abychom ty finance
9790660	9791560	multiplikovali
9791560	9792300	a vlastně
9792300	9793360	věci ve zně dělali.
9793540	9793840	Takže
9793840	9795380	to je ten stav,
9795460	9796300	že my za sebe,
9796340	9797100	já jsem strašně rád,
9797180	9798500	že se to podařilo dotáhnout
9798500	9798860	a
9798860	9800440	že to tady vlastně bude.
9801880	9802240	Prosím,
9802280	9802620	náměstka
9802620	9803160	Pavlábradu.
9803160	9805760	Já opět jenom
9805760	9806680	lehké doplnění.
9806920	9807820	Co se týče zámku,
9807920	9808940	tak tam očekáváme
9808940	9809940	úplně během teďka
9809940	9810860	velmi krátkého času
9810860	9812160	získání stavebního povolení
9812160	9813260	a bude na budoucí radě,
9813720	9814560	jestli tak projekt
9814560	9816000	relativně velký
9816000	9817020	jako rekonstrukce zámku
9817020	9817360	zpustí
9817360	9818680	nebo v nějaké omezené podobě,
9818800	9819080	takže
9819080	9820660	tam to moc smysl
9820660	9821580	opravdu nedává
9821580	9822360	a samozřejmě
9822360	9823360	v souvislosti se stranem
9823360	9823700	soubury
9823700	9824640	tak tež ne.
9825240	9826420	A ještě doplním,
9826520	9827420	že se tady teďka
9827420	9828180	připravujou změny,
9828280	9829220	které jsou asi největší
9829220	9830140	za 30 let
9830140	9831680	tady od revoluce,
9832040	9832300	takže
9832300	9833900	takže se máme na co těšit.
9836060	9837080	Máme se na co těšit,
9837440	9839080	bude to velice komplikované.
9839760	9840620	Ti, co tu budou sedět
9840620	9841600	v tom dalším období,
9841720	9842560	tak si vyslechnou
9842560	9843860	samé pochválné
9843860	9845280	řeči od občanů
9845280	9845800	o tom, jak se
9845800	9847040	je celé město rozkopané.
9847460	9848180	Bohužel prostě
9848180	9849140	zatím nikdo nevymyslel,
9849200	9850060	jak to stavět přes noc.
9850860	9852580	A poprosím paní Pešatovou.
9854060	9855600	Já jsem chtěla jenom
9855600	9856160	ujištění,
9857420	9858240	městský majetek
9858240	9859340	a že nemůžeme zasedat
9859340	9860420	v městském majetku.
9863060	9864380	Ano, prověřoval se
9864380	9865300	kongresové centrum,
9865400	9866520	zejména zkazen kapacity
9866520	9867800	vlastně naší velikosti
9867800	9868620	zastupitelstva.
9869500	9870160	Jiné čtyřeků
9870160	9871820	velké prostory nemáme.
9872780	9873700	Kongresové centrum
9873700	9876620	je z pravidla pro najato
9876620	9877900	zhruba na dva roky dopředu,
9878020	9879500	zejména v těch atrativních termínech.
9879680	9880620	Tady tomu není jinak.
9881020	9881680	To znamená
9881680	9883500	rušení těch jednotlivých akcí
9883500	9884180	a přesuny,
9884340	9885800	tak vlastně to finanční sráta
9885800	9887260	vyšší, než když zaplatíme
9887260	9887860	pro nájem
9887860	9888840	u hotelů z dým.
9889600	9890540	Takže takhle jsme
9890540	9891600	jakoby uvažovali,
9891680	9892820	prověřovali se ty kapacity
9892820	9893700	a ještě tak poprosím
9893700	9894600	ještě pana témníka,
9894760	9895920	aby mě doplnil,
9896060	9897200	protože to řešil
9897200	9898000	samozřejmě úřad.
9898200	9899480	My jsme měli takovou
9899480	9900680	menší pracovní skupinu,
9900780	9901940	kde byly matrikářky,
9902220	9903240	šéfové jednotlivých
9903240	9904580	zařízení
9904580	9905960	a už kongresového centra.
9905960	9908240	Hledali jsme ty varianty
9908240	9909080	tak, aby byly
9909080	9910160	reprezentativní,
9910240	9910560	to znamená,
9910620	9911440	co se týká svadev,
9911500	9911900	myslíme si,
9911980	9912980	že kongresové centrum
9912980	9913880	je dostatečně
9913880	9915560	reprezentativní prostor plus.
9916000	9916800	Má veškeré zázemí,
9916860	9917560	které potřebujeme
9917560	9918380	od parkování,
9918460	9919820	přes přípravny a podobně.
9920380	9920880	Co se týká
9920880	9922020	výtění dítí do života,
9922020	9924500	tak na té kvítkové
9924500	9925280	potřebujeme zase
9925280	9926120	přebalovací pulty
9926120	9926560	a tak dále
9926560	9927240	pro ty mimina,
9927760	9929260	takže i nám tam zaparkuje
9929260	9930220	dostatečný počet
9930220	9932380	rodičů u toho objektu.
9933240	9934220	Co se týká
9934220	9935600	kongresového centra
9935600	9936620	velkého sálu
9936620	9938060	pro zasedání zastupitelstva,
9938220	9939380	tak jsme naráželi
9939380	9941100	na obsazenost
9941100	9943220	a již na objednávané věci
9943220	9944160	v kongresovém centru.
9944660	9945220	To znamená,
9946020	9947860	museli bych to přesunout
9947860	9949040	jednání zastupitelstva
9949040	9949760	nepravidelně,
9949820	9951060	nebylo by to vždycky ve čtvrtek,
9951260	9952320	jednou by to bylo v pondělí,
9952400	9953400	jednou by to bylo ve středu,
9953500	9954540	jednou by to bylo možná
9954540	9956040	v pátek odpoledne.
9956660	9957680	Přistoupili jsme k tomu,
9957680	9959060	že pro nás je výhodnější
9959060	9960980	ten sál velkého kongresového centra
9960980	9962720	pronajmout externím subjektům,
9962760	9963520	co se týká cen,
9963900	9964680	a jít právě tady
9964680	9965700	do náhradních prostor
9965700	9967260	v interhotelu Zlín.
9968280	9969680	Tam, jak říkal pan primátor,
9969740	9970340	to má výhody.
9970460	9971260	Jsou tam salonky,
9971400	9972540	zároveň vás tam dokážeme
9972540	9973120	odstravovat,
9973260	9974500	plus je tam dostatečná
9974500	9975700	kapacita parkování
9975700	9977200	v okolí, kde zaparkujete.
9977680	9979600	Takže zvažovali jsme to
9979600	9980900	v té pracovní skupině
9980900	9982240	asi ze všech pohledů,
9982320	9983060	co nás napadly.
9983060	10013040	Děkuji.
10013060	10013700	To znamená,
10013980	10016380	je to takto jakoby aktuálně dáno.
10017080	10017700	Já jsem se bavil
10017700	10018680	i s panem Hejtmanem,
10018780	10019260	ten říkal,
10019260	10021900	že vzhledem té situaci,
10022000	10023080	která vlastně ve Zlíně je
10023080	10024020	tady v té stavbě,
10024520	10025880	takže si to dokáže představit,
10025960	10027340	že bychom přešli tam,
10027460	10028800	ale samozřejmě by to nebylo zadarmo.
10029540	10030740	Takže my na základě tady
10030740	10032440	těch informací,
10033040	10035220	kdy si představíme,
10035300	10036780	že bychom byli nahoře,
10036840	10039100	co se týká jakoby na 1.20,
10039620	10040940	ale pak zase řešíte,
10040940	10041820	jak už bylo řečeno
10041820	10042720	panem témníkem,
10043260	10044020	stravování,
10044120	10046040	řešíte i ty jednotlivé místnosti,
10046640	10047800	tak už do toho
10047800	10049640	mířeného diskomfortu
10049640	10050740	se tam dostáváte
10050740	10052260	a tím pádem jsme řekli,
10052400	10054040	že nebudeme vymýšlet
10054040	10055520	speciality se Zlínským krajem
10055520	10056520	a půjdeme do,
10056780	10057500	využijeme nabídku
10057500	10058380	na interneto Zlín,
10058860	10059580	která byla,
10059760	10060700	když to řeknu,
10062660	10063460	slušně řečeno,
10063560	10064560	jakoby zajímavá,
10064680	10065760	prostě nebylo to o tom,
10065840	10066840	že by nás tady přetáli
10066840	10067760	finančně někdo ví kam.
10067760	10070180	Takže šli jsme touto cestou
10070180	10072560	a zároveň tím pádem
10072560	10074240	nejsme v té situaci,
10074360	10075420	kdy jedno zastupitelstvo
10075420	10077260	potenciálně omezuje druhé.
10081760	10082880	Tak nikdo další
10082880	10083940	se v diskuze nehlásí,
10084040	10085080	tak prosím pojďme hlasovat
10085080	10086080	materiál číslo 30.
10086080	10098660	Pro 34,
10099100	10100940	materiál číslo 30 byl přijat.
10101500	10102540	Materiál číslo 31,
10102700	10104560	jednací řád zastupitelstva města Zlína.
10105500	10106880	Vy si určitě všichni pamatujete,
10107100	10108600	že jsme v průběhu tohoto
10108600	10109460	vlebního období
10109460	10112060	řešili úpravu jednacího řádu.
10112060	10114060	My jsme ji potom
10114060	10115740	následně nedotáhli
10115740	10116580	zcela otevřeně,
10116700	10117560	protože se řešili
10117560	10118580	na tvé připomínky
10118580	10120740	a v současné chvíli,
10121100	10122480	takže poslední zastupitelstvo,
10122620	10123220	tak jsme říkali,
10123360	10124320	že by bylo vhodné
10124320	10125280	ty věci dotáhnout,
10125360	10126260	protože tam byly za nás
10126260	10127420	konstruktivní připomínky
10127420	10128800	od vás všech.
10129600	10130860	Stejně tak se upravila
10130860	10131680	v některých věcech
10131680	10132320	legislativa,
10132600	10133620	takže proto vlastně
10133620	10134520	jsme to předložili,
10135100	10137320	aby to budoucí zastupitelstvo
10137320	10138900	města Zlína mělo,
10139320	10139800	když to řeknu,
10139800	10141020	ten jednací řád
10141020	10141640	v souladu
10141640	10143740	s aktuální legislativou.
10145080	10146020	Jsou k tomu nějaké dotazy?
10148180	10149880	Nikdo se do diskuze nehlásí
10149880	10150660	a já bych chtěl
10150660	10151620	ještě moc krát poděkovat
10151620	10153840	za ty konstruktivní připomínky,
10153940	10154840	které jste nám sice,
10155480	10156040	není to tak,
10156100	10157140	sice už je toho něco déle,
10157260	10158180	ale jste nám poskytli
10158180	10159080	a jsme rádi,
10159080	10161020	že tady to jednací řád
10161020	10162300	zase bude konstruktivní reál.
10162400	10162980	Moc krát děkuju.
10163620	10164340	Pojďme tady hlasovat
10164340	10165440	o materiál číslo 31.
10169800	10178480	Pro 33.
10179560	10181280	Materiál číslo 31 byl přijat.
10181480	10182440	Materiál číslo 32,
10182640	10183860	rozpočtová opatření,
10184600	10185980	zase navýšení a přesuny,
10186400	10187800	jsou k tomu dotazy.
10187800	10191840	Nikdo se do diskuze nehlásí,
10191920	10192260	tak prosím,
10192360	10192840	pojďme hlasovat
10192840	10194060	materiál číslo 32.
10206060	10207060	Pro 25.
10207060	10209080	Materiál číslo 32 byl přijat.
10209840	10211020	Materiál číslo 33
10211020	10212720	týkající se pozemku
10212720	10214320	a majetko právních úkonů,
10215380	10216180	k němu dotazy.
10217800	10220760	Do diskuze se nikdo nehlásí,
10220920	10221460	takže prosím,
10221580	10222160	pojďme hlasovat
10222160	10223400	materiál číslo 33.
10229780	10230700	Doblížíme.
10234700	10236160	Pro 25.
10236680	10238500	Materiál číslo 33 byl přijat.
10240040	10241700	Materiál číslo 34
10241700	10243740	týkající se projednání výběru
10243740	10245280	dodavatelé a uzavření smluv
10245280	10246760	v zadávacím řízení
10246760	10249100	pro revitalizaci velkého kina
10249100	10249640	ve Zdíně.
10251420	10252160	Všichni víme,
10252280	10253580	že kino je 10 let zavřené.
10254500	10256280	Aktuálně vlastně
10256280	10257980	proběhla soutěž,
10258080	10259540	kterou máme ukončit
10259540	10260380	vlastně tady dneska
10260380	10261460	na zastupitelstvu
10261460	10264120	návrhem na výběr zhotovitele.
10264120	10266200	Zcela otevřeně ta soutěž
10266200	10267420	probíhala zhruba
10267420	10268400	půl roku
10268400	10270300	z různých důvodů.
10271140	10271740	Můžu říct si,
10271820	10272680	že na začátku
10272680	10273640	projevili zájem,
10273640	10275980	podali vlastně vůbec
10275980	10276820	kvalifikace
10276820	10279060	do této soutěže
10279060	10280460	pět subjektů.
10281160	10282320	Postupem času
10282320	10283660	vlastně v tom průběhu
10283660	10284460	toho jednaceho řízení,
10284560	10285100	jak probíhalo,
10285180	10286660	tak následně indikativní nabídku
10286660	10287660	podali již jenom dva,
10288220	10288800	na základě,
10288980	10290140	kterých potom
10290140	10291200	probíhalo jednání
10291200	10292480	s těmito dvěma subjekty.
10292480	10294660	A pak
10294660	10297400	tu ostrou nabídku,
10297480	10298020	jak se říká,
10298060	10299700	nebo se tu závěrečnou nabídku
10299700	10301080	podali tyto dva subjekty,
10301180	10302380	které také vlastně
10302380	10303440	vlastně dali tu indikativní.
10304120	10305320	Z nich bylo vyhodnoceno,
10305460	10306520	že nejekonomičtější
10306520	10307880	je nabídka
10307880	10309900	společnosti PSG Construction,
10310640	10312620	kterou tady máte předloženou,
10313380	10314500	která v sobě zahrnuje
10314500	10317280	i stavbu podzemního parkování,
10317900	10319360	které má mít kapacitu
10319360	10322380	zhruba 350 parkovacích míst,
10322480	10324160	z nichž koncesní smlouvou
10324160	10325880	zavazujeme 260,
10326820	10328780	protože těchto 260 míst
10328780	10330320	zavázených koncesní smlouvou
10330320	10331900	budou povinně veřejná
10331900	10333840	a zbytlá parkovací místa
10333840	10336920	bude moci budoucí provozovatel,
10337400	10339200	potažmo tento investor,
10339980	10341000	například využít,
10341200	10342500	kdyby někdo v okolí
10342500	10344840	chtěl například
10344840	10346060	dlouhodobé parkování,
10346200	10347280	tak vlastně tuto kapacitu
10347280	10349240	nad rámec těch 260 míst
10349240	10350940	bude moci využít
10350940	10351880	i tímto způsobem.
10352480	10355840	Ta cena velkého kina
10355840	10357340	byla zastropována,
10357560	10358760	cena je víceméně
10358760	10361300	takřka zhodná s tím stropem.
10362420	10363300	Je potřeba říct si,
10363420	10366340	že máme na rekonstruci velkého kina
10366340	10368840	dva dotační tituly.
10369940	10371380	V současnosti ten součet
10371380	10372220	těch dotačních titulů
10372220	10374840	vychází zhruba na 192 milionů korun.
10374840	10377920	A v kina,
10378200	10380100	respektive ze současného kina,
10380420	10382800	tak po té rekonstruci tohoto objektu
10382800	10384180	vznikne opravdu
10384180	10385640	multifunkční objekt
10385640	10386520	se dvěma sály,
10387040	10388900	kde bude moci dělat
10388900	10389840	takřka všechno,
10390400	10391980	kdy vycházíme z praxe
10391980	10393500	z kongresového centra.
10393500	10396360	Co se týká provozu velkého kina,
10396480	10397940	počítáme aspoň za nás.
10398100	10398960	Uvidíme, jak se rozhodne
10398960	10399960	budoucí vedení města.
10400120	10401000	My předpokládáme,
10401080	10401680	počítáme,
10402420	10404240	že by vlastně vedení
10404240	10405220	kongresového centra
10405220	10407460	řešilo provoz také velkého kina,
10408220	10410180	abychom optimalizovali náklady.
10411360	10413080	S tím, že samozřejmě
10413080	10414340	se dějí všechny kroky k tomu,
10414340	10415620	aby tam byl odpočet DPH,
10415900	10417780	protože ta položka,
10417900	10418940	ta cifra, které se bavíme,
10418980	10419600	je bez DPH.
10420620	10422700	Co se týká parkoviště,
10422700	10424420	tak my jsme otevřeně
10424420	10425260	stala rádi,
10425420	10427460	že se našel subjekt,
10427640	10430460	který jde do této velké výzvy,
10430680	10433760	protože dlouho jsme jednali
10433760	10437440	s budoucností náměstí práce,
10437580	10438660	protože náměstí práce
10438660	10439380	v současné době
10439380	10441360	je převážně povrchové parkování
10441360	10443080	a s náměstním to nemáme společného.
10443900	10446260	Takže jsme udělali
10446260	10447540	předběžně tržní konzultace,
10447600	10448500	kdy jsme se ptali firm,
10448580	10449720	jestli vnímají,
10449820	10451940	že je vhodné
10451940	10453260	nebo více méně,
10453660	10455000	jestli je lepší
10455000	10456320	stavět to parkoviště
10456320	10457720	dohromady s kinem
10457720	10459200	anebo zvlášť,
10459280	10460780	jestli jsou toho vůbec schopní
10460780	10462260	i v tom časovém horizontu,
10462340	10463800	který nám dává dotační titul.
10465200	10467160	Odpověď byla více mě jednoznačná,
10467280	10468500	že samozřejmě parkoviště
10468500	10470460	v budoucnu postavit půjde,
10470620	10472100	ale za mnohem vyšší náklady,
10472160	10472940	než když to spojíme
10472940	10474340	s sestavou kina.
10474340	10476660	Proto jsme se rozhodli udělat
10476660	10477840	soutěžným způsobem,
10478060	10481820	že jsme vlastně dali
10481820	10483720	i možnost stavět
10483720	10485660	přímo i s tím podzemním parkováním
10485660	10487260	a v současné době máme
10487260	10489060	koncesní smlouvu
10489060	10492060	na provoz těchto parkoviště
10492060	10493180	na 70 let,
10493280	10494800	respektive, že na 70 let
10494800	10495860	to podzemní parkování
10495860	10497380	přejde bezúplatně městu.
10497380	10501200	Každopádně ta koncesní smlouva
10501200	10503360	více méně umožňuje
10503360	10505560	tři typy provozu budoucího.
10506340	10508320	První varianta je,
10508740	10511680	že investor bude také provozovat,
10511820	10513660	to znamená řeší cenotvorbu,
10514100	10514760	má příjem.
10515840	10517160	Varianta druhá,
10518080	10521240	investor zajistí provozování
10521240	10523060	prostřednictví městské společnosti,
10523060	10525860	to znamená řeší cenotvorbu,
10526540	10527000	příjem.
10527380	10529060	A zároveň platí někomu
10529060	10530180	za provozování.
10530660	10532220	Varianta třetí je,
10532480	10535280	že investor vezme
10535280	10538420	kompletně celý objekt stavby
10538420	10540060	a tento projme
10540060	10542780	za nějakou cenu městu,
10543360	10544960	po případě městské společnosti,
10545060	10546220	která následně provozuje,
10546360	10547260	řeší cenotvorbu
10547260	10548200	a má také příjem.
10548940	10550180	Tyto tři varianty jsou
10550180	10551860	v současné době obsaženy
10551860	10552900	v koncesní smlouvě
10552900	10555620	a na základě některých jednání,
10555700	10556800	která ještě probíhala,
10556800	10559820	za které jsem strašně rád,
10559920	10560820	protože samozřejmě
10560820	10562240	se přiznám,
10562300	10563380	že nemám úplně radost toho,
10563480	10565160	že to řešíme na poslední zastupitelstv,
10565160	10565640	vzhledem k tomu,
10565680	10566620	že se s ním tady řešíme
10566620	10568120	opravdu mnoho let,
10568700	10570160	ale ta soutěž se prodlužovala
10570160	10570480	vzhledem
10570480	10573500	ke komplikovosti celého toho projektu,
10574340	10576500	tak jsme diskutovali
10576500	10578420	s subjekty,
10578640	10579640	které mají,
10580060	10581400	kteří jsou majitele objektů
10581400	10582500	na náměstí práce,
10582740	10583740	jak to vidí do budoucna,
10583940	10584900	stejně tak jsme se bavili
10584900	10586200	právě s investorem
10586200	10589480	a s největší pravěpodobností
10589480	10592260	bude využita do budoucna
10592260	10593320	do celého provozování
10593320	10594600	jedna z těch,
10594860	10595560	řekněme,
10595620	10596900	druhá nebo třetí varianta,
10597060	10597560	to znamená,
10597700	10599440	to provozovat bude
10599440	10600600	buď zcela,
10600740	10601200	anebo částečně
10601720	10603080	městská společnost.
10606040	10606560	Přemýšlím,
10606600	10607540	na co jsem zapomněl.
10608200	10609140	Zapomněl jsem na to,
10609220	10610460	že v rámci té koncesní smlouvy
10610460	10611560	se zavazujeme k tomu,
10611560	10613600	že rušíme to povrchové parkování
10613600	10615360	a je potřeba říct si,
10615640	10617040	že na základě těch jednání,
10617120	10618220	které probíhalo ještě včera,
10618440	10620020	tak je dohodatá,
10620160	10622400	že není potřeba
10622400	10624780	případně rušit
10624780	10626020	povrchová parkování,
10626020	10627060	pokud příjemcem
10627060	10629780	parkovného na tomto
10629780	10630720	povrchovém parkování
10630720	10632340	bude investor toho podzemního,
10632760	10634240	neboli konkrétně jsme se bavili
10634240	10635940	na to, jestli je opravdu potřeba
10635940	10637480	zrušit parkoviště
10637480	10639300	mezi obchodňákem a tržnicí.
10640180	10641540	Současný stav je ten,
10641560	10643380	že tak, jak to máme dneska
10643380	10645740	předloženo, tak kde se zavazujeme,
10645860	10646500	že ho zavřeme,
10647060	10648920	tak ten stav je předjednaný
10648920	10651180	k tomu, že tomu tak být nemusí,
10651600	10653240	pokud příjemcem samozřejmě
10653240	10655880	bude investor toho podzemí
10655880	10657700	a tím by ta kapacita
10657700	10659120	zůstala ještě více navýšená
10659120	10660020	než v současné době.
10660800	10662120	To jenom asi, ať si řekneme,
10662200	10664240	že to má ještě nějaký vývoj
10664240	10665880	a já předpokládám,
10666040	10667560	že bude uzavřen určitě
10667560	10669600	ještě nějaký dodatek v průběhu těch dvou let
10669600	10671980	té celé stavby,
10672180	10673520	protože samozřejmě to bude
10673520	10675040	ještě dost práce,
10675220	10677300	protože město se bude
10677300	10679620	samozřejmě usilovně
10679620	10682080	snažit spolupracovat
10682080	10684340	na právě vůbec
10684340	10685980	celém řešení té lokality
10685980	10687860	a já věřím tomu,
10687940	10689660	že právě od toho roku
10689660	10692340	29 se opravdu z náměstí práce
10692340	10694200	stane ta pobytově relaxační zóna
10694200	10696620	s dostatkem parkování
10696620	10700740	a s velmi navštěvovaným velkým kinem,
10701740	10704200	kdy velké kino v současné chvíli nepočítáme,
10705160	10707940	že bude konkurencí kongresového sálu,
10708060	10710660	protože kongresový sál je typově
10710660	10713000	jiný objekt
10713000	10715920	a hlavně jeho náplněho rezervace
10715920	10717720	jsou na dva roky víceméně dopředu
10717720	10719200	obsazeny
10719200	10722120	v těch atrativních termínech.
10722260	10724220	Takže je to zároveň pořád sídlo filharmonie,
10724360	10725520	s čím vlastně počítáme,
10725680	10728080	takže samozřejmě i ten kongresový sál
10728080	10729380	má svá specifika
10729380	10731900	a tady, co se díká velkého kina,
10732100	10734100	tak bude to víceméně více
10734100	10736500	industriální stavba, než kongresové centrum,
10736620	10738140	které je zase více reprezentativní.
10739420	10742040	Toč asi za mě v kostce
10742040	10743880	dlouhý krátký úvod,
10744380	10745440	otvírám diskuzi.
10749200	10752440	Nikdo se do diskuzi nehlásí?
10756260	10756940	Zkusil jsem.
10757860	10759280	Říkal jsem si, že nikdo nic.
10762560	10763620	Byl jsem pomalý.
10764840	10766120	Poprosím pana Vančeru.
10770040	10771740	Dobře, děkuju, pane primátore.
10772680	10774160	Já na úvod, dovolte
10774160	10776540	smělou otázku na vás všechny,
10776540	10779320	kdo z vás dokázal
10779320	10781320	přečíst, neříkám
10781320	10783460	prostudovat
10783460	10785340	všechny materiály
10785340	10787000	na dnešní zastupitelstvo.
10788400	10790140	Ten původní materiál
10790140	10791300	několik set stran
10791300	10793400	a pak jsme přidali
10793400	10796580	dalších 31 souborů,
10797480	10799540	538 stran textu,
10799600	10801240	215 tisíc slov
10801240	10803500	a ještě 21 příloh
10803500	10806280	s téměř 9 tisíci buňkami.
10806280	10809660	A týkající se
10809660	10810620	samozřejmě toho
10810620	10811460	klíčového
10811460	10813220	rozhodování dneska,
10813440	10814320	který se týká
10814320	10815040	Velkého kina
10815040	10816340	a parkoviště.
10817240	10818000	A připomínám,
10818060	10819440	měli jsme 6 dnů na to,
10819900	10821020	abychom se rozhodli
10821020	10821840	o závazku
10821840	10823700	na dalších 70 let.
10825000	10826400	My jsme, musím říct,
10826480	10827620	dělali všechno,
10827680	10828680	co bylo v našich silách,
10828740	10829460	co jsme mohli.
10830900	10832380	Víte, že jsme adresovali
10832380	10834420	radě více jak 50 připomínek.
10834420	10837580	Měli jsme několik schůzek,
10837840	10839140	ale stejně musím říct,
10839220	10840920	že nebylo zdaleka
10840920	10842340	v naší moci
10842340	10843780	postihnout vše.
10844580	10845440	Nebudou o tom mluvit,
10845520	10846640	mý kolegové myslím.
10846640	10850360	A proto se dneska
10850360	10851420	k tomu materiálu
10851420	10852940	zdržíme přihlasování.
10853360	10854760	Ne, že by nebyl potřebný,
10855720	10857120	ale je to i pro vás
10857120	10858000	vysvětlení,
10858380	10859500	proč jsme se zdrželi
10859500	10861000	i v dalších bodech
10861000	10862340	týkajících se investice,
10862500	10864180	protože opravdu jsme
10864180	10865120	nebyli schopni
10865120	10867040	pojmout vše,
10867200	10867640	tak, jak jsme zvyklí.
10867640	10869600	A jak jsme
10869600	10870980	konec konců zavázáni
10870980	10872700	i slibem města,
10873480	10874540	městu a občanů.
10874540	10877020	Co se domnívám ještě
10877020	10878900	do této diskuze patří?
10880040	10880920	Je evidentní,
10881180	10883800	že nám v oblasti
10883800	10886040	velkých investic
10886040	10888560	schybí zkušenost kontinuita.
10889280	10890980	Je to prostě jasné,
10891080	10892240	my jsme vlastně poslední
10892240	10894560	takovou soutěž organizovali
10894560	10896100	nebo takovou přípravu
10896100	10897500	organizovali před vlastně
10897500	10899280	20 lety, když jsme stavili
10899280	10902040	kulturní a univerzitní centrum.
10902040	10906980	A je jasné,
10907140	10908580	že to je proces,
10908800	10910200	který je náročný.
10910520	10912060	Nejenom pro vás radní,
10912260	10915380	ale taky pro naše úředníky,
10915540	10917680	kteří vlastně všechny ty materiály
10917680	10919240	připravují a chystají.
10920020	10920560	A myslím si,
10920560	10922880	že je opravdu potřeba,
10923020	10924280	aby jsme na to mysleli.
10924800	10925720	I s hledem na to,
10925800	10926740	co nás čeká.
10926740	10930700	A to je ostatně i to,
10930920	10933260	po čem už jsme dneska volali
10933260	10936160	pro tak významné věci.
10936600	10937000	Je potřeba,
10937080	10938140	abychom byli schopni
10938140	10940580	zkoncentrovat potenciál,
10940740	10942340	který máme na zastupitelstvu,
10943260	10945940	protože přesvědčovat se o tom nemusíme.
10946220	10947640	Jsou to vážná rozhodnutí,
10948400	10949460	chyby jsou drahé,
10949460	10951160	takže poprosím,
10951400	10953260	až budeme dělat něco příště,
10953900	10955780	abychom se poučili z chyb,
10956140	10957700	které třeba vidíme,
10958200	10960380	především ty procesní organizaci,
10961100	10964820	abychom z tohoto příkladu vyšli,
10965700	10966140	co můžeme,
10966260	10967800	doufáme nakonec vítězně,
10967800	10969220	ale především poučením.
10969560	10970580	Děkuju za pozornost.
10972440	10973420	Určitě děkuju
10973420	10975160	a já tu připomínku naprosto beru.
10975600	10976960	My jsme si to říkali
10976960	10979520	a jak jsem řekl,
10979640	10981900	já taky zaště nejá sám,
10981960	10985160	mě se novináři v rámci tadyto volebního roku,
10985860	10987360	já si mě v únoru se mě ptali,
10987740	10989480	že nás opozice viní z toho,
10989620	10991520	že schválně všechno budeme dělat
10991520	10993200	jako před volobama kvůli kampaní
10993200	10994720	a to všechno ostatní.
10995760	10997360	Já jsem mi odpověděl tehdy na prostřednu duše.
10997600	10998040	Já jsem říkal,
10998100	10999120	já bych byl tak strašně rádi,
10999180	11000780	bychom ty věci schválili už v listopadu
11000780	11002260	a v prosinci a mě na všechno klid.
11003420	11006060	Takže určitě to není na schvál,
11006060	11007400	jenom za sebe
11007400	11009920	a chtěl bych moc krát poděkovat všem,
11010080	11011700	kteří vlastně tomu věnovali
11011700	11012700	spoustu svého času
11012700	11014320	a poslali nějaké připomínky
11014320	11015760	nebo otevřit nějakou diskuzi
11015760	11017640	a myslím si,
11017940	11019620	že já jsem se osobně snažil
11019620	11020700	udělat maximum tomu,
11020780	11022360	abychom si všechny ty věci vysvětlili
11022360	11024300	se všemi, kteří jste se mi ozvali,
11024500	11026140	se všemi dotazy, které proběhly.
11027720	11029140	Organizoval jsem různé schůzky
11029140	11029700	a tak dál,
11029840	11031840	takže snažil jsem se tomu pomoct.
11031840	11035460	Ale já tady jenom řeknu jedinou věc,
11035920	11036680	kterou si myslím,
11036820	11039060	že je právě tou otázkou,
11039860	11040680	že v případě,
11040780	11042560	že budou nějaké takovéto větší projekty,
11043100	11044540	jako jak to dobloucna řešit,
11044880	11049820	co se týká opravdu toho procesu,
11049900	11052240	protože co se týká velkého kina,
11052240	11053800	tak o něm tady mluvíme roky.
11054380	11056200	Tam, když to je ani samotný projekt,
11056360	11057580	tam není nic nového,
11057660	11058320	co bychom teďka,
11058400	11059360	že bychom vysoutěžili,
11059360	11061960	že místo dvou sálů tam budou čtyři a podobně.
11062080	11063100	Prostě více véně víme,
11063140	11063920	jak to má vypadat.
11065240	11066920	A jenom se nám podařil
11066920	11067820	tady ten malý zázrak,
11067920	11069260	že k tomu budeme mít rovnou
11069260	11070520	i to podzemní parkování.
11070680	11071200	To znamená,
11071620	11072780	tak jak my jsme viděli
11072780	11074380	ve všech těch architektonických,
11074440	11075520	jako říkajme, návrcích,
11075620	11076320	které jsme měli
11076320	11078840	od vítězného studia,
11078840	11081520	kde před kinem není žádné parkoviště,
11081580	11082540	ale je tam ta pijaceta
11082540	11084900	a navazující na pobytové relaxační zónu,
11084900	11087680	tak se nám to vlastně podařilo udělat.
11088700	11090720	Ale co se týká toho procesu,
11091700	11093120	tak to je to,
11093220	11095460	co vlastně nás správně,
11095480	11096940	nám správně vytýkáte za mě,
11098100	11100200	ale zároveň já říkám,
11100320	11102180	že dneska vlastně uzavíráme
11102180	11103200	tu veřejnou soutěž.
11103900	11105460	A já vlastně sám teďka
11105460	11106520	hlavě a ji přemýšlím,
11106980	11109140	jako v jaké fázi
11109140	11111480	my jsme schopni zveřejnit ty smlouvy,
11111860	11113160	abychom je vám dali k dispozici,
11113160	11114620	ať si dám udáte připomínky.
11114700	11115820	A netýká se tam toho kina,
11115900	11116400	je to to stejné,
11116440	11116920	co jsem říkal,
11116980	11118140	u toho Boněcké rybníku
11118140	11119080	a Březnické.
11119820	11120560	Protože vlastně
11120560	11122560	ve chvíli my rozjedeme soutěž
11122560	11125780	a je tam nějakým úsobem mluva,
11126660	11128300	je ta soutěž je veřejná,
11128520	11129780	ale potom už následně
11129780	11131080	samozřejmě dochází
11131080	11132560	k nějakým jednáním
11132560	11134080	v rámci té veřejné soutěže.
11134820	11137340	Tak vlastně to vím já,
11137540	11139020	tak my jsme se nedostali k tomu,
11139080	11141320	kde by byl prostor to někde otevřít
11141320	11143100	jako ještě nějakému širšímu fóru.
11143240	11145420	Takže určitě si myslím,
11145500	11146480	že toto je to ponaučení,
11146540	11147420	že to musíme najít,
11148120	11149280	protože když to nenajdeme,
11149660	11152340	tak se stejně dostaneme do situace,
11152440	11154120	že potom bude předkládána
11154120	11155200	hotová smlouva,
11155880	11157120	bez té možnosti,
11157200	11158320	aby bylo možné upravit jinak,
11158360	11159200	než dodatky.
11159780	11160200	A to je to,
11160260	11161540	co vlastně dneska tady řešíme,
11161660	11163080	že ať už Boněcký rybního,
11163140	11163700	Březnická,
11163820	11165060	tak jsme mě nějaké připomínky
11165060	11166060	za mě konstruktivní
11166060	11167480	a tady určitě taky.
11168100	11169920	Ale myslím si,
11170020	11170820	že ta soutěž,
11171020	11172820	že vlastně ta legislativa té soutěže
11172820	11174160	umožňuje některé vstupy,
11174340	11175900	ale není jich úplně mnoho.
11176040	11177220	Takže tam já souhlasím s tím,
11177300	11178060	že se na to musíme
11178700	11180260	do budoucna podívat,
11180360	11182560	nebo respektive budoucí vědení města Zlína,
11183280	11185920	aby ta informovanost zastupitelstva
11185920	11186860	byla co největší.
11187660	11189400	A díky tomu potom,
11190240	11192000	samozřejmě jste všichni věděli dříve,
11192280	11193600	co vlastně ty smlouvy obsahují,
11193600	11195420	protože byste byli nějakým zem součástí
11195420	11196320	toho připomínkování
11196320	11197900	nebo toho vyjednávacího procesu.
11199360	11200420	Ale je otázkou,
11200540	11201860	jak to nastavit.
11202940	11204580	Takže tady to za sebe vnímám určitě,
11204740	11206020	tak jako ten správný podnět,
11206100	11207180	že do budoucna
11207180	11208760	si tohoto musíme zjít po naučení
11208760	11209720	a hledat tu cestu.
11211660	11212560	Takže děkuju za to
11212560	11213860	a i za tu aktivitu vašich,
11213940	11214760	za ty dotazy
11214760	11215360	a za všechno,
11215440	11216820	co proběhlo v tom mezidobí.
11217640	11218700	Poprosím paní Francovou.
11218700	11221840	Já bych chtěla za nás říct,
11222120	11222580	že ano,
11222700	11223640	chtěli jsme velké kino.
11223780	11224720	Deset let je zavřené,
11224800	11226040	jsme za to moc rádi,
11226300	11227760	i když teda cena se
11227760	11229160	vynásobila,
11230100	11231940	která se předpokládala dříve.
11232660	11233980	Zase na druhé straně je skvělé,
11233980	11235580	že teda máme tam dotaci
11235580	11236860	těch 192 milionů,
11237060	11237720	to jsme rádi,
11237800	11238400	to oceňujeme.
11238980	11240080	Ale také nás trápí,
11240140	11241100	množství materiálů,
11241240	11242060	trápí nás těch,
11242220	11243680	ten 70 letý závazek.
11244280	11244640	Je pravda,
11244720	11245520	že teď tě můžeme říct,
11248700	11249100	tady všem,
11249220	11250600	ale nám to jedno není.
11251180	11252280	Trošku mi tam vadí třeba
11252280	11253620	jenom 3 parkovací místa,
11253760	11254780	které tam máme zdarma.
11255300	11256160	Vadí nám tam,
11256260	11257120	nebo nám obecně,
11257180	11257900	protože jsme se o tom bavili
11257900	11258700	také dohromady,
11258800	11260160	strávili jsme nějakým spoustu času.
11260740	11262720	Zákaz parkování v okolí,
11262720	11264040	jak je to okolí široké,
11264120	11265800	zákaz vybudování,
11266320	11268180	jakéhokoliv našeho parkovacího domu,
11268680	11269260	to znamená,
11269820	11271260	ta březnická tam neplatí,
11271420	11272180	to je v pořádku,
11272300	11272720	asi ano,
11272840	11274520	ale nenašla jsem tam nikde mapku.
11274520	11275920	A další věc,
11275960	11276580	co mě trápí,
11276660	11277280	tak přemýšlím,
11277360	11279100	kde budou parkovat teďka občany letné,
11279180	11280920	když začneme budovat velké kino,
11281040	11285160	začneme budovat vlastně březnickou,
11285320	11286300	tak tam je odsuneme,
11286400	11287200	myslíme na to,
11288200	11290860	když nebudeme moc parkovat na povrchu,
11290860	11292240	takže je tam spousta,
11292320	11292860	jako kdyby neznámých,
11294640	11296500	je toho fakt hodně,
11296780	11297700	je to velký projekt,
11297800	11297860	to určitě,
11298660	11299120	je to projekt,
11299220	11300220	který asi všichni chceme,
11300800	11303380	ale zatím teď se musíme zdržet.
11304520	11305720	Co se líká těch parkovišt,
11305780	11308060	tak je tam vlastně v příloze byla mapka
11308060	11309480	a ono je možná tím,
11309540	11311000	že ta přílohy byly nahrané bokem,
11311140	11314380	tak to vlastně jste si možná nestáhli úplně v pohodě.
11314800	11316000	Mapka říká to,
11316000	11317780	že, a ty to řeknu v kostce,
11318340	11319380	povrchová parkoviště,
11319460	11321200	která jsou právě v okolí,
11321300	11321740	to znamená,
11321820	11324480	bavíme se konkrétně místa za závorou,
11324600	11328820	která jsou součástí parkoviště Velkého kina,
11329360	11332000	mimo parkoviště nad obchodním domem
11332000	11335320	a v rámci té mapky
11335320	11337900	jsou také místa u hotelů Zlín,
11338000	11339580	které jsou na pozemku města Zlína,
11340340	11341520	které tady nejsou za závorou,
11341520	11343300	ale jsou nějakým způsobem teďka,
11343960	11346460	nechci jít poplatněna,
11346600	11347960	ale jsou v nějakém vztahu s hotelem
11347960	11351740	a je tam také to parkoviště
11351740	11353840	mezi tržnicí a obchodním domem.
11353840	11355840	A to bylo,
11355920	11356220	když se řeknu,
11356280	11357160	tím největším tématem,
11357240	11358320	co jsme víceméně řešili.
11358920	11360160	Ta logika byla jednoduchá
11360160	11362420	v rámci investora,
11362640	11363140	protože,
11363220	11363720	ale když se řeknu,
11363820	11365920	další lokality samozřejmě,
11366080	11366760	toto je celé,
11366920	11367560	tak já to řeknu,
11368060	11369440	protože my samozřejmě víme,
11369540	11371480	že máme stavět parkovací dům
11371480	11372900	na Březnické,
11373400	11374760	kde ta logika naše je ta,
11375000	11375540	že první,
11375640	11376920	co v té lokalitě vznikne dřív,
11377000	11378480	než se začne cokoliv tam rušit,
11378520	11379820	je ten parkovací dům.
11379920	11380640	A to je to,
11380700	11381760	co musí z pozice města,
11381860	11382860	musíme hodně spěchat,
11383460	11385680	abychom právě tu kapacitu tam řekneme,
11385880	11387120	tam je se skoro zdvojná sobí
11387120	11387640	proti tomu,
11387680	11388300	co je tam teď.
11388920	11390020	Takže ten parkovací dům
11390020	11392380	jako naprosto zasaturuje
11392380	11395120	vlastně to povrchové parkování,
11395120	11396220	které je teďka na té rozvoji
11396220	11397320	lokalitě Březnická
11397320	11399140	a samozřejmě pomůže,
11399340	11400700	jak lidem z letné,
11400820	11401240	z okolí,
11401380	11402200	ale případně i těm,
11402340	11404120	kteří vlastně budou mít pak dobrou snad
11404120	11404920	v nějakém čase
11404920	11406820	do nějaké míry omezené
11406820	11409140	to parkování u velkého kina,
11410020	11411860	kdy je snahou
11411860	11414620	a bude vlastně na to vytvořená
11414620	11415520	také dohoda
11415520	11419640	o maximalizaci počtu parkovacích míst
11419640	11421820	v průběhu stavby toho velkého kina.
11421820	11423080	To znamená, aby to nebylo,
11423200	11424520	že si investor to oplotí
11424520	11426320	a nic mě nezajímá,
11426320	11427680	ale aby to bylo opravdu
11427680	11429420	jenom na tu nejnutnější dobu,
11429720	11431380	aby prostě by ta maximalizace míst
11431380	11433120	byla pod sourobu té stavby.
11434020	11436400	A ta debata byla o tom,
11436540	11439260	že aby to nějakým způsobem vycházelo,
11439420	11440040	to znamená,
11440480	11441120	my jsme v průběhu,
11441400	11443400	my jsme měli předběžně tržní konzultace,
11443580	11444100	tak jedna s firm,
11444220	11445500	která se nám tam přihlásila,
11445700	11446680	tak sama napsala,
11447400	11449160	že má například
11449160	11450880	koncesní smlouvu s Prahou.
11452320	11454340	Koncesní smlouva je na to,
11454340	11456620	že vybuduje a bude provozovat
11456620	11457520	obchodní dům
11457520	11460160	s parkovacím domem pod zemím
11460160	11462540	a ta smlouva je na 50 let.
11462940	11463500	To znamená,
11463700	11464700	vy v tu danou chvíli
11464700	11466680	vlastně máte ale příjmovou položku
11466680	11467720	v rámci toho obchodního domu.
11468580	11470080	My jsme začínali tu soutěž s tím,
11470160	11472060	že jsme říkali až 70 let,
11472160	11473060	protože jsme sami doufali,
11473220	11474620	že to někdo zkrátí.
11475300	11476700	Zcela otevřeně nám chodili
11476700	11479200	jako informace ve stylu 70 let,
11479200	11480820	na tuto stavbu jste se zbláznili
11480820	11484520	jako 80, 90, 100 a podobná čísla.
11484880	11486580	Takže my jsme z tohoto neuhli
11486580	11488460	a zůstali jsme na těch 70
11488460	11489940	a proto říkám,
11490240	11492020	že je to za nás úspěch,
11492100	11493620	že se někdo takový podobně znašel.
11494480	11496320	A zároveň na druhou stranu
11496320	11497440	té investice,
11497580	11498940	která není malá pod stůzem,
11499120	11500580	tak vlastně vychází ta logika,
11500580	11503700	že byla ambice přesunout
11503700	11506000	to parkování opravdu do toho podzemí,
11506000	11508440	aby vlastně nahoře byl opravdu
11508440	11510380	pobytový a relaxační prostor všude.
11511740	11513780	A více méně na základ těch jednání
11513780	11516160	jsme se uhli do té pozice,
11516360	11518160	kdy naprosto se rozumíme obavám
11518160	11520360	některých těch soukromých subjektů,
11520440	11521220	které tam jsou.
11521860	11523860	A vlastně otevřeně dnes k dnešnímu dní
11523860	11524380	můžu říct,
11524380	11527380	že vlastně je dohoda,
11528080	11529960	která není v té koncesní smlouve,
11530040	11531380	protože v ní nemůže být obsažena,
11532040	11534120	protože to nebylo součástí soutěže,
11534120	11536640	ale že samozřejmě ty parkoviště,
11537140	11539180	teď to řeklám příklad mezi tou tržnící obchodňákem,
11539240	11540100	nemusí být zrušena,
11540200	11541520	pokud ten příjem půjde,
11541680	11544180	ale tomu investorovi tedy postaví to podzemí.
11544920	11545760	Je to i z důvodu toho,
11545780	11547660	když se podíváte na obsazenost těch parkovišt
11547660	11548340	aktuálně,
11548340	11552180	tak vlastně kdybychom to nechali z provozu
11552180	11554480	s tím, že to není příjem toho investora,
11555040	11556460	tak samozřejmě ten odliv
11556460	11557600	finančních prostředků,
11557680	11559320	že mu jako není úplně malý
11559320	11561800	a pak vlastně mi vůbec nevycházela
11561800	11563900	ta ekonomika toho parkovacího domu,
11564100	11567040	takže je to nějakým způsobem něco za něco,
11567140	11569980	na druhou stranu ten počet se tam navyšuje,
11570740	11572200	protože za mě je to podstatné
11572200	11575620	a za mě jsem strašně rád,
11575760	11577780	že máme i seriózního partnera,
11578000	11581320	který vlastně opravdu je odzkoušený,
11581420	11582820	že v té lokalitě,
11583080	11584140	v Zvezlíně a okolí,
11584260	11586180	prostě když něco dělá,
11586260	11587720	tak to dělá postivě, pořádně
11587720	11590880	a zároveň je ochoten vlastně
11590880	11592580	jednat o čemkoliv,
11592900	11593840	takže to si myslím,
11593980	11596720	že ve výsledku je to velice dobře.
11597560	11599000	Ačkoliv to má samozřejmě rizika,
11599840	11601900	já jsem si nedokázal nikdy představit
11601900	11603120	před těmi osmi lety,
11603220	11603880	kdy jsem nastupoval,
11603960	11605640	kdy jsem sám nadával na smlouvy,
11606260	11608040	co se týká nájemní smlouvy,
11608180	11610540	podchodu na desítky let
11610540	11611820	zášílených podmínek,
11611820	11613180	když jsou dnešní optikou,
11614040	11615160	tak jsem za sebe říkal,
11615240	11616480	že si nedokážu představit
11616480	11618260	jako takovéto smlouvy uzavírat.
11619420	11620360	A věřte mi,
11620420	11621260	že jsem byl ten první,
11621400	11622220	který nejvíc prskal,
11622280	11623200	když jsme se až ty bavili
11623200	11624260	tady v těch desítkách let,
11624440	11626320	ale prostě ta čísla,
11626460	11627400	ta ekonomika tam je
11627400	11628840	v současné chvíli jakoby jasná.
11631340	11632600	Poprosím pana Jandu.
11632600	11635780	Děkuji, panu primátore,
11635840	11636920	nechci dlouho zdržovat.
11637080	11638320	Za mě je jenom podpora
11638320	11639980	těch velkých projektů,
11640120	11641660	které sice vypadají,
11641720	11642860	že se vlastně řeší
11642860	11646400	až v závěru volebního období.
11646540	11648040	Nicméně podívejme se
11648040	11649520	na rozvoj okolních měst,
11650100	11651320	ať už je to kromě říž,
11651380	11652920	v Setín, Hradiště.
11652980	11655600	Myslím si, že po těch 30 letech,
11655600	11656520	kdy se nám podařilo
11656520	11657620	kongresové centrum,
11657740	11658960	jedna z největších staveb,
11658960	11661720	tady tyto staveby by měly být zelenou,
11662220	11663420	město by mělo jít nahoru,
11663520	11664420	mělo by být moderní,
11664480	11665520	ti lidé si to přejí
11665520	11668240	a za mě mimo deficit dopravy,
11668340	11669800	který je ještě vážnou otázkou,
11669920	11670420	tak si myslím,
11670500	11672040	že tyto projekty by měly být
11672040	11673000	jednoznačně zelenou.
11673200	11673520	Děkuji.
11676120	11677020	Moc krát děkuji
11677020	11678700	a další se hlásí pan Juráš.
11681180	11682360	Děkuji, pane primátore.
11682980	11685060	My jsme si asi už to podstatné řekli,
11685180	11686780	já jenom i pro kolegy zastupitele,
11686860	11687980	protože se to zaslouží.
11687980	11689660	My jsme nad tím strávili
11689660	11690900	poměrně hodné času.
11691540	11693040	Prostřednictvím pana primátora
11693040	11694160	jsme radě města Zlína
11694160	11696280	zaslali 56 otázek,
11696760	11698000	z nich sedm jsme považovali
11698000	11699180	za natokritických,
11699300	11701000	aby jsme vůbec souhlasili
11701000	11702760	s projednáváním toho materiálu.
11703900	11705900	A zbytek nám bude zodpovězeno.
11706280	11707600	Odpovědi jsme dostali,
11708240	11710280	já se k ním jenom ve stručnosti vrátím.
11711080	11712780	Dokonce jsme si našli i prostor
11712780	11714920	sestkat se ze zástupci investora,
11714920	11717100	aby jsme vlastně slyšeli tu jejich optiku,
11717100	11718840	jak o nějak tím smýšlí.
11719500	11720920	A myslím, že tady máme zástupce
11720920	11721900	investora dneska
11721900	11724160	a uvidíme, co nám k tomu poví.
11724320	11725240	My doufáme pevně,
11725380	11727280	že to, co povídal nám,
11727400	11728360	když jsme se ho na to ptali.
11729360	11731920	A to území není jednoduché.
11732460	11733620	Je tam povrch.
11733980	11735020	My jsme sledovali cíl,
11735100	11737200	že uděláme rekonstrukci velkého kina.
11737200	11740800	K tomu jsme přidělali ten parkovací dům,
11741020	11744320	aby jsme odebrali to parkování z povrchu.
11745000	11747020	Jestli jsme to měli soutěžit samostatně,
11747080	11748660	nebo ne, já nechám bokem.
11749000	11749960	Jsme tam, kde jsme.
11750660	11751560	Ale to, co my víme
11751560	11754140	a co nám brání o tom odpovědně hlasovat,
11754560	11756780	je, že ze všeho, co jsme my viděli,
11757180	11758880	tak plynou celkem tři věci.
11758880	11759560	Ta první.
11760900	11765060	My nemáme zpracovánu žádnou variantu
11765060	11768420	pořízení a provozu toho parkovacího domu,
11769040	11770400	kdybychom to dělali sami.
11770820	11772360	To znamená, kdyby to stavilo město
11772360	11773840	a provozovalo to po tu dobu.
11774680	11777380	Nemáme zpracované žádné jiné varianty
11777380	11778800	délek koncesní lúty.
11779160	11781340	Těch 70 let samo o sobě není problém.
11781480	11783520	To si myslím, že může být,
11783580	11784420	i když se to zdá dlouho,
11784580	11785540	problém je koncovka.
11785540	11787460	Jak z toho modulu vyskočit,
11787460	11789140	když to budu chtít.
11789280	11790880	A to je ta poslední připomínka.
11791500	11793320	My to máme trošku nastavené tak,
11793440	11795560	že pro město to bude náročné
11795560	11797520	z toho modelu odejít v této chvíli.
11798320	11802920	A to je to, co nás na tom zamrzelo.
11803780	11804980	A to je všechno.
11808200	11808800	Děkuji.
11809920	11811700	Poprosím pana Simkoviče.
11814400	11815640	Já bych navázal,
11815820	11816900	asi přednáště panu Juráš,
11816900	11817520	že je to podobně.
11817600	11818340	To vnímáme my.
11819060	11820240	Je to stejně jak u té březnické.
11820320	11821160	V rámci těch pojistek
11821160	11822460	a té pozice toho města
11822460	11824120	v tom projektu,
11824280	11825700	jak je nastavený.
11826440	11827100	Jsme velmi rádi,
11827240	11828640	že tamto parkujiště
11828640	11829800	vybuduje při tady tomto.
11830220	11832920	I to, že je to lokální investor,
11833120	11833740	který do toho jde
11833740	11835000	s velmi dobrou reputací,
11835080	11835740	se vším ostatním.
11835820	11836860	Tohle všechno jsou pozitiva.
11836860	11838420	Na držostanu mám-li rozhodovat
11838420	11839240	s pozicem města,
11839400	11840680	tak potřebu uznát
11840680	11842460	tu sílu i toho modelu,
11842540	11842980	jak to bude,
11842980	11844420	jak bude nastavené parkovné,
11844600	11845760	jaká je ta možnost města
11845760	11847380	vstupovat do regulaci toho parkovného.
11847540	11849160	Oblivnit trošičku politiku
11849160	11849800	toho parkovného.
11849900	11850560	Je to jedna z věcí,
11850660	11851960	která nám, řekl si,
11853080	11853800	jede za námi,
11853880	11855440	protože úplně nechat to
11855440	11857460	líbovolně zdivočit
11857460	11858820	by asi nebylo optimální.
11859280	11860160	Takže to tam nikde nemáme.
11860240	11861180	Jsme nejaké tak jako ukončení,
11861260	11862800	případně předčasné vypovědní smlouvy,
11862800	11864420	jaké bude technické zhodnocení těch budov,
11864480	11865900	jaké tam mají nějaké parametry
11865900	11867360	technologické a podobně.
11867420	11868880	Tohle všechno vlastně netam,
11869380	11870100	anebo jsem nenašel,
11870460	11872200	pomlouvám se v tom krátkém čase,
11872820	11873980	tak to je taky věc,
11874080	11875400	která nám trošičku v tom brání,
11875460	11876420	aby jsme tohle podpořili,
11876520	11877280	takže se zdržíme,
11877420	11878080	tak jak jsme říkali.
11879420	11881000	Jasné, já vám rozumím prakticky.
11881380	11882040	Já odpovím,
11882120	11882940	že sehlásí ještě
11882940	11884380	pan námestek Rechalánek,
11884380	11885120	která vám asi řekne,
11885180	11886380	co se týká těch financí,
11886720	11887740	týkají těch modelů,
11887840	11889100	proč mě například nemáme,
11889100	11891380	protože na to nemáme,
11891480	11892140	asi v koste.
11893360	11894080	Ne na to,
11894160	11895340	že nemáme peníze na to,
11895400	11896480	abychom si nechali udělat model,
11896660	11899200	ale nemáme na tu budoucí realizaci.
11899700	11900580	To je strašně neduché,
11900660	11902660	ale on vám to vysvětlí mnohem lépe
11902660	11904900	a konkrétněji.
11905400	11906540	Já jsem to vzal po loupatě.
11907260	11908360	Každopádně cenotvorba
11908360	11910600	naprosto s vámi souhlasím,
11910660	11911580	my jsme to řešili taky.
11912300	11913040	To je to, proč jsem říkal,
11913100	11914040	že jsme nějaké tři modely,
11914180	11914940	ve kterých jsem i říkal,
11915020	11916220	kdo bude určovat cenotvorbu.
11916220	11918860	Každopádně cenotvorbu
11918860	11920900	můžete říkat,
11921000	11922420	že bude určovat jeden nebo druhý,
11922820	11924740	nebo nejdebo, že nějaký třetí a tak dál.
11924860	11926220	Prostě ta smlouva něco umožňuje.
11927280	11928980	Ale zároveň
11928980	11930520	tím hlavním hybatelem
11930520	11931880	té ceny parkovného bude trh.
11932920	11934540	Protože nikdo není takový blázenový
11934540	11935420	postavl parkoviště,
11935520	11937040	které tam kde nasadí takovou cenu,
11937100	11937920	že pak bude prázdné.
11938740	11940440	Takže v tu danou chvíli
11940440	11942000	naopak bude motivace
11942000	11943100	ho mít co nejvý splné,
11943100	11946520	takže samozřejmě se budeme bavit
11946520	11948200	v těch dalších letech
11948200	11949620	a já si myslím, že
11949620	11952580	tak jak jsem řekl,
11952740	11953320	že vzhledem tomu,
11953360	11954380	že to spíše inklinuje
11954380	11955320	k těm variantám
11955320	11956940	nějaké spolupráci s městem,
11957520	11959660	tak se toho nějakým
11959660	11960420	se neobávám,
11960520	11961340	protože ta lokalita
11961340	11963280	vlastně v současné době
11963280	11964380	je hodně navštěvovaná
11964380	11965720	a myslím si,
11966160	11967840	že toto tomu jenom pomůže.
11968400	11969500	Takže obecně,
11969580	11970480	když se hlavně podíváte
11970480	11971580	na dopravu ve Zlíně,
11972040	11972760	je to téma,
11972860	11973580	které tady řešíme
11973580	11974860	ve volbách úplně všichni
11974860	11976940	a zcela otevření,
11977000	11977380	že vezmete,
11977520	11978340	že Zlín je v údolí,
11979000	11980520	máme tu třílu Tomáše Vati,
11981220	11981880	několik let
11981880	11982480	tady do Božstna
11982480	11983320	nebudeme mít
11983320	11984880	nějakou novou propojku
11984880	11986380	mezi dálnicí D49 a D55,
11987180	11988240	to nebude za rok hotové,
11988380	11988840	budeme rádi,
11988920	11989760	že to bude za deset,
11989760	11990900	si pojďme taky říct,
11990980	11992700	pokud to mám jako kompletní propoj.
11994380	11997500	Takže dostáváme se do situace,
11998020	12001100	že město Zlín je počáteční
12001100	12002140	a konečnou stanicí
12002140	12003200	pro většinu dopravy,
12003580	12005680	transitní doprava je tu asi 12%,
12005680	12007820	takže vy se dostáváte do situace,
12007980	12009560	kdy hledáte řešení,
12009640	12011300	jak ta auta s tady má vlastně vytěsnit.
12012440	12014700	Řešení jsou relativně ne,
12014780	12015420	že jednoduchá,
12015540	12017460	ale jsou více mě politicky nepříjemná,
12017460	12019280	ale potom,
12019400	12021320	co se zavedou modré zóny,
12021440	12023460	to znamená podpora rezidenčního parkování,
12024540	12027900	tak vám to umožní udělat případně další krok
12027900	12028580	a to je ten,
12028740	12030700	že rapidně zdražíte parkování
12030700	12032540	a nebo snížíte počet parkovacích míst
12032540	12033800	v těch ulicích,
12033940	12034960	u těch rodinných domů,
12035040	12036740	kde nám všichni stojí různě zadarmo
12036740	12039280	a díky modrým zonám už ne zadarmo,
12039480	12041720	ale pořád tam vlastně nějaký poplatek
12041720	12042960	nějakým se můžou stát.
12043420	12044400	To znamená tady tou,
12045480	12046540	můžeme říct tím navýšením,
12046540	12047320	tím krokem,
12047460	12048480	to můžete ve výsledku
12048480	12050460	ten počet automobilů snížit,
12050540	12052840	protože existuje městská hromadná doprava,
12052980	12055260	existuje integrovaná doprava z lindského kraje,
12055620	12057060	máme to víceméně provázané,
12057140	12057800	stále více,
12058560	12059580	ale samozřejmě,
12059660	12060360	když už se mě dojede,
12060480	12061760	tak by měl mít kde zaparkovat.
12061900	12062460	To znamená,
12062960	12063860	když mu to za to stojí,
12063920	12064560	tak jak se mě dojede.
12065080	12066520	Ale samozřejmě ten krok
12066520	12068080	případného zdražení
12068080	12068540	bude nepopulární
12069120	12071540	a bude to nějaké politické rozhodnutí,
12071540	12074160	stejně jako je politické rozhodnutí,
12074240	12075760	například cena městské hromadné dopravy
12075760	12076200	a podobně,
12076260	12077180	na kterou doplácíme
12077180	12078680	prostě přes 200 milionů ročně,
12078800	12079760	aby lidé mohli cestovat
12079760	12080200	za tu cenu,
12080240	12080960	za kterou cestují.
12081060	12082880	Takže já tím jenom chci říct,
12083120	12086420	že ten trh něco řekne,
12087240	12087540	ale zároveň
12088060	12089360	i vlastně ta situace
12089360	12090520	v těch budoucích letech
12090520	12092740	bude nějakým způsobem
12092740	12093540	motivovat
12094260	12095600	budoucí vedení města
12095600	12097800	nějakým způsobem
12097800	12099000	tu cenu tvorbu určovat
12099000	12099700	tam, kde může
12099700	12101800	a když ji bude určovat
12101800	12102460	tam, kde může,
12102620	12103660	tak pořád je to převážná
12103660	12104780	většina parkovišť
12104780	12105980	v rámci města Zdína
12105980	12106760	a tím pádem
12106760	12109240	tady to parkovišť
12109240	12109660	například
12109660	12111820	bude v největší peněstí
12111820	12112600	v nějakém vleku
12112600	12114500	a uvidíme.
12115220	12115940	Nemyslím si,
12116100	12116260	že by,
12116640	12118120	nemám obavu toho,
12118220	12119320	že by jakýkoliv investor
12119320	12120880	napádl cenu takovým způsobem,
12120960	12122320	že mu tam nikdo bude parkovat,
12122320	12124040	protože ekonomicky naopak
12124040	12125200	bych se bál toho,
12125300	12127460	že bude se snažit
12127460	12128200	mít tu cenu nižší
12128200	12129400	než ty okolní parkoviště
12129400	12130020	a být naopak
12130020	12130900	ty auta tam měl.
12132020	12132520	Aby vlastně
12132520	12133680	a tím si navýšil příjem
12133680	12134900	na úkor příjmu města.
12135480	12137060	Ale myslím si,
12137140	12137600	že ten trh
12137600	12138480	to pak rozhodne.
12139600	12141320	Poprosím náměstka Mirka Chalánka
12141320	12142440	a já pak jenom
12142440	12143140	Pane primátore.
12143500	12144240	Já pak jenom ještě
12144240	12145000	pro něj to skočím.
12145160	12146360	Tu mám opravdu zástupce
12146360	12148480	společnosti PSG Construction
12148480	12149900	tak já potom bych ho vyzval,
12149900	12151480	jestli by nám k tomu taky řekl
12151480	12152400	nějaký svůj postoj
12152400	12152900	nebo vizi,
12153180	12154600	jak to aktuálně vnímají
12154600	12155700	ať i vy také víte,
12156160	12157680	jak se k tomu vlastně staví
12157680	12158100	a to je to,
12158200	12159080	co říkají pan Juráš,
12159260	12160000	jestli vlastně
12160000	12162480	ať tady mám
12162480	12164600	nějakou reakci
12164600	12165060	toho,
12165140	12165600	jak to vlastně
12165600	12166340	k tomu přistupuje
12166340	12168440	ten potenciální investor,
12168580	12169540	protože do dnešního dne
12169540	12170620	aktuálně není schválený.
12170760	12171920	Tak poprosím Mirka Chalánka
12171920	12172540	a pak musím jenom.
12173380	12174520	Já děkuju za slovo
12174520	12175180	na primátore.
12175300	12176540	Já jenom v rychlosti.
12179900	12180760	Chce poděkovat všem,
12180880	12183260	kteří se na tom projektu podíleli
12183260	12184980	a včera jsme ště
12184980	12186120	některé věci dohlaďovali,
12186200	12187220	vzájemně si vysvětlovali,
12187320	12188660	takže já chci poděkovat
12188660	12189420	za tu aktivitu,
12189520	12190060	která vzdychla,
12190180	12191320	protože
12191320	12192980	jsme si některé věci,
12193060	12193820	v některých věcech
12193820	12196580	jsme si ujasnili,
12196720	12198020	některé jsme si potvrdili
12198020	12199240	a to je vždycky
12199240	12201020	jako u takového velkého projektu
12201020	12201600	dobré.
12202280	12203320	A nebylo to jenom
12203320	12205820	v rámci politického spektra,
12205820	12207300	ale byli tam i zástupci
12207300	12210720	vlastně těch objektů,
12210940	12212640	kterých se to dotýká soukromých,
12212780	12216340	takže jsme si některé věci vyjasnili,
12216500	12219140	včetně investora skupiny PSG.
12219680	12221540	Takže za to moc děkuju všem.
12224660	12226220	Reakce na pana Juráše,
12226500	12228300	proč ne my sami
12228300	12231060	a nemáme ten model?
12231060	12235300	Já to řeknu tak,
12236000	12237000	my když jsme připravovali
12237000	12238840	vlastně středně doby výhled,
12239040	12240160	rozpočet a tak dál,
12241260	12244500	máme nějaké možnosti
12244500	12246240	finanční zlízka toho salda
12246240	12246780	a tak dál,
12247300	12248780	tak my jsme se tím nezabývali,
12249260	12251400	protože cena té rekonstrukce
12251400	12252740	toho kina víme, jak vypadá.
12253820	12255060	My jsme na to,
12255120	12256920	aby jsme ITI profinancovali,
12256920	12257920	jsme vzali úvěr
12257920	12259660	miliarda, sto milionů,
12259660	12260900	čili to už vás,
12261320	12262360	to je nějak určitej závazek
12262360	12262940	na 20 let,
12263020	12264720	s kterým nemůžete moc dělat.
12265600	12267180	Teďka trošku třeba
12267180	12268440	vývojů rokových sazeb
12268440	12269720	je nějaký,
12269760	12271340	my máme miliardu a půl
12271340	12272620	na dlouhodobých závazcích,
12272760	12274100	takže si můžete
12274100	12276120	jaksi přepočíst,
12276240	12278180	co je 1% to jako na tom závazku.
12279040	12281740	Ale my jsme to nepočítali,
12281840	12283340	protože zhledem k tomu,
12283340	12285340	že prioritu pro nastavající
12285940	12287140	volební období,
12287180	12288000	když to řeknu takhle,
12288000	12291240	nebo na období třeba 4 až 6 let
12291240	12292060	je doprava.
12292600	12295180	Jsou projekty nachystané,
12295280	12297240	ať už je to obchva záležné,
12297380	12298540	přivaděž, dálniční
12298540	12300000	a propojení D49,
12300380	12302180	1 lm 49 cesty,
12303240	12304240	pravobřežka,
12305060	12306160	parštenská příčka,
12306340	12307820	elektrifikace a tak dále,
12308220	12309380	tak tam jsme v situaci,
12310160	12312560	kdy jako my nemůžeme říct,
12312560	12314040	jestli budeme dělat nebo nebudeme.
12314480	12316900	Tam budeme ve vleku těch věcí,
12317000	12318420	čili my budeme muset přistupovat
12318420	12321620	k těm projektům tak,
12321680	12324260	že je budeme muset realizovat tak,
12324380	12326920	aby jsme vlastně koordinovali
12326920	12328980	tu stavební činnost v tom daném území.
12329140	12329860	Tak to znamená,
12329940	12330940	že počítáme s tím,
12331080	12332400	že celý ten rozpočet
12332400	12333780	a ty závazky stavíme tak,
12333860	12335080	že prioritu má doprava
12335080	12337160	a do toho roku 32
12337160	12338840	to prostě nebude jinak.
12340780	12341620	Bude to,
12341800	12343520	ty částky jsou tam poměrně velké,
12343620	12344020	když se,
12344520	12346460	my jsme teďka pro vás aktualizovali
12346460	12348920	vlastně ten preferované projekty,
12349040	12349660	takže to tam,
12349940	12350720	to tam vidíte,
12350800	12352840	některé věci se v čase i vyvíjí,
12352980	12353480	to znamená,
12353540	12354880	že kdo jste se pozorně dívali,
12354940	12355820	tak tam přibyl třeba
12355820	12357320	odstav pro autobusy
12357320	12358300	za 40 milionů,
12358400	12360720	které nakonec zhledem k vývoji
12360720	12363560	jednání se skupinou zemek,
12363980	12364500	prostě tak,
12364500	12367640	aby jsme nebránili té elektrifikaci
12367640	12368960	a aby to mohlo fungovat,
12369120	12370760	tak to budeme muset převzít my.
12371860	12372280	Takže,
12372420	12374460	aby se ten prostor nezablokoval,
12374560	12375680	tak to je třeba další výdaj,
12375760	12377180	s kterými jsme ještě před půl rokem
12377180	12377940	ani nepočítali.
12378420	12379760	A musí se stát.
12380000	12380720	Musí se stát.
12381980	12384100	Takže je to trošku jako komplikované,
12384260	12384880	čili ano,
12385140	12385980	my jsme ho nedělali,
12386140	12387080	počítali jsme s tím,
12387080	12388880	že vyhlásíme soutěž tak,
12389040	12391380	aby jsme tu finanční zátěž
12391380	12392760	převezli na investora
12392760	12394260	a ten důvod,
12394460	12395540	aby pro něho vznikla
12395540	12397220	jakási komfortní situace
12397220	12398540	je 70 let
12398540	12401440	jako koncesní koncese na provoz.
12401440	12404580	Já chci říct,
12404660	12405740	že jsem strašně rád,
12405880	12407880	že nakonec jsme našli firmu
12407880	12409440	a ještě z hodou kolností
12409440	12410500	z dománcího prostředí,
12410620	12411660	která k tomu přistoupila,
12411740	12412820	protože byla jediná,
12412940	12416480	která ten závazek akceptuje
12416480	12417760	a chce do toho jít.
12418720	12420220	V tuto chvíli je to
12420220	12421600	o dalším vývoji té situace,
12421600	12422840	jak to bude dál pokračovat,
12422980	12425540	protože jak jsme včera jednali,
12425600	12426280	tak jsme si řekli,
12426420	12428540	že prostě dneska se stane něco
12428540	12430540	a potom je zase doba na to,
12430640	12432840	aby se ty věci dál upřesňovaly
12432840	12435740	a přesně stanovaly.
12437400	12438860	Takže to je k tomu kinu
12438860	12439960	a k tomu materiálu.
12440140	12441280	Ještě bych trošku navázal
12441280	12442620	na to, co říkal pan Mančura.
12442780	12445320	Já, když jsem včera
12445320	12448080	absolvoval ty tři hodiny jednání,
12448160	12448760	tak musím říct,
12448760	12450060	že taky mě napadla otázka,
12450180	12452760	jestli to nemohlo být časově trošku jinak.
12453460	12457020	Asi je to na budoucí radu,
12457100	12458000	zastupitelstvo,
12458000	12459120	aby našlo způsob,
12459180	12461440	jak v těchto, řekl bych,
12462260	12464880	projektech, které přesahují časem
12464880	12467240	a výší prostě normální standardy,
12467300	12469000	aby jsme měli nějaký mechanismus,
12469700	12472200	jak procesně, jak k něm věcem přistupovat
12472200	12473700	a vzájemně se informovat.
12474600	12476520	Protože ona každá rada
12476520	12477480	je tam potom dobrá.
12477720	12478640	To jsou to věci,
12479220	12481000	a pan Mančura to opstal přesně,
12481000	12485880	že není zkušenost a kompetence na městě
12485880	12490380	prostě tyto projekty připravovat,
12490500	12493180	řídit v celém tom kontextu.
12493740	12496280	A já z hlediska financí řeknu,
12496280	12496780	víte,
12497560	12499420	jestli chceme zachovat rozvoj
12499420	12502520	a dynamiku rozvoje,
12502620	12503680	což je otázka času,
12504380	12505420	tak my se musíme naučit
12505420	12507260	daleko víc využívat privátní peněz.
12508260	12509460	To je strašně důležité,
12509560	12510940	aby jsme v rámci toho rozvoje
12510940	12512040	se naučili pracovat
12512040	12514000	s tím privátním sektorem,
12514120	12516360	protože tam je daleko víc peněz,
12516440	12517260	než na tom městě.
12517740	12518860	Já vám můžu říct,
12518940	12520740	že možnosti města z hlediska Salda
12520740	12521580	rozpočtu,
12521680	12523500	což je rozdíl příjmu a výdajů,
12523500	12526040	je zhruba někde na úrovni 370 milionů.
12526600	12527860	Když ještě tam dáte
12527860	12529200	nějaké mimořádné věci,
12529360	12531580	opravy, které se vždycky stanou,
12531720	12533680	čili nějaké operativní výdaje ve výši,
12534540	12536000	co to město musí držet,
12536060	12538480	to je nějakých 60 milionů.
12539000	12541720	Potom máte ten roční
12542620	12544620	to Saldo zhruba na úrovni
12544620	12545720	nějakých 300 milionů,
12545800	12546300	ale pozor,
12546420	12547360	z toho už budeme mít
12547360	12549000	jako úhradu dlouhodobých závazků,
12549080	12550180	takže je to 200.
12551420	12552660	Dneska, když stavíme jednu,
12552660	12554300	přistavujeme jídelnu a školu,
12554380	12555760	tak stojí 180 milionů.
12556920	12558080	Takže tady je potřeba
12558080	12559140	se naučit
12559140	12560640	v tom dlouhodobějším
12560640	12562840	financování
12562840	12565960	pracovat i s tím soukromým sektorem
12565960	12567760	a být pro něho dobrý partner.
12567760	12568320	Navíc,
12568600	12570460	četl jsem si volební programy,
12570520	12572180	všichni tam píšeme o tom,
12572260	12573480	jak budeme spolupracovat
12573480	12574620	s tím soukromým sektorem.
12575180	12575580	Ano,
12576320	12577400	musíme se to naučit,
12577640	12578540	je to otázka
12578540	12580560	hledání nějakých průsečíků
12580560	12584280	a samozřejmě i rozložení nějakých rizik
12584280	12585500	v každém projektu,
12585560	12587540	protože nikdo vám nepůjde to dělat tak,
12587540	12589320	že veškerý rizika převezme na sebe,
12589820	12594100	takhle se ty velké projekty nedělají.
12594100	12596040	A to nás bude čekat
12596040	12597380	v tom nadcházejícím období.
12597880	12598980	První velká zkouška,
12599180	12600220	jak se s tím vypořádá,
12600280	12601160	nám bude náměstí,
12601240	12602780	protože tam nějakýsi potenciál
12602780	12604140	jako z hlediska pozemků
12604140	12605120	a možností jsou,
12605520	12606700	ale je to přesně o tom to.
12608820	12611360	Může tam něco vyrůst,
12611440	12612360	může tam něco být,
12612440	12613740	je to atraktivní klocha
12613740	12616160	pro i soukromý sektor
12616160	12617140	a je otázka,
12617360	12619080	jak to využijeme.
12619240	12619800	Já si myslím,
12619880	12620760	že těch příležitostí
12620760	12621520	bude spousta
12621520	12623580	a je to o tom naučit se
12623580	12625020	s některýma věcma pracovat.
12625120	12626260	Je naprosto přirozené,
12626380	12627760	že neumíme hned všechno,
12628400	12629300	ale já si myslím,
12629420	12630020	že ty projekty,
12630120	12630800	které jsme dneska
12630800	12631980	za ty čtyři roky udělali,
12632120	12632560	připravili,
12632660	12634720	Březnická, Boněcký, Rybník,
12634720	12637120	i to velké kino ukazují,
12637240	12639040	že ten potenciál tady je,
12639240	12641760	že mnohem jsme se zlepšili
12641760	12643820	a prostě ty věci
12643820	12644980	se posunuli dopředu.
12646300	12647940	Za to všem děkuju
12647940	12649860	i zaměstnancům magistrátu,
12649860	12651800	protože nebylo to
12651800	12652880	i pro ně jednoduché,
12653000	12654600	jako byly to ve většině
12654600	12655900	případů nové věci,
12656020	12657460	s kterýma se museli vyrovnávat.
12658300	12659120	Takže všem děkuju.
12660560	12661820	Tak já moc děkuju.
12661820	12663620	Já poprosto teda zásubce
12663620	12664880	společnosti PSG
12664880	12666160	si by nám řekl,
12667100	12668700	jakým způsobem oni uvažují,
12668820	12670160	jenom ať teda to není jenom,
12670640	12671820	že bych já vám tlumočil,
12671940	12673700	co jsem se dozvěděl
12673700	12674620	nebo o to jsme jednali.
12675440	12676880	A pak pustím vás všechny,
12677000	12678020	ještě co se hlásíte,
12678020	12679940	a případně možná vám z toho
12679940	12681280	vypěnou nějaké další otázky,
12681420	12682380	tak jenom poprosím.
12683400	12683700	Děkuji.
12684400	12685800	Vážené zastupitelky,
12685880	12687140	vážení zastupitelé,
12687680	12688780	PSG je odhodláno
12688780	12689680	kvalitně zrealizovat
12689680	12691040	rekonstrukci velkého kina,
12691540	12692020	kterou jsme vysoutěžili.
12693000	12694680	Právě souběh rekonstrukce kina
12694680	12695540	podle nás vytváří
12695540	12696020	nejlepší příležitost,
12697300	12698940	kdy řešit současné parkování,
12699060	12700040	podzemí a následně
12700040	12701120	kultivovat celý prostor
12701120	12702020	mezi velkým kinem,
12702020	12704020	obchodním domem a tržnicí.
12704580	12705540	To je hlavní důvod,
12706100	12706960	proč jsme se do projektu
12706960	12708100	podzemního parkování
12708100	12708820	si ho domu šli.
12709860	12710780	Chci zároveň vyjasnit
12710780	12711540	několik věcí,
12711680	12713140	kolem kterých vznikly pochybnosti.
12714260	12715880	Nemáme ambici provozovat
12715880	12717480	parkoviště 70 let.
12718340	12719160	Za vhodné řešení
12719160	12720260	považujeme variantu,
12720580	12721340	kdy po skončení
12721340	12722140	parkovací dům
12722140	12723500	převezme do provozu město
12723500	12725300	nebo technické služby z lín.
12726360	12727640	Koncesní smlouva
12727640	12728480	takové řešení
12728480	12729420	výslovně umožňuje
12729420	12730760	a my jsme k němu připraveni.
12732180	12732900	Celý model,
12733060	12733720	tak jak je nastaven
12733720	12734700	koncesní smlouvou,
12734980	12735860	je dle našeho názoru
12735860	12737180	nastaven zcela transparentně.
12737800	12738960	V součástí naší nabídky
12738960	12740120	byl rovněž cenový model,
12740780	12741540	který byl doložen
12741540	12742860	a průběh jeho naplňování
12742860	12743880	v průběhu výstavby
12743880	12745080	bude plně kontrolovan
12745080	12746000	zástupci města.
12747220	12747980	Město tedy bude mít
12747980	12749160	k dispozici doložené
12749160	12750360	a ověřitelné náklady
12750360	12751920	na výstavbu parkovacího domu.
12753440	12754380	Konkrétní podmínky
12754380	12755500	případného nájmu
12755500	12757200	dnes prozatím nalze předjímat.
12757640	12758760	Pokud by město projevilo
12758760	12760080	o tuto variantu zájem,
12760780	12761880	tedy převzětí parkoviště
12761880	12762420	do nájmu,
12763280	12764000	sjednávaly by se
12764000	12765320	zcela standardní podmínky,
12765400	12766340	to je podmínky obyklé
12766340	12767480	v daném místě a čase.
12768860	12769640	70 let,
12769720	12771040	na něž nám má být zřízeno
12771040	12771740	právo stavby,
12771820	12772820	nevnímáme jako cíl,
12772860	12773520	po kterým chceme
12773520	12774660	parkoviště provozovat,
12775360	12777000	ale jako maximální rámec
12777000	12778220	dnešní koncesní smlouvy.
12778780	12779760	Veškeré nástroje,
12780360	12781160	jak právo stavby
12781160	12782480	a s ním spojené vlastnictví
12782480	12783680	budoucího parkovacího domu
12783680	12784780	převést městu dříve,
12785460	12786220	jsou výlučně
12786220	12787320	vůrkou města,
12787740	12788860	kterému koncesní smlouva
12788860	12790020	dává právo obce,
12790760	12791520	které může město
12791520	12792480	uplatnit kdykoliv.
12793820	12794800	Tento model má ještě
12794800	12795900	jeden důležitý aspekt.
12797020	12797880	Chápeme obavu,
12798000	12799060	že při provozování
12799060	12799880	parkovacího domu
12799880	12801060	společnosti PSG
12801060	12802600	je závazek města
12802600	12804440	zrušit povrchová parkovací místa.
12805380	12806640	Nicméně, pokud si podzemní
12806640	12808120	parkoviště pronajme město
12811160	12813320	nenese riziko jeho využití
12813320	12815260	koncesionář, ale provozovatel.
12816060	12817880	To znamená, že PSG pak nemá
12817880	12819500	ekonomický zájem na rušení
12819500	12820380	dnešních povrchových
12820380	12821400	parkovacích míst
12821400	12823040	kvůli ochraně vlastního
12823040	12824240	parkovacího biznisu.
12824520	12825480	Žádný takový biznis
12825480	12826160	mít nebudeme.
12827320	12828360	V takovém případě by tedy
12828360	12829680	povrchová parkovací místa
12829680	12830680	nebylo nutné rušit.
12831620	12832760	Míněný osud povrchových
12832760	12833680	parkovacích stání
12833680	12834860	upravoje koncesní smlouva,
12834940	12836580	včetně důsledku jednotlivých variant
12836580	12837960	a rozhodnutí o něm
12837960	12838940	zůstává na městě.
12839500	12840360	Za tuto skutečnost
12840360	12841980	nepožadujeme žádnou kompenzaci
12841980	12843680	ani výnosy z povrchových
12843680	12844700	parkovacích stání
12844700	12845900	ani jiné protiplnění.
12846860	12847840	Dopravní řešení,
12847960	12848880	přesný počet míst
12848880	12850120	i konečná podoba projektu
12850120	12851500	se budou teprve dopracovávat.
12852360	12853180	Chceme je připravovat
12853180	12854060	společně s městem.
12855220	12856420	Za PSG tedy nabízíme
12856420	12857340	jednoduchý princip.
12858200	12859320	Parkovací dům postavíme
12859320	12860300	na vlastní náklady,
12860840	12861680	tyto náklady budou
12861680	12862380	doložitelné
12862380	12863400	a městu doložené.
12864160	12864960	Město je následně
12864960	12865900	může provozovat
12865900	12867200	a má ve smlouvě nástroje,
12867820	12868560	jak si ji převzít
12868560	12869280	kdykoliv dříve.
12870080	12870800	Parkovací dům
12870800	12871980	skončí ve vlastní svým města
12871980	12872620	tak jako tak.
12873980	12874300	Děkuji.
12876060	12876920	Městská děkuji
12876920	12877780	za to upřesnění
12877780	12879520	a i za ty deklarace.
12880180	12881280	Určitě jsem za to rád,
12881380	12882480	že to potvrzuje
12882480	12884000	i to, co vlastně jsem říkal,
12884100	12885740	to, co jsme se bavili včera
12885740	12888140	a já tímto rovnou
12888140	12888980	vím, že se hlásil
12888980	12889540	ještě pan,
12891680	12892820	původně, tak jenom nevím,
12892900	12895020	jestli není potřeba
12895020	12897980	nebo tak, když tak já poprosím,
12898040	12899640	jestli se znova přihlásíš
12899640	12901320	a já poprosím teda pana Sáhu,
12901800	12903280	kdy se tedy přihláším do diskuze.
12904160	12905160	Já jsem chtěl reagovat
12905160	12906240	na Mirka Chalánka,
12906400	12908120	takže to je trošku jiná tématika,
12908260	12909040	tak jestli někdo chce
12909040	12909980	ještě diskutovat
12909980	12911000	tady na tuto téma,
12911120	12912440	tak já počkám a budu.
12916200	12917220	Dobře, tak já budu,
12917300	12918540	že až potom ještě teda
12918540	12920040	předám zrovna následně.
12920040	12922180	Až k tomu rozvoji města.
12922560	12922920	Dobře.
12924380	12926620	Tak další se vásí pan Juráš.
12928680	12930180	Teda tři komentáře,
12930300	12931160	budu rychlejší
12931160	12933180	a nebudu věcnější,
12933260	12935540	ani nebudu tak přiléhavý,
12935640	12937420	jak bývá spravilovaná rozhozáha,
12937520	12939000	přesto se o to mírně pokusím.
12939740	12941420	Na tom, co řekl pan Chalán,
12941420	12942280	já děkuju první,
12942540	12943040	samozřejmě,
12943040	12944940	zástupcům PSG Construction
12944940	12945960	za tu deklaraci.
12946160	12947240	Vážíme si toho,
12948200	12950460	že se nám snaží
12950460	12952140	některé naše obavy
12952140	12953300	minimalizovat.
12954340	12955600	K tomu, co říkal
12955600	12957260	Mirek Chalánek,
12957760	12958380	no tam není nic,
12958480	12959480	co bychom nepodepsali.
12959780	12960780	To jako je v pořádku,
12960840	12961720	naučit se pracovat
12961720	12962440	a spolupracovat
12962440	12963440	za svoukromí penězi
12963440	12965000	a bavit se o tom,
12965080	12966680	jak ta situace má fungovat.
12966680	12970020	nám na tom v zásadě,
12970240	12971120	a teď si půjčím,
12971260	12972400	pan Herman tady ještě je?
12973120	12974960	Myslím, že už a vidím, vidím.
12975260	12976180	My jsme se bavili venku
12976180	12977300	a mně se to líbilo,
12977420	12978640	tak si půjčím jeho přirovnání,
12978760	12979440	ať to nevypadá,
12979480	12980300	ať jsem to vymyslel já.
12981640	12984060	V zásadě on mi to připodobňoval
12984060	12986880	k tomu, řekněme,
12986940	12987800	finskému modelu
12987800	12989640	nebo obecně severských samozpráv.
12990160	12991760	Když to budu hodně vulgarizovat,
12991860	12993360	tak se spolu zavřeme do chatek
12993360	12994800	a budeme pít a vykládat.
12995200	12995680	Do té doby,
12995680	12996620	dokud se neschodneme,
12996800	12997960	nikoli v náslovních podmínkách,
12998040	12998760	ale v principech.
12999280	13001020	A uděláme to jako zastupitelé
13001020	13002260	tohodle období
13002260	13003920	s těmi relevantními zástupci
13003920	13005240	těch politických stran tak,
13005520	13006380	aby u těch projektů,
13006440	13008080	které se plánují na více let,
13008520	13010620	byla široká politická schoda.
13011180	13012300	Tak, aby investor
13012300	13013420	tady nemusel pak stávat
13013420	13014640	a vysvětlovat některé věci
13014640	13015460	s nějakou obavou,
13015540	13017220	jak ty vlastní investice budou v budoucnu,
13017660	13018340	ale že je zřejmé,
13018420	13019080	že si rozumíme,
13019140	13019940	jak to bude fungovat.
13020920	13022220	To mám pocit,
13022220	13023740	že se neúplně stalo
13023740	13024920	v tomhle projektu.
13025000	13025740	Druhá věc,
13026220	13027160	z toho taky plyne
13027160	13028260	ta diskuze,
13028380	13029000	která říkala,
13029360	13029520	no,
13030360	13032140	pan Chalánek to vlastně říkal,
13032460	13033500	akorát my třeba vůbec nevíme,
13033540	13034220	co bude na povrchu.
13034500	13035180	My ho uvolňujeme,
13035800	13036720	ale ještě neříkáme,
13036780	13037280	co tam bude,
13037920	13038220	jako zpracujeme,
13039360	13039780	jenom víme,
13039860	13040220	že to zvolníme
13040940	13041520	v této chvíli.
13041720	13042880	A kolik nás to bude stát?
13043260	13044140	A třetí věc,
13045060	13045760	která s tím
13045760	13047440	jako nutně souvisí,
13048080	13048840	já to beru,
13048840	13050180	že jste to připravili
13050180	13051740	a patří za to fakt díky,
13051820	13052380	že jsou to ty
13052380	13053700	velké rozhové projekty,
13054180	13054420	ale to,
13054500	13055420	že je to na papíře,
13055540	13056260	to ještě neznamená,
13056320	13056960	že to stojí.
13057340	13058220	Na některé projekty
13058220	13059740	máme nachystáno 15 let.
13060780	13061300	Děkuji moc.
13066340	13068000	Tak já už jsem říkal několikrát,
13068180	13069520	jako my si to nějakým zůsobem
13069520	13070220	nerozporujeme.
13071680	13072560	Já si myslím,
13072640	13074280	že asi tady všichni říkáme
13074280	13075160	dobrý,
13075420	13076460	jsme všichni tady rádi,
13076460	13077380	že ty projekty velké
13077380	13078360	tady konečně budou.
13078840	13080700	A myslím si,
13081020	13082160	že já tam odvedem
13082160	13083160	dobrý kus práce.
13083260	13083700	Na druhou stranu
13083700	13084380	všichni stejí,
13084420	13085580	musíme jako nijak
13085580	13086400	nalhávat,
13086500	13087060	že všichni s toho
13087060	13087660	máme obavy
13087660	13088440	a chceme mít
13088440	13089360	co nejvíce pojištěná
13089360	13090160	veškerá rizika,
13090780	13092400	jak samotných staveb,
13092520	13093240	tak samozřejmě
13093240	13094800	i budoucího provozování
13094800	13095440	i z pohledu
13095440	13096280	svého rozpočtu města
13096280	13096560	Zdína.
13096760	13098100	Takže to je naprosto
13098100	13099540	logické
13099540	13100740	a tak,
13100780	13101440	jak já jsem říkal,
13101580	13102060	jsou věci,
13102060	13103060	které byly
13103060	13105060	v nějakém procesu
13105060	13107060	a tak,
13107100	13107620	jak jsem říkal,
13107820	13108520	ne všechno
13108520	13109900	v rámci výběrových řízení
13109900	13110880	můžeme veřejně
13110880	13111460	diskutovat.
13111640	13113220	Takže to jsou ty cesty,
13113360	13113920	které my musíme
13113920	13114660	případně najít,
13114760	13115180	prověřit,
13115280	13115840	otevřít
13115840	13118420	a na základě toho
13118420	13119020	se prostě
13119020	13120160	uspůsobit
13120160	13121100	u těch velkých projektů,
13121160	13122420	řekněme tu širší diskuzi
13122420	13123520	v průběhu
13123520	13124780	a nikoli
13124780	13126060	jenom ve finále.
13126760	13127280	Takže to spíš
13127280	13127720	jenom za mě
13127720	13129120	a na druhou stranu
13129120	13129800	se asi nepřejeme
13129800	13130420	nikdo nic jiného,
13130460	13131160	než aby ty věci
13131160	13131940	tady byly rychle
13131940	13133020	nikoli za 15 let,
13133140	13134140	ale ideálně například
13134140	13134500	za 5,
13134600	13135320	tak jak si to přejí
13135320	13136060	i ti investoři.
13137020	13137360	Prosím,
13137420	13137880	pana Vančuru.
13139880	13140400	Děkuju,
13140500	13141180	pane primátore.
13143240	13144600	My se rovníváme,
13144820	13147180	že ten zvolený model,
13148060	13149360	který pokládáme
13149360	13149820	za vlastně
13149820	13151180	takový pilotní projekt,
13152240	13153780	že musí být opravdu
13153780	13155060	naším velkým zájmem,
13155060	13156660	aby dobře dopadnul.
13157800	13159060	My je evidentní,
13159740	13160360	že potřebujeme
13160360	13161260	do budoucna,
13161580	13163900	aby i soukromí investoři
13163900	13165520	pomáhali
13165520	13167620	nám s investicemi,
13167800	13168820	především v oblasti
13168820	13169920	té infrastruktury,
13170060	13171000	tam, kde je to možné,
13171900	13173920	že by nám to velmi ulehčilo situaci
13173920	13175520	a myslím si,
13175780	13177380	že tento projekt
13177380	13178560	je náročný samozřejmě
13178560	13179640	v tom, že je první
13179640	13181200	a potřebujeme,
13181360	13182380	aby v výsledku
13182380	13184140	byly spokojeno
13184140	13185040	nejenom město
13185040	13186000	a občany,
13186140	13187880	ale také investor.
13187880	13191100	Takže pokud toho nedosáhneme,
13191300	13191840	tak si myslím,
13191940	13193040	že bude velmi těžké
13193040	13195040	v tom pokračovat
13195040	13196440	a ta brána se nám zavře.
13197980	13198980	A víte,
13199180	13200720	že už delší dobu
13200720	13202280	se pokoušíme
13202280	13203540	vysvětlit
13203540	13206040	vám, kolegům,
13206480	13207400	jak je důležité,
13207540	13209760	abychom v oblasti investic,
13210100	13210860	abychom měli
13210860	13212020	dlouhodobý plán
13212020	13215260	a ideálně samozřejmě,
13215380	13216900	aby ten dlouhodobý plán
13216900	13219200	byl odsouhlasen
13219200	13220420	všemi významnými,
13221000	13222400	pokud ne všemi,
13222500	13223520	tak všemi významnými
13223520	13224780	politickými subjekty
13224780	13225360	ve Zlíně,
13226260	13227720	tak, aby bez ohledu
13227720	13229840	na výsledky těch příštích období
13229840	13231420	ten plán byl zachovan
13231420	13232280	a bylo rozvíjeno,
13232340	13233760	aby se v něm pokračovalo.
13234960	13237900	A já samozřejmě souhlasím,
13238020	13239420	co řekla paní Francova,
13239920	13241980	s tím lze určitě souhlasím,
13242100	13243480	ale mnohem víc věcí
13243480	13245700	i s tím, co řekl pan Chalánek.
13246420	13247300	Jenom to potřebujeme
13247300	13249020	dokázat se realizovat.
13249440	13250560	Priorita dopravy,
13251120	13253320	já to slyším ve Zlíně 30 let.
13254700	13255420	To znamená,
13255780	13257400	potřebujeme nejenom pojmenovat
13257400	13258140	ty problémy,
13258140	13259920	ale potřebujeme mít skutečně plán,
13259920	13262200	který jsme odhodláni splnit
13262200	13263520	a splnit ho v čase.
13264760	13266240	Mockrát jsme se přesvědčili
13266240	13267680	jenom v tom posledním roce,
13267840	13270260	jak ten čas hraje v náš neprospěch.
13271900	13273380	Tlačíme toho před sebou
13273380	13274320	velké množství,
13274420	13275560	toho, co nás čeká.
13275840	13279260	Takže pokud nenajdeme klíček
13279260	13280760	v tom postupovat,
13280760	13285080	nejenom efektivně,
13285800	13287160	ale abychom to správně
13287160	13288440	kladli v tom pořadí,
13288560	13289500	které je potřeba,
13290340	13291880	tak to občanům
13291880	13293720	budeme velmi komplikovat
13293720	13295580	a to si nepřejeme.
13295720	13296680	Potřebujeme město,
13296820	13297800	kde lidé,
13299220	13300880	které je přitažlivé pro lidi,
13301000	13302720	víte, v jaké jsme konkurenci.
13303480	13304420	Vždyť se to objevuje,
13304600	13306080	prostě všichni chtějí to tež,
13306080	13307580	je to boj o lidi,
13307720	13309020	především o mladé lidi.
13309020	13310660	Víte, jak jsme na tom
13310660	13313720	i v pohledu té demografie
13313720	13314980	a jasné,
13315180	13316880	že jsou věci,
13317020	13318400	které sami my nezvládneme.
13318580	13319900	Potřebujeme být důvěrý
13319900	13320740	hodný partner,
13321300	13322260	nejenom pro lidi,
13322380	13323640	ale potřebujeme být
13323640	13325240	i dobrým partnerem pro kraj
13325240	13326860	a samozřejmě
13326860	13329940	všechny problémy nezvládneme sami
13329940	13330860	ve Zlíně.
13331140	13332220	Potřebujeme k tomu
13332220	13334500	i podporu zvládných míst.
13335920	13337800	Takže to snad tolik.
13338220	13338580	Děkuju.
13339020	13341340	Já se vám naprosto souhlasím,
13341660	13342800	proto vlastně na městě
13342800	13344360	máme strategické dokumenty,
13344500	13345980	jako je strategia rozhovedu města
13345980	13346260	Zlína,
13346400	13347740	jako by ten nejvrchlovější dokument,
13347880	13348660	kde ty věci jsou.
13349660	13350920	Z toho vám vyplývá
13350920	13352080	jako by střednědobý plán,
13352160	13353160	ve kterém vlastně tady mám
13353160	13354520	předkládán.
13354980	13356520	A jak v něm vidíte,
13356580	13357940	to není otázka úplně toho,
13358040	13360480	že ta možnost,
13360600	13360980	řekněme,
13361060	13361880	toho vedení města,
13361980	13363260	vzhledem těm investicím,
13363340	13364060	které nás čekají,
13364160	13364460	tak jako,
13364460	13366300	že bychom si my tady řešili,
13366380	13367580	jestli tam dáme jeden druhý
13367580	13368520	a nebo oba,
13369020	13371160	tak to ta úplně nefunguje,
13371260	13373220	protože je to více mě předem stanovené,
13373700	13374880	ať už jsou strategií,
13375060	13376780	nebo vlastně také
13376780	13378740	vlastně tými hlavními potřebami.
13379420	13380220	Co se zvíká dopravy?
13381180	13381440	Ano,
13381680	13382560	naprosto souhlasím.
13383140	13383760	Bavíme se tady,
13384200	13385780	já ve svém věku,
13385840	13386380	já vám můžu říct,
13386460	13387540	že před těmi 30 lety
13387540	13388140	si pamatuju,
13388740	13389460	že se tu bavilo
13389460	13390520	o pravobřešce,
13391420	13392180	pamatuju si,
13392580	13394160	že tehdejší náměstek,
13395080	13396600	ale já od té doby tomu říkám,
13396960	13397640	tunel říkal,
13397700	13398540	že se udělá cesta
13398540	13399560	pod jižními svahy
13399560	13401580	a tak dál.
13402660	13403680	A já vám můžu přesně říct,
13403720	13404980	co se stalo před 8 lety,
13405020	13405640	kdy jsem nastoupil
13405640	13406780	do pozice primátora
13406780	13408240	a kolega Michal Čížek
13408240	13409560	do pozice náměstka
13409560	13410220	pro dopravu.
13410900	13411840	Já jsem došel za ním
13411840	13413060	a ptal jsem se,
13413160	13413520	prosím tě,
13413560	13414420	v jakém stavu jsou tady
13414420	13415400	tyto velké projekty,
13415460	13416240	o kterých se tedy mluví
13416240	13418340	tehdy to bylo zhruba 20 let,
13418580	13419260	pravobřeška,
13419580	13420460	obklad záležné
13420460	13421700	a další.
13422860	13423780	Kdy to uděláme?
13424480	13425420	A já vám řeknu z toho otevření,
13425480	13426240	v jakém to bylo stavu?
13426440	13426700	Nula.
13428160	13430120	Všechno, co tam bylo,
13430460	13431940	bylo tak možná k tomuto hodit
13431940	13432700	jako rokoše,
13432820	13433780	protože to bylo staré,
13434640	13435520	protože to bylo udělané
13435520	13436560	ještě z té doby v těch 90.
13436920	13437220	pomalu.
13438240	13439200	Anebo to bylo udělané
13439200	13439880	takovým způsobem,
13439960	13441320	že to bylo naprosto nerealizovatelné,
13441400	13441880	jako například
13441880	13442980	pravobřešní komunikace
13442980	13444260	přes celý arelá Rybníky,
13444920	13447120	kde bychom vykupovali
13447120	13449080	neskutečné množství budov
13449080	13450260	za neskutečné peníze,
13450480	13451340	neboli byste se k tomu
13451340	13452080	nikdy nedostali.
13453480	13455380	Takže já za sebe
13455380	13456740	z tohoto místa
13456740	13459300	jako opravdu
13459300	13461680	velká poklona té práci
13461680	13462720	Michala Číška
13462720	13464260	a všech lidí na dopravě
13464260	13466240	kolem, kteří se nějakým způsobem
13466240	13467040	kolem toho točí.
13467840	13468800	Takže za 8 let,
13468980	13469700	když se podíváte,
13469780	13470440	jsme v situaci,
13470440	13473760	kdy obchvat zálešné,
13473920	13474440	co znamená
13474440	13476300	propojení komunikace
13476300	13477620	D49 z jednalovno,
13477700	13479020	42, tam městská část,
13479080	13479940	obchvat zálešné,
13480500	13481820	zmáme územní rozhodnutí,
13481940	13482880	je teda napadnuté,
13483020	13483700	můžeme se bavit
13483700	13484760	ekologické spolky
13484760	13485500	a další věci,
13486080	13486720	ale máme to.
13487280	13488460	Máme nějaký krok vůbec.
13488820	13490720	Předtím byla čára na papíře
13490720	13491260	a ještě blbě.
13492000	13492620	To stejné bylo
13492620	13493480	s pravobřeškou,
13493680	13494220	současné bylo,
13494220	13495400	řešíme první etapu,
13496100	13497020	která je v současném
13497020	13498880	trasování a tak dále.
13500200	13500640	Bohužel,
13501440	13502940	a to si tu nemusíme
13502940	13504280	prostě někde ukazovat prstem,
13504400	13505240	mně je to v celku jedno,
13505300	13506440	kdo tady byl nebo nebyl,
13506600	13508760	ale prostě tady se hodně mluvilo,
13509280	13510460	ale moc se toho neudělalo.
13511280	13512400	A to je teďka ta věc,
13512520	13513460	kterou samozřejmě,
13513580	13514360	když se podíváte,
13514520	13516380	tak já taky nemám rádost z toho,
13516440	13517440	že na poslím zastupitelstvu
13517440	13518560	řešíme tady tak věci
13518560	13519840	věci za víc než miliardu.
13520180	13520500	Nemám.
13520500	13521640	To bych strašně rád,
13521700	13522380	kdybychom to řešili
13522380	13523680	už v minulém volebním období
13523680	13525620	nebo více méně v polovině tohoto,
13525760	13526600	protože ty projekty,
13526680	13527700	ale je potřeba chystat
13527700	13529420	a ta chystání těchto projektů
13529420	13531240	prostě trvá roky.
13531420	13532720	To není jako na jednu volebnou dobí.
13532860	13535780	Takže jsem za to rád,
13535820	13536380	že se to daří.
13537220	13538000	Já přeji všem,
13538120	13539240	kteří tady v tom vedení města
13539240	13540300	po těch volbách budou,
13540500	13542580	aby se to dařilo i dál
13542580	13544280	a ideálně lépe než nám,
13544280	13546280	aby se to neustále zlepšovalo,
13546780	13548500	protože bez toho,
13548620	13550160	aby se město z ní rozvíjelo,
13550160	13552760	tak prostě bude opravdu upadat.
13553420	13554640	A jedna věc je ta doprava.
13555060	13555900	Když se podíváte,
13556020	13556560	tak ta doprava,
13556600	13557760	že se snažíme nějakým způsobem
13557760	13558360	dělat ty kroky,
13558400	13559540	já už jsem to dneska zmiňoval
13559540	13562840	a snažíme to nebude jednoduché téma,
13563540	13565400	ale samozřejmě vy musíte
13565400	13567160	udržovat atraktivitu města Zlína
13567160	13568740	a například to téma,
13569420	13571940	proč jsou zavřené hospody
13571940	13573020	ve Zlíně večer,
13574020	13574560	já to nevím.
13575020	13576680	Můžu se tady ptát spousty mladých,
13576800	13577380	jako ptám si jich,
13577380	13578520	proč nejdete večer na pivo,
13578580	13579400	jak jsme chodívali my.
13580120	13580820	Proč ty hospody,
13580940	13582180	když jdete tam v 9 hodin,
13582280	13582920	je tam 10,
13583040	13583600	je tam pět lidí,
13583720	13584300	jeden stůl,
13585280	13586040	tak v tu danou chvíli,
13586140	13587140	prostě to je to téma,
13587220	13588160	které jako samozřejmě,
13588900	13589680	proč to v Brně jde
13589680	13590680	a je tam hromada lidí
13590680	13592700	a odkazujeme se na studenty.
13592760	13593680	Vždyť my tu máme univerzitu,
13593780	13594780	je tu 10 tisíc studentů,
13594880	13595880	proč oni nechodí do hospody?
13596520	13598120	Když jim univerzita postavila
13598120	13600040	univerzitní klub na jejich kolejích,
13600040	13601920	tak ve výsledku tam nikdo nechodil.
13602660	13603400	Jako oni nejsou schopni
13603400	13604700	vydaní tím výtahem od dvě patra,
13604800	13606300	aby se tam potkali.
13607060	13608600	Jako teďka samozřejmě ten fenomén
13608600	13610220	té doby digitální je nějaký,
13610680	13612320	ale to jsou všechno ty výzvy,
13612800	13614300	které samozřejmě tady čeká
13614300	13617240	jak naše budoucí vedení města,
13617380	13617980	tak i ostatních,
13618040	13619800	protože my si tu můžeme psát
13619800	13620800	do programu, co chceme,
13620860	13622720	ale zatím na to,
13622800	13623800	jak tady udržet mladé,
13623880	13624900	jak zvýšit porodnost,
13625020	13626020	jak ve výsledku tady řešit
13626020	13627620	obecně ty globální problémy,
13628040	13629300	tak jako odpověď nemá nikdo.
13629980	13631840	Ale samozřejmě se snažíme
13631840	13632640	tomu přispívat
13632640	13634660	zkazé atraktivitu toho města,
13634800	13635600	veřejných prostor,
13635720	13636740	nabídky služeb
13636740	13639760	a pak ty narážíte
13639760	13640800	na ty finanční možnosti,
13640900	13641560	které město má.
13642040	13644800	Ale za mě to je naprosto správně,
13645560	13647660	že ať už toto volební období
13647660	13649340	nebo i to minulé fungujeme
13649340	13651600	a politicky a snažíme se společně
13651600	13653180	v těchto tématech najít testu
13653180	13654040	a posouvat ten zlín
13654040	13655640	a za to zaslužíme všich,
13655640	13656640	jako zaslužíte všichni
13656640	13657720	velké poděkování
13657720	13658840	a myslím si,
13658880	13660560	že ta spolupráce města
13660560	13661500	s univerzitou,
13661700	13662380	s nějakým mířem,
13662460	13663260	s soukým sektorem
13663260	13664580	není na tom špatně.
13665380	13666520	Vždycky to může být lepší
13666520	13667320	a je to ta výzva
13667320	13667840	pro všechny,
13667940	13668920	kteří teď v budoucnu budou,
13669140	13670900	ať už v přílišních období
13670900	13671840	nebo za deset let.
13671980	13673220	Je to prostě dlouhodobá věc.
13673740	13674900	Takže já za to moc krát děkuju
13674900	13675980	a souhlasím s vámi,
13676060	13677420	že ty věci je potřeba plánovat
13677420	13678200	obdláště velké.
13680200	13681760	Poprosím pana Sáhu teďka
13681760	13682260	nebo až?
13683420	13683740	Pojďte.
13683740	13687760	Šměrkovi Chalánkovi,
13687880	13690140	který jednoznačně prohlásili,
13690140	13693000	že město má zájem o rozvoj
13693000	13694540	a to mě velice potěšilo
13694540	13696440	a ty velké projekty jsou důkazem,
13696640	13698980	protože přes těch velkých projekty
13698980	13701060	toho město se samozřejmě nepohne.
13701320	13702800	To, co mě tam ale trošku vádí,
13702860	13704320	že ta univerzita tam vůbec
13704320	13706420	tady v těch rozvojových plánech nefiguruje.
13706720	13707920	Já chápu, že to je chyba
13707920	13709180	současného vedení,
13709880	13711000	ale z toho vás ujištět,
13711040	13713180	že ta síla v té univerzitě je
13713180	13716140	a že případně noví funkcionáři,
13716140	13718480	kteří přijdou, jsou připraveni
13718480	13720260	a se vrátí k tomu rozvoji,
13720400	13722500	kdy ta univerzita měla dynamiku,
13723200	13724620	když se postavil nový objekt
13724620	13726420	nebo se zřídila nová fakulta
13726420	13727960	a já bych velice ocenil,
13728040	13730160	kdyby se univerzita vrátila
13730160	13732140	tady do tohoto chodu
13732140	13734140	a samozřejmě jsou připraveny
13734820	13737140	celá řada, řekněme, směrů,
13737760	13739380	které se dají dále rozvíjet.
13739940	13742140	Ale samozřejmě potom taky se očekává,
13742140	13743480	že pokud ta univerzita
13743480	13746700	bude mět campus přímo v centru města,
13746920	13748220	tak je třeba se věnovat
13748220	13750300	provozovatelnosti toho centra,
13750420	13752040	že ty situace,
13752220	13753560	kdy my zaměstnáváme
13753560	13756600	hodně třeba ženy,
13756600	13759380	které vozí děti do jeslí
13759380	13761460	a každý to není boj o to,
13761560	13762380	kde zaparkují,
13762440	13764360	protože nikdo si nechce platit,
13764820	13765740	že první dvě hodiny,
13765880	13767760	co viděla, dá do parkování.
13768100	13769940	Tak samozřejmě ten problém
13769940	13771660	s parkováním je tristní
13771660	13773980	pro tady zaměstnance univerzity,
13774520	13775740	ale když se podíváte
13775740	13777440	i na celou řadu dalších věcí,
13777560	13778600	které bychom mohli změnit,
13778600	13782460	tak když jedete na fakultu
13782460	13784160	manažmentu a ekonomiky
13784160	13785920	a díváte se, jak tam přiváží
13785920	13787100	zoufálným způsobem
13787100	13789700	příbuzní lidi na polikliniku,
13789900	13791500	tak je to docela nekulturní
13791500	13792840	a možná, když už se řeší
13792840	13793740	tato centrum,
13793860	13795900	že bychom taky mohli věnovat pozornost,
13796320	13797620	jakým způsobem zlepšit
13797620	13799280	tady tuto situaci.
13799920	13801220	Jinak bych chtěl poděkovat
13801220	13802620	a říkám, pevně věřím,
13802620	13804800	že univerzita se zpamatuje,
13804900	13807380	vrátí se zpátky do té dynamiky,
13807380	13810040	kterého měla a my jsme připraveni
13810040	13812820	se vrátí k tomu k úvodnímu modelu,
13812980	13815220	který měl v každém případě
13815220	13817940	dosáhnout téměř 20 tisící studentů,
13818360	13821380	protože teprve od tohoto objemu
13821380	13822440	jsme schopni pronikat
13822440	13824060	do té mezinárodní excelence.
13824520	13825960	A pokud nemáme excelenci,
13826400	13827660	tak prostě padáme dolů
13827660	13829960	a stáváme se regionální školou,
13829960	13832140	kterou nikdo nepočítá.
13832240	13834560	My jsme se bohužel do toho režimu dostali,
13835120	13836540	tak je třeba najít tu sílu.
13836540	13838700	A když město a kraj pomůžou,
13839260	13840180	tak pevně věřím,
13840300	13842260	že máme tu sílu se k tomu vrátit
13842260	13845640	a zapojit se do té výzvy,
13845820	13846540	kterou dělal Mirek Halánek,
13847200	13848460	vracím dnes se k rozvoji.
13849120	13850900	A ty velké projekty jsou příslibem.
13851080	13851520	Děkuji.
13851520	13853800	Děkuji moc, která děkuji.
13854600	13855300	A poprosím,
13855360	13856120	Pavla Simkoviče.
13856120	13860840	Já bych chtěl poděkovat zástupci PSG
13860840	13862560	za deklarace,
13862700	13864300	které více méně trošku rozplynuly
13864300	13866640	nebo mohly rozpustit některé pochybnosti,
13867380	13869980	ale možná bych trochu navázal
13869980	13871140	i na pana Sáhu,
13871280	13872800	kdy jsem chtěl říct,
13872880	13873880	že vlastně my tady schválujeme
13873880	13874660	nějaký dokument,
13874840	13875320	který schválujeme,
13875400	13876600	který obsahujeme ty deklarace,
13876720	13877880	které jsou krásné,
13877960	13879060	ale jsou následné až potom.
13879700	13880120	A já věřím,
13880220	13881900	že ty věci do toho budou zapracovány,
13881960	13883080	co se týká toho parkování.
13883080	13884700	Ono to je složitější určitě,
13884820	13886100	protože samozřejmě my jako město
13886100	13887340	bychom si možná měli uvědomit
13887340	13888500	a trošku se podívat na to,
13888900	13889940	jak to parkování vzniká,
13890020	13890680	jaké jsou potřeby
13890680	13891840	a možná nejen občanů z líné,
13891900	13893000	ale těch, co tady jezdí za prací
13893000	13894920	a to město jako takové rozvíjí.
13895240	13896040	A podívat se na to,
13896080	13897360	jestli jsme schopni to možná lépe
13897360	13898780	ovlivnit o technologické věci,
13898920	13900720	které umožňují dynamiku vjezdu,
13900820	13901620	umožňují si pamatovat,
13901620	13902860	kolikrát auto kam vělo,
13902960	13903740	na jak dlouho vělo,
13904120	13905900	zoptimalizvat to parkováné za celý den
13905900	13908440	a tímto způsobem trošičku umožnit
13908440	13910540	a i regulovat to chování těch občanů.
13911200	13912820	To nutit je nepřímou formou,
13912900	13914280	je dostat do té městské hramady dopravy
13914280	13915600	právě přes tady tyto možnosti
13915600	13917260	toho parkování a tak dále.
13917380	13918820	Takže tam já jsem spíš směřoval,
13918900	13920140	že když to bude takhle dlouho
13920140	13922440	a nebudeme to mít úplně většinově
13922440	13923980	jako město ty parkovací místa
13923980	13925900	pod kontenouvé spolupráci s těmi firmami,
13931620	13933180	a mělo by to být,
13933260	13934640	to znamená, zaměstnává měli lidi,
13935000	13936060	potřebuji, aby někde parkovali,
13936160	13937960	dolížili mi z okolí, nepřestěhujuli se,
13938320	13939840	tak se o tom bavíme, jak tohle udělat,
13939920	13941540	jak to zapojit do těch modelů a podobně,
13941620	13943960	čili trošku i tu dlouhodobější vizi z tohoto pohledu.
13946980	13948500	Určitě jo, jako souhlasím s tím,
13948600	13949720	to je to, co si tu říkáme
13949720	13951880	a je to otázka i toho,
13951880	13953780	jak jsem říkal, že jedna věc optimalizace
13953780	13955500	to jde teď a já si myslím,
13955500	13957740	že ta optimalizace bude ještě mnohem lépe,
13957840	13960000	bude mít nové možnosti po zavedení modrých zónů.
13960360	13961540	Protože tam v tu danou chvíli
13961540	13963480	opravu ti občané města z dína
13963480	13965640	budou stanovit jinou pozici než ti ostatní
13965640	13968020	a samozřejmě v tu danou chvíli
13968020	13969200	se to bude,
13969520	13971520	otvírají se další možnosti,
13971600	13972460	jak k tomu přistupovat.
13972460	13973760	Takže určitě souhlasím,
13973840	13976280	že ta regulace respektive optimalizace
13976280	13977700	je naprosto to ano.
13978680	13979700	Poprosím pana Dudáka.
13982560	13983720	Děkuji za slovo.
13983900	13985260	Já s dovolením vrátím
13985260	13988340	se k parametrům toho bodu,
13988440	13989660	který dneska schvalujeme
13989660	13991500	a chtěl bych velmi poděkovat,
13992380	13995440	že jsme měli možnost o tom mluvit
13995440	13999000	a dostat zásadní jako odpovědi
13999000	14002620	na otázky, které nám na tom projektu
14002620	14004180	vadili nejvíc.
14005140	14007300	A to je, že se tím projektem,
14007460	14009320	pokud to rada podepíše,
14010180	14012860	tak jak to dnes ji zmocňujeme,
14012860	14015620	tak vlastně vzniká pouze
14015620	14018380	nějakých nových osnáct parkovacích míst,
14019220	14022760	což je rozdíl mezi množstvím parkovacích míst
14022760	14024280	na povrchu, který je tam dneska
14024280	14026100	v rámci všech těch parkovišt,
14026240	14028080	který jste pane primátore vyjmenoval
14028080	14031600	a závazkem z koncesionářské smlouvy
14031600	14034120	na vybudování 260 veřejných míst.
14034980	14038200	To je pro nás strašně málo v tom kontextu,
14038680	14041580	jak a věřím, že společně vidíme to město,
14041700	14043320	že poroste, že nebude stagnovat.
14043880	14045620	Navíc v té lokalitě budujeme,
14046480	14050200	já věřím, že funkční kino,
14050360	14052100	které přitáhne další lidi,
14052220	14053080	čili další pohyb.
14053080	14057680	A navíc tam vzniká projekt
14057680	14060280	na objekt Prospect,
14060640	14062780	což je vlastně akce
14062780	14065580	stejného investora
14065580	14066660	nebo stejné skupiny.
14068820	14071800	To byla pro nás zásadní věc,
14072460	14074140	deklarace, která tu proběhla,
14075940	14080440	že se nemusí rušit ty povrchové místa,
14080440	14084760	pokud tedy město bude jednat
14084760	14086740	a využije tady té nabídky,
14086920	14087760	která tu padla,
14088380	14089560	kterou byste umožnili
14089560	14091280	v té koncesionářské smlouvě,
14092080	14093320	ale ono se to nestane,
14093420	14095080	pokud budoucí rada
14095080	14096800	nebo zastupitelstvo
14096800	14098560	té nabídky nevyužije
14098560	14100000	a nedojedná pro město
14100000	14101520	těch nejlepších parametrů.
14101640	14102900	Takže bych chtěl jenom vyzvat
14102900	14104300	budoucí radu,
14104340	14105800	ať to bude kdokoliv,
14105900	14108160	aby se tímhle aktivně zabývali
14108160	14109420	od prvního dne,
14109520	14110440	kdy to bude možné.
14112040	14113440	To je první věc.
14113520	14114780	Otázka, kterou mám
14114780	14116540	na pana Petra Suroviče
14116540	14118820	a předchází bodu,
14118940	14120380	který je v dalších pořadí,
14120540	14121320	to je prospekt
14121320	14122980	a naše nějaká součinnost
14122980	14123800	jako města.
14125080	14126300	A naše obava,
14126460	14127160	která byla,
14128660	14129980	kdy tam hodláte,
14130660	14131760	na což máte podle
14131760	14133100	koncesionářské smlouvy,
14133220	14134220	právo vybudovat
14134220	14135500	x dalších míst.
14135500	14137380	Dnes se hovoří
14137380	14138700	o nějakých dalších
14138700	14139500	90,
14139840	14140720	jestli se nepletu.
14142240	14144360	A vy tím,
14144460	14145560	že budete budovat
14145560	14146440	prospekt,
14146720	14147100	věříme,
14147180	14147760	že budete,
14148720	14150040	tak pro ten prospekt
14150040	14151080	také budete potřebovat
14151080	14151660	jestli nějaké
14151660	14152720	parkovací místa.
14153980	14155880	Jak vy to vidíte,
14156100	14157300	kolik jich bude vybudováno
14157300	14158520	přímo v prospektu,
14159260	14160200	kolik těchto
14160200	14161040	parkovacích míst
14161040	14162200	pro dlouhodobé stání
14162200	14163260	budete si chtít
14163260	14164240	využít tady
14164240	14165460	z tohoto parkoviště
14165460	14167020	pod kynem.
14167380	14167760	Děkuji.
14169640	14171540	Děkuji za ten dotaz.
14171680	14172840	Já jsem záměrně
14172840	14174140	projekt prospektu
14174140	14174800	nezmíňoval,
14174920	14176260	protože jsem to nechtěl
14176260	14177240	tu diskuzi komplikovat,
14177300	14177800	nicméně
14177800	14179120	pravda je taková,
14179200	14180380	že v tomto projektu
14180380	14180780	uvažujeme
14180780	14182280	s 200 parkovacími místy,
14182880	14183400	které budou
14183400	14184700	i pro veřejnost.
14185420	14186620	A tedy počítáme,
14186760	14188100	že to celkové množství
14188100	14188880	těch parkovací míst
14188880	14189420	a lokalitě
14189420	14190640	by se naším projektem
14190640	14191880	mělo zvýšit
14191880	14192620	a ta dostupnost
14192620	14193240	toho parkování
14193240	14193680	by se i tím
14193680	14194300	naším projektem
14194300	14195000	měla navýšit.
14195620	14195920	Jiná věc,
14196040	14196900	která tady až tady
14196900	14197860	nebyla zmíněna,
14197980	14198520	tak my se tou
14198520	14199420	koncesní smlouvou
14199420	14200040	zavazujeme
14200040	14201260	v vybudování
14201260	14202600	260 míst
14202600	14203440	pro veřejnost.
14204080	14204560	Nicméně
14204560	14205700	ten náš model
14205700	14206300	uvažuje
14206300	14207100	s celkovým počtem
14207100	14207460	stáním
14207460	14208940	350 míst,
14209460	14209920	protože je to
14209920	14210760	ekonomicky
14210760	14212300	zatím nejefektivnější,
14212440	14212580	je to,
14212580	14213640	s čím počítáme
14213640	14214480	a z toho
14214480	14215960	některé místa
14215960	14216580	uvažujeme,
14220640	14221160	univerzity.
14223060	14224040	Já bych se těl
14224040	14224500	musel zeptat,
14225460	14226520	počítáte s tím,
14226680	14228940	že v parkovišti
14228940	14230020	pod velkým kinem
14230020	14231240	bude dlouhodobý
14231240	14231880	nájem
14231880	14233460	jakékoliv kapacity
14233460	14234360	pro budovu
14234360	14234920	prospektu?
14236740	14237460	Ano, to je právě
14237460	14237920	ten rozdíl
14237920	14239340	mezi těmi 260 místy,
14239460	14240400	které jsou pro veřejnost
14240400	14241600	a těmi 350,
14241600	14243280	s kterými
14243280	14244240	aktuálně uvažujeme
14244240	14244680	v tom našem
14244680	14245260	finančním modelu,
14245340	14246520	takže 90 míst
14246520	14247440	teoreticky je
14247440	14249140	dlouhodobému užívání.
14250640	14252600	Rozumím,
14252800	14253480	ale jenom já jsem,
14253780	14254640	já jenom se chci zeptat,
14254740	14255540	jestli vlastně
14255540	14257600	kapacita prospektu,
14257720	14258180	kterou máte,
14258280	14259440	kapacitu parkování
14259440	14261140	v tomto objektu,
14261600	14262260	tak vlastně
14262260	14263000	si považujete
14263000	14263860	za plnohodnotnou
14263860	14264640	pro ten objekt
14264640	14265180	anebo
14265180	14265780	berete,
14266000	14266280	že
14266280	14268480	ten počet je,
14268560	14269160	když to řeknu
14269160	14271040	na hraně
14271040	14272080	nebo nějakým způsobem
14272080	14273140	a počítáte s tím,
14273220	14274100	že si pomůžete,
14274320	14274740	když to řeknu,
14274820	14275840	že si naplno,
14275900	14276620	že si pomůžete
14276620	14278080	parkovacím místy pod kinem
14278080	14279840	skrze investici v prospektu.
14279840	14280520	Určitě ne,
14280580	14281660	je to sobě statičné,
14281780	14282400	je to naopak,
14282840	14283220	řeknu,
14283480	14284180	v tomto směru
14284180	14285180	předimenzované,
14285420	14286060	chtěli bychom tam
14286060	14287660	využít dynamického parkování,
14287760	14288240	to znamená,
14288340	14289480	že třeba zaměstnánci,
14289560	14290340	kteří tam budou pracovat,
14290400	14290940	budou parkovat
14290940	14291620	v průběhu dne,
14292180	14293500	nicméně pokud bude akce
14293500	14294160	na náměstí
14294160	14294820	ve Velkém kině,
14294880	14295640	tak budou moct využít
14295640	14296560	i to parkování
14296560	14297760	právě v prospektu.
14299740	14300380	Dobře, děkuju.
14301540	14303500	A poprosím Michala Číška.
14305940	14306860	Dobrý den všem,
14309840	14311580	zšel jsem tady nějaké klíčové slova
14311580	14313060	doprava 30 let a tak dál,
14313180	14315240	tak bych na to rád zareagoval,
14315540	14316060	nic ve zlem.
14316780	14317460	Jenom jsem chtěl říct,
14317700	14319540	že ano,
14320460	14321260	o některých projektech
14321260	14322460	tady slyšíme 30 let,
14322820	14324660	nicméně je důležité chápat,
14325620	14326520	o čem slyšíme,
14326840	14327860	kdo co jako by udělal.
14327960	14328500	To znamená,
14329060	14330260	třeba obchvat záležné
14330260	14332400	jsme podali v roce 2019,
14333880	14335120	vlastně všechny vyjadřovačky
14335120	14336240	na územní rozhodnutí
14336240	14337820	a v roce, tuším,
14337820	14338980	22, 24, nevím,
14338980	14339940	možná David mě opraví.
14340880	14342080	Jsme vlastně společně s krajem
14342080	14343100	zajistili financování
14343100	14343700	této stavby,
14343900	14344460	takže nevím,
14344620	14345300	jestli to je málo.
14345680	14347020	Ano, za 30 let je to asi málo,
14347540	14348940	ale počítujeme to od roku 2019,
14349060	14349920	když se skutečně něco stalo
14349920	14352700	a vlastně máme hotovou
14352700	14354980	dokumentaci pro stavební povolení
14355540	14357460	a jenom pro vaši informaci.
14359060	14361320	Třeba čekali jsme 500 dní
14361320	14362080	na tom,
14362500	14363460	jestli nám DESU,
14364060	14365980	to je specializovaný stavební úřad,
14366200	14366960	rozhodne o tom,
14367040	14368200	jestli je kraj podjatý nebo ne,
14368200	14369320	500 dní.
14369940	14371540	Doteďka nemáme ještě spis zpátky
14371540	14372460	z ministerstva dopravy,
14372940	14373840	bombardujeme je,
14374140	14374520	takže jenom,
14374660	14376140	aby jsme získali spis zpátky,
14376240	14377820	tak jsme dneska už třeba
14377820	14378720	160. den,
14378780	14379060	já nevím,
14379160	14380200	už to nepočítám.
14381060	14382520	A až vlastně na přímou intervenci
14382520	14383440	vlastně hejtmana,
14384160	14385200	přes premiéra,
14385200	14386660	premiéra jsme se dobrali
14386660	14387480	nějakému výsledku,
14388420	14389500	takže takhle to tady funguje,
14389840	14390120	takže ne,
14390180	14390880	že bychom nechtěli,
14391440	14392640	děláme ty kroky jako dopředu
14392640	14393500	s nějakým rizikem,
14393580	14394340	že potom budeme muset
14394340	14395400	tu dokumentaci měnit,
14395520	14396020	nicméně,
14396700	14398540	k lednu 207,
14398540	14401180	máme mít dokumentaci
14401180	14402280	pro stavění povolení
14402280	14403520	na obchvat zálešné,
14403580	14404920	máme zajistěné financování
14404920	14405620	díky kraji,
14405980	14406340	a tak dále,
14406420	14406720	a tak dále.
14406780	14407840	Co se týče pravobřešky,
14408140	14408380	ano,
14408900	14409440	to je takový jako
14409440	14410380	bajný jednorožec,
14410480	14411420	který se nám tady objevuje.
14412480	14413100	Všichni ví,
14413280	14414120	kdo má být,
14414480	14415180	nicméně,
14416180	14417780	dokumentaci pro stavění povolení
14417780	14419240	nikdo neobjednal
14419240	14420080	až já.
14421160	14422600	Vy já toto zastupitelstvo
14422600	14423740	nebo naše vedení.
14424180	14424660	To znamená,
14424920	14425700	k dnešnímu dní
14425700	14427040	máme připravenou
14427040	14428560	dokumentaci pro stavění povolení
14428560	14430180	než povolení záměru.
14430760	14432220	Čekáme na vyčištění území.
14432540	14432960	Jsem rád,
14433040	14434340	že dnešní bod 21
14434340	14436280	prošel širokou diskuzí
14436280	14439620	a tam jsme se vlastně zavázali
14439620	14441260	k steplárnou a spas servisem,
14441400	14442280	který nám v ozovkách stojí
14442280	14443780	v cestě této stavby,
14444340	14445420	že jsme uzavřeli dohodu.
14446280	14447300	Materiály jsme doplnili
14447300	14448400	v řádném termínu,
14449220	14449820	takže jste měli čas
14449820	14450520	je prostudovat,
14450600	14452000	nikdo nebyl proti,
14452060	14452740	děkuju za to.
14453480	14454680	Ani se nezdržel možná.
14454680	14458060	A my, kdyby postupujeme
14458060	14458980	v těchto stavbách,
14459060	14460560	které se tady údajně chystají
14460560	14461180	30 let,
14461540	14462180	není to pravda,
14462280	14463460	ty stavby se tady chystají
14463460	14464900	6-8 let.
14466600	14467560	Zastupce PSG
14467560	14468960	asi mi tady rozumí,
14469020	14470260	jak je to s povolením.
14470960	14471900	Myslím, že 8 let
14471900	14473400	na takovou stavbu linijovou
14473400	14474320	je jako docela dobrý.
14474940	14476140	A samozřejmě čekáme
14476140	14477160	odpor,
14479380	14480500	nechci říct to slovo,
14480620	14481820	nějakých ekospolků.
14481820	14483560	Vy a závorca
14483560	14485400	dosaďte si jiný název
14485400	14487020	a doufáme,
14487120	14487880	že se nám podaří
14487880	14489200	to aspoň podat
14489200	14489580	na stavní,
14489640	14490620	nebo určitě to podáme
14490620	14491140	na stavní úřad
14491140	14491800	a pak je to jako
14491800	14493000	v díle,
14493700	14494340	řekněme,
14494920	14495600	vyšší moci,
14496360	14497580	jestli se nám to podaří
14497580	14498520	dotáhnout do konce
14498520	14498880	nebo ne.
14499280	14500660	Jak říkal Mirech Alánek,
14500880	14501420	máme tady
14501420	14502820	financování
14503360	14504960	těchto staveb zajištěno
14504960	14505680	a díky tomu
14505680	14506280	musíme čerpat
14506280	14507280	jiné úvěry a tak dále.
14507980	14508740	Takže děláme všechno
14508740	14509040	pro to,
14511820	14512100	hlibi,
14512260	14513100	ale nějaké zmínky
14513100	14513400	o tom,
14513460	14514460	že se něco chystá,
14514720	14516060	se skutečně jako zrealizovali
14516060	14517280	a je potřeba se dívat
14517280	14519300	na uzavřené smlouvy
14519300	14520500	a ne nějaké proklamace.
14520860	14521460	To je za mě vše,
14521580	14521860	děkuju.
14523200	14524480	Moc krátký za to upřesnění,
14524600	14525300	ještě se hlásí
14525300	14526520	pan náměstek Pavel Breda.
14527620	14529340	Já nechci taky zdržovat,
14529420	14530700	takže úplně hrozně rychle
14530700	14532140	řeknu to tež,
14532140	14533540	že co se týče
14533540	14535260	mých gestcí majetku
14535260	14537040	a rozvojových ploch,
14537460	14538560	tak já taky jsem přišel
14538560	14540740	a v podstatě nebyly nachystané věty,
14540840	14542660	že zámek, tržiště,
14542920	14543400	obchodní prostory,
14543480	14543940	nikde nebylo,
14544040	14544680	že bychom převzali
14544680	14545680	stavební povolení.
14546120	14547040	Březnická, Torzo,
14547100	14547900	Bonický rybník,
14548240	14549060	změny územního plánu,
14549100	14549560	tady nebylo,
14549680	14550780	že ty věci byly nachystané.
14550940	14551740	Prostě kdyby to tady
14551740	14552900	reálně bylo,
14553040	14554480	tak já bych byl hrozně rád,
14554820	14555780	abych mohl předzída
14555780	14556500	realizovat.
14556500	14558920	To, co jsme přebírali
14558920	14559780	od předchozího,
14559820	14560660	tak prostě bohužel
14560660	14562160	realita byla úplně jiná,
14562160	14563520	takže potvrduji to,
14563620	14564540	co má kolega Čížek
14564540	14565080	na dopravě,
14565180	14566080	tak v podstatě podobně
14566080	14567400	byly nachystané ty projekty
14567400	14568360	jako v jiných oblastech.
14568520	14569940	Takže reálně můžeme říct,
14570300	14570980	že si to projekty
14570980	14571840	reálně chystají
14571840	14572840	o osm let, jo.
14573120	14573760	Takže to je asi všechno.
14574720	14576300	Dobrá, já bych tady představl
14576300	14576900	brečet nad tím,
14576980	14577680	co jsme převzali.
14577960	14578460	Já si myslím,
14578460	14579540	že jsou děku z práce,
14579680	14580440	děkuji za to
14580440	14581660	a věřím tomu,
14581720	14582520	že ti ostatní
14582520	14586000	budou fungovat do budoucna
14586000	14587920	minimálně stejně aktivně
14587920	14589100	jako současné vedení
14589100	14592100	a s tím bych to tak nějak ukončil,
14592200	14592980	protože si myslím,
14593100	14593640	že chápu,
14593680	14595320	že se blíží volby a podobně,
14595520	14596300	ale nemyslím,
14596420	14601080	že v bodu týkající se
14601080	14601780	revitalizacím
14601780	14603020	rekozuce velkého kina
14603020	14604560	je debata k tomu,
14604560	14605720	co jsme kdo převzali,
14605800	14606400	v jakém stavu.
14606520	14608880	Takže poprosím pana Dudáka.
14611120	14612520	Děkuji za slovo.
14613120	14615220	Já samozřejmě strašně rád slyším,
14615300	14616060	jak jste aktivní,
14616120	14617320	co všechno jste udělali
14617320	14618980	a jsem moc rád,
14619040	14620000	až vyhrajeme volby,
14620120	14621500	že budeme mít na co navázat.
14625100	14626140	Jak jsem říkal,
14626880	14627900	já si hlavně jenom přeju,
14627980	14629000	aby se sly nerozvíjel,
14629060	14630160	ať už tu bude se jít kdokoliv.
14631380	14633000	Tak, poprosím pana Juráše.
14634600	14635680	Já se omlouvám,
14635760	14636420	nedalo mi to,
14636560	14638400	tak se zeptám pana náměstka Brady.
14638880	14639340	Pane Brada,
14639440	14640360	nebuďte slušnej,
14640580	14641700	řekněte od kost,
14641760	14642700	a to přebírali.
14642700	14648400	Já vám řeknu pravdu.
14648620	14649860	Pan kolega náměstek Brada
14649860	14650960	to přebíral od náměstka,
14651640	14652280	zahnutí ano.
14653920	14655060	Já nemyslím to ve zlém,
14655160	14656440	ale tak je to fér,
14656540	14656640	ne?
14656880	14657300	Tak jako,
14657420	14658260	když si tu bavíme,
14658320	14659340	kdo od koho to přebíral.
14660420	14660720	To je jedno,
14660800	14661340	já mu říkám,
14662160	14663520	když si chceme tady poměřovat,
14663920	14664460	ale jako říkám,
14664520	14665140	není to o tom,
14665240	14665540	že myslím,
14665540	14667040	jako nechci se do té střílet,
14667040	14668320	ale tady se to krásně hodí
14668320	14670060	a toto je upřímná odpověď.
14671860	14672260	Tak,
14672980	14673400	ne, tak
14673400	14674100	já si myslím,
14674180	14674640	že to je fér,
14674720	14675340	že jak vy znáte,
14675440	14676160	že já tady nebudu
14676160	14677700	nějakým znamkovat.
14677840	14678840	Prostě každý dělá,
14678940	14679300	co umí
14679300	14680660	a někomu to jde lépe,
14680740	14681380	někomu hůře
14681380	14683220	a nebrečme nad tím,
14683320	14683580	co jsme,
14683840	14684760	nebrečme nad historii,
14684860	14685640	použíme se z toho
14685640	14686760	a nakopněme ten zlín,
14686840	14687440	prostě, ať funguje.
14687620	14688220	Což já si myslím,
14688260	14689080	že se relativně daří
14689080	14690300	a věřím tomu,
14690360	14690920	že prostě
14690920	14693860	to bude i v budoucích letech.
14693980	14694440	To si myslím,
14694520	14695160	že je hlavní pro nás
14695160	14695680	pro všechny,
14695780	14696560	protože kdyby nám
14696560	14698140	nezáleželo na tom,
14698180	14699220	jak to ve zně bude vypadat,
14699700	14700140	tak si myslím,
14700200	14700700	že nikdo z vás
14700700	14701640	tady v tom zastupitelstvu
14701640	14702040	nesedí.
14702180	14702500	Takže
14702500	14704280	neřečme asi,
14704860	14705420	nebrečme,
14705700	14706360	ale makejme.
14706700	14707580	To je tak asi za mě.
14708360	14709200	Tak, poprosím
14709200	14710580	Zdenka Latsinu
14710580	14711220	s technickou.
14713220	14713980	Můžu prosím vás
14713980	14714680	návrhnout
14714680	14715900	dokončení této diskuse.
14716020	14716760	Trvá to hodinu
14716760	14717320	a čtvrtuch
14717320	14718260	se to rozplizlo
14720920	14721560	tady věcíma,
14721660	14722640	které s tímto tématem
14722640	14723780	už dávno nesouvisí.
14725320	14726400	Mocka já děkuji.
14726840	14727460	Já si myslím,
14727580	14728440	že se tu hlásu
14728440	14729520	už jeho Mirek Halánek
14729520	14730080	a
14730080	14735100	se hned stáhl
14735100	14735880	a nikdo další
14735880	14736880	se nehlásí.
14737720	14738200	Takže
14738200	14739100	tím pádem
14739100	14739840	si myslím,
14739940	14740940	že můžeme hlasovat
14740940	14742500	o materiál číslo 34
14742500	14744140	a nemusím hlasovat
14744140	14745040	o ukončení diskuze.
14745580	14746000	Takže pojďme
14746000	14747560	zase přímo materiál číslo 34,
14747740	14748040	prosím.
14750920	14760240	Pro 25,
14760480	14761460	materiál číslo 34
14761460	14762140	bude přijat.
14762700	14763200	Já tím toho
14763200	14763800	mocka děkuji
14763800	14764420	zástupci
14764420	14766080	společnosti PSG Construction
14766080	14766400	za to,
14766440	14767280	že za námi došel
14767280	14768060	a vlastně
14768060	14769680	za všechny odpovědi,
14769820	14770640	které nám přinesl.
14770780	14771040	Takže
14771040	14772480	mocka za to děkuji
14772480	14774220	a nepřeji se nic jiného
14774220	14775280	stejně jako
14775280	14776000	asi vy všichni,
14776140	14777340	aby se dílo podařilo
14777340	14778420	ať už kino
14778420	14779400	nebo všechny ty ostatní,
14779500	14780440	co jsme dneska schválovali.
14780440	14781180	Takže mocka vám
14781180	14781980	za to všem děkuji.
14783240	14783960	A samozřejmě
14783960	14785180	tímto práce začíná,
14785360	14786080	tak jak jsme si řekli,
14786140	14786660	je potřeba
14786660	14787920	být aktivní
14787920	14788760	a jednat
14788760	14789300	i do dalších
14789300	14789760	případných dodatních.
14789760	14791400	Dalším bodem
14791400	14792360	je bod číslo 35
14792360	14793280	týkající se
14793280	14795640	developerského projektu,
14795780	14796420	týkající se
14796420	14797780	skrze plánovací smlouvu.
14798000	14798580	Je to vlastně to,
14798620	14799500	co už se bylo zmíněno,
14799620	14800720	skrze objekt prospektu.
14801460	14801740	Takže
14801740	14802800	já poprosím,
14802860	14803560	jestli k tomu máte
14803560	14804460	někdo nějaké dotazy.
14805420	14806180	Poprosím to má
14806180	14807460	pana Tomáše Dudáka.
14807460	14811720	My na základě informace,
14811860	14812720	která tady padla,
14812860	14813740	že ten objekt
14813740	14815700	bude parkovací kapacitou
14815700	14816600	soběstační,
14817060	14817720	tak z toho důvodu
14817720	14818480	hlasujem pro.
14818620	14819040	Děkujeme.
14820880	14822340	Dobrá, moc která děkujeme.
14824440	14825080	Poprosím,
14825140	14826200	jestli má někdo další
14826200	14826900	nějaké dotazy.
14828140	14829000	Není tomu tak,
14829120	14829900	tak já bych poprosto
14829900	14830520	pojďme hlasovat
14830520	14831660	materiál číslo 35.
14837460	14844960	Pro 36,
14845140	14846120	materiál číslo 35
14846120	14846820	byl přijat.
14847340	14848600	Materiál číslo 36
14848600	14849620	je zpráva o činnosti
14849620	14850400	kontrolního výboru
14850400	14851720	zastupitela stav města Zlína.
14852820	14853340	Poprosím,
14853380	14854320	otvírám k tomu diskuzi,
14854360	14855680	jestli jsou tady k tomu dotazy.
14857380	14858740	Nikdo se do diskuze nehlásí,
14858840	14859640	prosím, pojďme hlasovat
14859640	14861160	materiál číslo 36.
14861160	14865160	Pro 36,
14867460	14873220	Pro 34,
14873600	14874720	materiál číslo 36
14874720	14875500	byl přijat.
14876220	14877480	Materiál číslo 37
14877480	14878740	tý kejzí se pozemku,
14879060	14880200	kdy řešíme se
14880200	14880760	společností
14880760	14881820	koma modulár
14881820	14883080	výstavbu na ježních svazích
14883080	14883960	a dochází tam
14883960	14884920	k úprave výměry.
14885860	14887840	Je to relativně drobnost,
14887960	14888480	ale vzájemu tomu,
14888520	14889280	že ty smlouvy všechny
14889280	14890480	prochází zastupitelstvem,
14890480	14891240	tak aby bylo možné
14891240	14892940	v projektu adekvátně pokračovat,
14893100	14894440	tak se moc omlouváme,
14894520	14895420	a dají jsme teďka na stůl,
14895480	14896680	protože další zastupitelstvo
14896680	14897980	bude až prosinci řádné
14897980	14899280	a tím pádem bychom
14899280	14900700	prodloužili celou přípravu,
14900820	14902360	takže proto jsme si dovolili
14902360	14903760	toto dát hodně,
14903880	14905340	bych to nazval hodně na stůl,
14905960	14906980	ale věřím tomu,
14907000	14908080	že to nejde zase takový problém,
14908160	14908660	vzhledem k tomu,
14908700	14910400	že se upravuje pouze výměra.
14911200	14911840	Jsou k tomu dotazy?
14913680	14914580	Níkdo se nehlásí,
14914680	14915060	takže prosím,
14915180	14916020	pojďme hlasovat materiál
14916020	14916760	číslo 37.
14916760	14929920	pro 36,
14930320	14932160	materiál číslo 37 byl přijat.
14932160	14934220	Tímto jsme vyčerpali
14934220	14934800	všechny body,
14934920	14936000	které jsme měli
14936000	14937480	na programu hlasování.
14937980	14939680	Já, než se pustíme
14939680	14940980	do diskuze,
14941240	14942200	tak já si dovolím
14942200	14943320	využít
14943320	14943880	tady té
14943880	14945300	možnosti,
14945360	14945840	že jsem ten,
14945900	14946900	kdo má to slovo.
14947900	14948960	V první řadě bych
14948960	14949980	chci poděkovat vám všem
14949980	14951040	za celé hlavní období,
14951200	14952580	protože si myslím,
14952680	14953640	že nám můžou závidět
14953640	14954320	v mnoha městech
14954320	14955400	v podstatné České republice,
14955520	14957280	že zastupitelstvo města Zína
14957280	14958760	je konstruktivní
14958760	14960900	do značné míry,
14961120	14962120	než zcela úplně
14962120	14963620	je apolitické
14963620	14965820	a jsem za to strašně moc rád
14965820	14967200	a nepředu si nic jiného,
14967400	14968100	aby tomu tak bylo
14968100	14968960	i v budoucích letech,
14969120	14969640	protože
14969640	14971400	myslím si,
14971740	14972800	že do politiky
14972800	14973960	samozřejmě logicky
14973960	14974660	nějakým způsobem
14974660	14976260	občas ty vlaječky patří,
14976260	14977480	ale určitě za mě
14977480	14978660	nená komunální úroveň.
14979140	14980160	Nejradši bych ji neviděl
14980160	14980740	ani nahoře,
14980820	14981680	protože všichni mají
14981680	14982980	mít jako stejný cíl,
14983080	14984240	to znamená ve městě
14984240	14985360	posouvat věci
14985360	14986360	ku prospěchu občanů
14986360	14987820	a města na kraji,
14987960	14988920	ku prospěchu občanů
14988920	14989440	a kraje
14989440	14990540	a co se týká
14990540	14991280	těch vyšších patr,
14991380	14992000	tak ku prospěchu
14992000	14993160	rozvoje České republiky
14993160	14994040	a jeho občanů.
14994580	14995360	Ať už na to důleva,
14995440	14995980	nebo zprava,
14996100	14997280	protože peníze jsou jen jedny,
14997420	14998680	takže buď ty daně vyberete
14998680	15000220	a máte ty služby levnější
15000220	15001020	a nebo je nevyberete
15001020	15002100	a musíte si je platit.
15002700	15004720	Takže pořád je to
15004720	15005620	o nějaké ekonomice,
15005700	15006680	nějaké makropohledu
15006680	15008180	a já jsem za to strašně moc rád,
15008260	15010180	že vy všichni jste
15010180	15012000	z tohoto součástí
15012000	15013300	a opravdu si myslím,
15013360	15013980	že se podařili
15013980	15015160	za ty čtyři roky
15015160	15017780	udělat nemalé kroky
15017780	15018380	k tomu,
15018460	15019620	aby se město s jím posunulo
15019620	15021700	a dnešní zastupitelstvo
15021700	15022800	je tomu jasným důkazem.
15024040	15025260	Chtěl bych poděkovat
15025260	15026620	hlavně také panu témníkovi
15026620	15027540	a celému úřadu,
15027540	15029380	protože ať už tady ve vedení
15029380	15030520	může být kdokoliv,
15030620	15031300	ale bez těch lidí
15031300	15033200	právě tady na magistrátu
15033200	15035620	od pana témníka
15035620	15036520	až po posledních,
15036520	15037220	jak se říká,
15037420	15038980	nějakou pomocnou sílu,
15039680	15041540	tak vlastně by ten magistrát
15041540	15042100	nefungoval
15042100	15043820	a můžete si tady bouchat do prsou,
15043900	15044500	ale ve výsledku
15044500	15045700	mám to procesují ti lidé.
15046280	15048240	Takže za to velké poděkování všem,
15048380	15049800	protože opravdu
15049800	15051060	za ty čtyři roky
15051060	15052440	obrovské množství práce
15052440	15053620	ve velkém tempu
15053620	15054660	myslím si,
15055140	15057420	že častokrát nás
15057420	15058120	proklínali,
15058660	15059920	ale na druhou stranu
15059920	15060600	si věřím tomu,
15060640	15061680	že teďka mají radost toho,
15061820	15062960	že ty věci se posunuly
15062960	15063920	v mnoha ohledech
15063920	15065320	a samozřejmě
15065320	15066300	je to vždycky tak,
15066440	15067040	že jsou věci,
15067160	15067940	které byste chtěli
15067940	15068800	a nemůžete udělat
15068800	15069460	z mnoha důvodů,
15069540	15070740	ať už skrze finance
15070740	15071480	a nebo taky
15071480	15073200	kolikrát i ty personální kapacity,
15074100	15075640	ale myslím si,
15076080	15079340	že ten rozvoj města Zína,
15079480	15080240	jak bych tak,
15080880	15082600	a provoz celého magistrátu
15082600	15083580	je v současné době
15083580	15085900	na zrůstající úrovni
15085900	15086640	a věřím tomu,
15086720	15087660	že tady ten trend
15087660	15088440	bude pokračovat
15088440	15089420	i v těch dalších letech.
15090140	15090760	Takže za to bych chtěl
15090760	15092040	moc krát opravdu všem poděkovat,
15092140	15092820	včetně samozřejmě
15092820	15094680	i našim městským společnostem,
15094840	15096300	protože ty udělají
15096300	15097660	velkou službu všem lidem
15097660	15099960	a bez nich bychom
15099960	15100600	samozřejmě
15100600	15102360	tu atraktivitu ztráceli.
15102620	15103520	Takže i díky jejich
15103520	15104960	soběstačnosti
15104960	15106440	jsme schopni zase
15106440	15106860	na druhou stranu
15106860	15107780	dělat i jiné věci,
15108000	15110320	které nemusíme právě dotovat
15110320	15111780	díky jejich dobré práci.
15111920	15113700	Takže za to moc krát všem děkuju
15113700	15115120	a věřím tomu,
15115200	15117320	že rádi přijmete
15117320	15118080	mé pozvání
15118080	15119640	do vedlejší zasedací místnosti
15119640	15121360	na tradiční malé občerstvení
15121360	15123320	po posvím zastupitelstvu.
15124580	15125780	A chtěl bych vám všem
15125780	15127260	i z tohoto pohledu
15127260	15128060	už takto předem
15128060	15129200	moc popřát,
15129320	15131760	ať máte úspěch ve volbách,
15132500	15133780	protože
15133780	15134960	si myslím,
15135020	15135580	že si to všichni,
15135660	15136400	kteří tady sedíte,
15136440	15137060	zasloužíte,
15137600	15138720	protože tak, jak jsem řekl,
15138720	15139460	ten přístup,
15139700	15141120	který je tady k tomu zastupitelstvu
15141120	15141880	a k tomu vedení města
15141880	15142420	jste měli,
15142560	15144240	tak za mě opravdu
15144240	15146900	velké poděkování
15146900	15148660	a věřím tomu,
15148740	15149860	že budete
15149860	15151520	na tyto roky,
15151660	15152140	když to řeknu,
15152200	15152840	velice rádi,
15153000	15153980	tak si to můžeme říct,
15154040	15154620	si vzpomínat,
15154740	15156680	ale opravdu si je připomínat,
15156800	15158300	protože si myslím,
15158380	15159500	že tady opravdu
15159500	15160340	takováto nálada
15160340	15161220	v zastupitelstvu
15161220	15163320	je relativně v zácnosti
15163320	15164140	a buďme rádi,
15164220	15165060	že to tady takto máme.
15165780	15166360	Děkuju moc
15166360	15168580	a tímto já otvírám diskuzi
15168580	15169500	a jako prvního
15169500	15171540	teda dávám slovo
15171540	15173060	panu náměstkovi Pavlovi Bradovi.
15175100	15175620	Věřím,
15175740	15177380	že letos poslední slova
15177380	15177920	nebo letos
15177920	15179020	v tomto volebním období
15179020	15180120	a chtěl jsem taky,
15180220	15180880	mám dvě věci,
15181000	15181640	které chci říct
15181640	15182260	a první je
15182260	15183420	velké poděkování
15183420	15184480	vlastně odboru majetku
15184480	15185360	Evy Husákové
15185360	15186580	za tu spolupráci,
15186680	15187540	kterou jsme tady měli
15187540	15189120	a jakým způsobem
15189120	15189840	se za ty roky
15189840	15191620	posunul odbor majetku.
15191780	15192700	To je neskutečné
15192700	15193560	oproti tomu,
15193640	15194580	když jsem tady nastupoval.
15195280	15196420	Takže obrovské díky
15196420	15197560	samozřejmě zaměstnancům,
15197620	15198160	magistrátů,
15198240	15199040	právnímu oddělení,
15199140	15200160	kteří taky dělá
15200160	15201000	výbornou práci,
15201560	15202300	ale v neposlední řadě
15202300	15203160	i kolegom v radě,
15203400	15204420	že jsme tam
15204420	15206020	nepolitikařili
15206020	15207200	a že to bylo smysluplné
15207200	15208040	ta práce naše.
15208300	15209480	Že to opravdu si myslím,
15209480	15211560	že takhle by to mělo vypadat,
15211740	15212640	že jsme pracovali
15212640	15213380	k rozvoji z Lína
15213380	15214480	a nehájili
15214480	15215600	nějaké stranické adresy.
15215600	15217240	A potom jsem chtěl říct
15217240	15219000	jednu takovou důležitou myšlenku.
15219100	15221000	Včera zaněli konferenci Baťa
15221000	15222860	a tak jenom
15222860	15224060	jeden takový citát.
15224140	15225120	Nejznešenějším úkolem
15225120	15226280	vedoucího sob země
15226280	15226900	i státu
15226900	15228060	je probudit a uvolnit
15228060	15229580	životní síly obyvatelstva
15229580	15231300	a řídit tyto síly tak,
15231300	15232240	aby pomáhali sobě
15232240	15233200	i státu k blahobytu.
15233580	15233980	A to je to,
15234020	15234540	co jsme se tady
15234540	15235920	celé volemní období snažili,
15236380	15237680	vytvářet takové podmínky,
15238140	15238980	aby kromě města
15238980	15240460	mohl dobře investovat
15240460	15241400	i soukromý sektor.
15241520	15242380	A tím příkladem je
15242380	15243480	Šmoulí město,
15243800	15245000	Poliklinika parkování,
15245420	15247440	teďka diskutované kino velké,
15247880	15249200	Bonický rybník Březnická
15249200	15250660	a pokud my tady budeme se
15250660	15251640	tak i v dalším období
15251640	15253000	připravíme plochy Torzo,
15253160	15253800	Ližarský svach
15253800	15255420	a další máme plochy ve Štípě
15255420	15256920	a chceme vytvořit podmínky
15256920	15257720	pro to, aby tady
15257720	15259340	prostě chtěli investovat
15259340	15261360	nejen subjekty odsud,
15261720	15262940	ale samozřejmě i případně
15262940	15263940	zahraniční subjekty
15263940	15265260	a aby to začalo dávat smysl.
15265600	15266760	Protože bez kapitálu
15266760	15268740	se tady prostě neobejdeme.
15268940	15269740	Potřebujeme sem
15269740	15271000	získat další subjekty,
15271080	15271560	investory,
15272080	15273180	aby to město mohlo fungovat.
15273480	15274980	A rozvoj Zlína ve 30. letech
15274980	15275400	byl proto,
15275600	15277060	že tady byl velmi silný
15277060	15277840	soukromý sektor.
15277980	15279000	Takže to jsem jenom takhle chtěl,
15279060	15280240	s tímto se loučím
15280240	15281860	a taky vám všem přeji úspěch
15281860	15282440	ve volbách.
15283020	15284000	A díky za spolupráci.
15284980	15285880	Tak, moc chále děkuji.
15285980	15286900	Poprosím pana Jandu.
15290220	15291400	Děkuji, pane primátore.
15292160	15293540	Já bych chtěl říct,
15293540	15295960	že jsem za to čtyřleté období
15295960	15298340	byl zástupcem pro Nivy a Vršava.
15299200	15300020	Jsem velmi rád,
15300160	15302360	že vlastně se nám podařilo
15302360	15303840	v této lokalitě vybudovat
15303840	15305440	kancelář místní části
15305440	15306180	zcela novou,
15307120	15309340	nakopnout skvělou partu lidí,
15309460	15310580	která tam dokázala
15310580	15312060	od masopustů
15312060	15315420	přes dětské různé setkání,
15315520	15317400	zabíjačky, koždvína a tak dále.
15317460	15319580	Se tam podařilo spoustu lidí aktivovat.
15320160	15321540	Bylo to asi zhruba 100 rodin
15321540	15323760	a chtěl bych to vlastně využít
15323760	15325520	jako to poděkování,
15325520	15327820	že vlastně se v té spolupráci
15327820	15329220	s radnicí toto podařilo.
15330060	15331060	Poděkování těm lidem,
15331180	15332220	kteří se toho účastnili,
15332380	15333140	protože myslím si,
15333260	15334420	že to je vlastně ten cíl
15334420	15335660	těch místních částí,
15335860	15337920	aby dávalo to dohromady
15337920	15338520	ty lidi.
15339180	15339900	Tam do té doby
15339900	15341900	v podstatě nic podobného nefungovalo,
15342400	15343320	takže jsem za to rád
15343320	15344800	a chtěl bych poděkovat.
15345240	15347140	Samozřejmě jsem chtěl taktež říct,
15347220	15348100	že vlastně máme
15348100	15349840	předvolební období
15349840	15351620	a chtěl bych vyslat
15351620	15352720	i občanům vzkaz,
15352720	15353840	aby pochopitelně,
15353920	15354660	pokud mohou,
15355140	15357320	ať opravdu k volbám jdou,
15357420	15358540	ať si vyberou tu stranu,
15358660	15360800	která jim připadla sympatická,
15361460	15362960	ta, která pro ně něco udělala,
15363060	15364860	případně její zástupci.
15365020	15366780	Takže a vám, kolegům,
15366780	15367660	jsem chtěl poděkovat
15367660	15369120	za korektní jednání
15369120	15369920	po tu celou dobu.
15370260	15370560	Děkuji.
15370560	15373980	Právodská, děkuji.
15374200	15375740	Poprosím Kateřinu Francovou.
15376820	15378940	Já teda dneska také naposledy,
15379120	15379920	také za klubstan,
15380000	15380820	děkujeme všem.
15381560	15382820	A tak, jak jste, pane primátore,
15382880	15383220	řekl,
15383640	15385180	můžeme mít různé názory,
15385280	15386600	ale komunikujeme tady slušně
15386600	15387060	a na úrovni,
15387100	15388120	a to je strašně důležité
15388120	15389600	a budu doufat,
15389780	15391360	že si to i v příštím volebním období
15391360	15392300	tady toto udržíme
15392300	15395000	a budeme komunikovat vždycky tak,
15395080	15396620	jak se tady několik let
15396620	15398240	posledních komunikovalo.
15398240	15400260	Děkujeme všem, kolegům
15400260	15401600	i celému magistrátu.
15403400	15404200	Děkuji.
15404320	15406140	Poprosím na městka Mirka Chalánka.
15407220	15408680	Děkuji, pane primátore.
15408820	15410880	No, já se přidám tomu děkování.
15410940	15412120	Já bych chtěl taky poděkovat
15412120	15414240	za ty čtyři roky.
15415240	15417160	Byli jste dobří spoluhráči,
15417600	15418620	kvalitní soupeři,
15419280	15421440	byla dobrá atmosféra pracovní.
15421820	15423020	To je vždycky důležité.
15423340	15423840	Já si myslím,
15423960	15425460	že při tom, jak říkala Katka,
15425460	15427640	měli jsme na něco různé názory,
15427640	15428560	což je normální,
15428660	15429400	o toho tady jsme.
15430040	15430660	Ale já si myslím,
15430760	15431760	že jsme si udrželi
15431760	15434620	dobré prostředí
15434620	15435700	a to je strašně důležité.
15435900	15437380	Takže za to hlavně děkuju.
15438300	15439560	A všem přeúspěch ve volbách.
15441640	15442540	Tak moc velký.
15442540	15448380	Chtěl říct, největší než váš.
15453660	15454980	Jasné, moc velké děkujeme.
15455140	15456480	Vlastně pana tajemníka.
15457800	15458880	Tak, děkuji za slovo.
15459040	15460840	Já moc děkuji za to poděkování,
15460920	15461760	co se týká úřadu.
15461840	15463280	Myslím si, že pro všechny kolegy
15463280	15464700	z úřadu to strašně moc znamená.
15464700	15467080	A chtěl bych vám jako zastupitelům
15467080	15468960	poděkovat za korektní přístup
15468960	15469800	v celé volební období
15469800	15470820	k nám, k úředníkům.
15471400	15472960	Takže jsme se vám vždycky předkládat
15472960	15474160	všechny materiály
15474160	15476100	v co nejlepší kvalitě obsahu,
15476200	15476920	tak abyste mohli
15476920	15478120	o těch věcech rozhodovat.
15478840	15479900	Vy, kteří pokračujete
15479900	15480860	a budete soutěžit,
15480980	15481840	přeji úspěch ve volbách.
15481920	15483240	Vy, kteří skončíte,
15483400	15484700	tak vám přeji hlavně
15484700	15486860	hodně zdraví a spokojenosti
15486860	15487480	jak v osobním,
15487480	15489700	tak v profesním životě.
15490100	15491380	Moc vám děkuji za spolupráci.
15493040	15494560	Tak, děkuji.
15494720	15495900	A poprosím pana Vančuru.
15497920	15499480	Děkuju, pane primátore.
15500080	15501100	My hodnotíme
15501100	15503520	toto volební období
15503520	15504680	z našeho pohledu
15504680	15506980	za lepší než to předchozí.
15507980	15509000	Děkujeme především
15509000	15512120	těm kolegům z vás,
15512340	15515480	kteří s kterými spolupracovali
15515480	15517460	a kde jsme si mohli
15517460	15520680	vzájemně prokázat respekt.
15520940	15522580	Myslím, že to je důležité.
15523600	15525340	Budeme si samozřejmě těšit
15525340	15527160	i příštím období
15527160	15528840	na to, že se s vámi,
15529520	15532080	alespoň s některými tady uvidíme.
15532980	15534240	A na závěr
15534240	15537920	z toho, že o pane primátore,
15538080	15539500	co jste dneska pověděl,
15541040	15542780	my jsme docela disciplinovaní,
15543600	15544680	ale ten stezk
15544680	15545660	po té hospodě.
15546060	15548040	Myslím si, že bychom to měli teď
15548040	15550200	naplnit a že bychom měli
15550200	15551300	všichni do hospody.
15552680	15555640	Tak pokud se nám to dneska nepodaří,
15555780	15557560	tak možná po těch volbách.
15558200	15559500	Bude všichni hodně zdrávi
15559500	15560740	a hodně štěstí všem.
15562520	15563660	Moc krát děkuju všem
15563660	15565640	a děkuju za tu spolupráci.
15565940	15567120	Tak jako je to super
15567120	15568980	a vážím si toho.
15569260	15569940	Moc si toho vážím.
15570000	15570460	Děkuju moc.
15570460	15573360	Přijďeme se ve 202
15573360	15575640	a přijměte prosím také
15575640	15576740	ten malý dáreček
15576740	15578440	za ty čtyři roky práce.
15578640	15579320	Moc krát vám děkuju,
15579400	15580160	ať se vám všem daří
15580160	15581340	a hlavně ve zdraví vám
15581340	15582060	i vašim rodinám.
15582240	15582820	Moc krát děkuju.
15600460	15630440	Titulky vytvořil Jirka Jirka Jirka Jirka Jirka Jirka Jirka.
